config_id,target_id,payload,payload_bytes,ecc,mask,strategy,module_budget,actual_modified_modules,affected_codeword_count,max_flips_in_single_codeword,packing_efficiency,full_similarity_before,full_similarity_after,full_similarity_gain,penalty_total,jsqr_decode_status,opencv_decode_status,candidate_filename
T01_a_L,T01,a,1,L,3,A3_PACKED,0,0,0,0,0,0.4807,0.4807,0,372,EXACT,,A4_T01_a_L_packed_b0.png
T01_a_L,T01,a,1,L,3,A3_PACKED,1,1,1,1,1,0.4807,0.483,0.0023,366,EXACT,,A4_T01_a_L_packed_b1.png
T01_a_L,T01,a,1,L,3,A3_PACKED,2,2,1,2,2,0.4807,0.4853,0.0045,360,EXACT,,A4_T01_a_L_packed_b2.png
T01_a_L,T01,a,1,L,3,A3_PACKED,4,4,1,4,4,0.4807,0.4898,0.0091,360,EXACT,,A4_T01_a_L_packed_b4.png
T01_a_L,T01,a,1,L,3,A3_PACKED,6,6,1,6,6,0.4807,0.4943,0.0136,372,EXACT,,A4_T01_a_L_packed_b6.png
T01_a_L,T01,a,1,L,3,A3_PACKED,8,8,2,7,4,0.4807,0.4989,0.0181,341,EXACT,,A4_T01_a_L_packed_b8.png
T01_a_L,T01,a,1,L,3,A3_PACKED,10,10,2,7,5,0.4807,0.5034,0.0227,338,EXACT,,A4_T01_a_L_packed_b10.png
T01_a_L,T01,a,1,L,3,A3_PACKED,12,12,2,7,6,0.4807,0.5079,0.0272,350,EXACT,,A4_T01_a_L_packed_b12.png
T01_a_L,T01,a,1,L,3,A3_PACKED,16,16,3,7,5.333333,0.4807,0.517,0.0363,354,EXACT,,A4_T01_a_L_packed_b16.png
T01_a_L,T01,a,1,L,3,A3_PACKED,20,20,4,7,5,0.4807,0.5261,0.0454,359,NO_DETECTION,,A4_T01_a_L_packed_b20.png
T01_a_L,T01,a,1,L,3,A3_PACKED,24,24,5,7,4.8,0.4807,0.5351,0.0544,366,NO_DETECTION,,A4_T01_a_L_packed_b24.png
T01_a_L,T01,a,1,L,3,A3_PACKED,32,32,6,7,5.333333,0.4807,0.5533,0.0726,378,NO_DETECTION,,A4_T01_a_L_packed_b32.png
T01_a_L,T01,a,1,L,3,A3_PACKED,40,40,8,7,5,0.4807,0.5714,0.0907,418,NO_DETECTION,,A4_T01_a_L_packed_b40.png
T01_a_L,T01,a,1,L,3,A3_PACKED,48,48,10,7,4.8,0.4807,0.5896,0.1088,453,NO_DETECTION,,A4_T01_a_L_packed_b48.png
T01_a_L,T01,a,1,L,3,A3_PACKED,64,64,14,7,4.571429,0.4807,0.6259,0.1451,566,NO_DETECTION,,A4_T01_a_L_packed_b64.png
T01_a_L,T01,a,1,L,3,A3_PACKED,80,80,18,7,4.444444,0.4807,0.6621,0.1814,752,NO_DETECTION,,A4_T01_a_L_packed_b80.png
T01_a_L,T01,a,1,L,3,A3_PACKED,95,95,26,7,3.653846,0.4807,0.6961,0.2154,913,NO_DETECTION,,A4_T01_a_L_packed_b95.png
T01_a_M,T01,a,1,M,2,A3_PACKED,0,0,0,0,0,0.4989,0.4989,0,348,EXACT,,A4_T01_a_M_packed_b0.png
T01_a_M,T01,a,1,M,2,A3_PACKED,1,1,1,1,1,0.4989,0.5011,0.0023,342,EXACT,,A4_T01_a_M_packed_b1.png
T01_a_M,T01,a,1,M,2,A3_PACKED,2,2,1,2,2,0.4989,0.5034,0.0045,339,EXACT,,A4_T01_a_M_packed_b2.png
T01_a_M,T01,a,1,M,2,A3_PACKED,4,4,1,4,4,0.4989,0.5079,0.0091,339,EXACT,,A4_T01_a_M_packed_b4.png
T01_a_M,T01,a,1,M,2,A3_PACKED,6,6,1,6,6,0.4989,0.5125,0.0136,350,EXACT,,A4_T01_a_M_packed_b6.png
T01_a_M,T01,a,1,M,2,A3_PACKED,8,8,2,6,4,0.4989,0.517,0.0181,341,EXACT,,A4_T01_a_M_packed_b8.png
T01_a_M,T01,a,1,M,2,A3_PACKED,10,10,2,6,5,0.4989,0.5215,0.0227,344,EXACT,,A4_T01_a_M_packed_b10.png
T01_a_M,T01,a,1,M,2,A3_PACKED,12,12,2,6,6,0.4989,0.5261,0.0272,358,EXACT,,A4_T01_a_M_packed_b12.png
T01_a_M,T01,a,1,M,2,A3_PACKED,16,16,3,6,5.333333,0.4989,0.5351,0.0363,352,EXACT,,A4_T01_a_M_packed_b16.png
T01_a_M,T01,a,1,M,2,A3_PACKED,20,20,4,6,5,0.4989,0.5442,0.0454,363,EXACT,,A4_T01_a_M_packed_b20.png
T01_a_M,T01,a,1,M,2,A3_PACKED,24,24,4,6,6,0.4989,0.5533,0.0544,402,EXACT,,A4_T01_a_M_packed_b24.png
T01_a_M,T01,a,1,M,2,A3_PACKED,32,32,6,6,5.333333,0.4989,0.5714,0.0726,411,NO_DETECTION,,A4_T01_a_M_packed_b32.png
T01_a_M,T01,a,1,M,2,A3_PACKED,40,40,8,6,5,0.4989,0.5896,0.0907,466,NO_DETECTION,,A4_T01_a_M_packed_b40.png
T01_a_M,T01,a,1,M,2,A3_PACKED,48,48,9,6,5.333333,0.4989,0.6077,0.1088,529,NO_DETECTION,,A4_T01_a_M_packed_b48.png
T01_a_M,T01,a,1,M,2,A3_PACKED,64,64,13,6,4.923077,0.4989,0.644,0.1451,638,NO_DETECTION,,A4_T01_a_M_packed_b64.png
T01_a_M,T01,a,1,M,2,A3_PACKED,80,80,18,6,4.444444,0.4989,0.6803,0.1814,733,NO_DETECTION,,A4_T01_a_M_packed_b80.png
T01_a_M,T01,a,1,M,2,A3_PACKED,96,96,25,6,3.84,0.4989,0.7166,0.2177,937,NO_DETECTION,,A4_T01_a_M_packed_b96.png
T01_a_M,T01,a,1,M,2,A3_PACKED,97,97,26,6,3.730769,0.4989,0.7188,0.22,956,NO_DETECTION,,A4_T01_a_M_packed_b97.png
T01_a_Q,T01,a,1,Q,3,A3_PACKED,0,0,0,0,0,0.4898,0.4898,0,491,EXACT,,A4_T01_a_Q_packed_b0.png
T01_a_Q,T01,a,1,Q,3,A3_PACKED,1,1,1,1,1,0.4898,0.4921,0.0023,485,EXACT,,A4_T01_a_Q_packed_b1.png
T01_a_Q,T01,a,1,Q,3,A3_PACKED,2,2,1,2,2,0.4898,0.4943,0.0045,485,EXACT,,A4_T01_a_Q_packed_b2.png
T01_a_Q,T01,a,1,Q,3,A3_PACKED,4,4,1,4,4,0.4898,0.4989,0.0091,485,EXACT,,A4_T01_a_Q_packed_b4.png
T01_a_Q,T01,a,1,Q,3,A3_PACKED,6,6,1,6,6,0.4898,0.5034,0.0136,485,EXACT,,A4_T01_a_Q_packed_b6.png
T01_a_Q,T01,a,1,Q,3,A3_PACKED,8,8,2,6,4,0.4898,0.5079,0.0181,479,EXACT,,A4_T01_a_Q_packed_b8.png
T01_a_Q,T01,a,1,Q,3,A3_PACKED,10,10,2,6,5,0.4898,0.5125,0.0227,480,EXACT,,A4_T01_a_Q_packed_b10.png
T01_a_Q,T01,a,1,Q,3,A3_PACKED,12,12,2,6,6,0.4898,0.517,0.0272,501,EXACT,,A4_T01_a_Q_packed_b12.png
T01_a_Q,T01,a,1,Q,3,A3_PACKED,16,16,3,6,5.333333,0.4898,0.5261,0.0363,462,EXACT,,A4_T01_a_Q_packed_b16.png
T01_a_Q,T01,a,1,Q,3,A3_PACKED,20,20,4,6,5,0.4898,0.5351,0.0454,437,EXACT,,A4_T01_a_Q_packed_b20.png
T01_a_Q,T01,a,1,Q,3,A3_PACKED,24,24,5,6,4.8,0.4898,0.5442,0.0544,459,EXACT,,A4_T01_a_Q_packed_b24.png
T01_a_Q,T01,a,1,Q,3,A3_PACKED,32,32,6,6,5.333333,0.4898,0.5624,0.0726,477,EXACT,,A4_T01_a_Q_packed_b32.png
T01_a_Q,T01,a,1,Q,3,A3_PACKED,40,40,8,6,5,0.4898,0.5805,0.0907,511,NO_DETECTION,,A4_T01_a_Q_packed_b40.png
T01_a_Q,T01,a,1,Q,3,A3_PACKED,48,48,10,6,4.8,0.4898,0.5986,0.1088,509,NO_DETECTION,,A4_T01_a_Q_packed_b48.png
T01_a_Q,T01,a,1,Q,3,A3_PACKED,64,64,14,6,4.571429,0.4898,0.6349,0.1451,660,NO_DETECTION,,A4_T01_a_Q_packed_b64.png
T01_a_Q,T01,a,1,Q,3,A3_PACKED,80,80,20,6,4,0.4898,0.6712,0.1814,790,NO_DETECTION,,A4_T01_a_Q_packed_b80.png
T01_a_Q,T01,a,1,Q,3,A3_PACKED,89,89,26,6,3.423077,0.4898,0.6916,0.2018,902,NO_DETECTION,,A4_T01_a_Q_packed_b89.png
T01_a_H,T01,a,1,H,3,A3_PACKED,0,0,0,0,0,0.4898,0.4898,0,466,EXACT,,A4_T01_a_H_packed_b0.png
T01_a_H,T01,a,1,H,3,A3_PACKED,1,1,1,1,1,0.4898,0.4921,0.0023,460,EXACT,,A4_T01_a_H_packed_b1.png
T01_a_H,T01,a,1,H,3,A3_PACKED,2,2,1,2,2,0.4898,0.4943,0.0045,394,EXACT,,A4_T01_a_H_packed_b2.png
T01_a_H,T01,a,1,H,3,A3_PACKED,4,4,1,4,4,0.4898,0.4989,0.0091,414,EXACT,,A4_T01_a_H_packed_b4.png
T01_a_H,T01,a,1,H,3,A3_PACKED,6,6,1,6,6,0.4898,0.5034,0.0136,391,EXACT,,A4_T01_a_H_packed_b6.png
T01_a_H,T01,a,1,H,3,A3_PACKED,8,8,2,7,4,0.4898,0.5079,0.0181,395,EXACT,,A4_T01_a_H_packed_b8.png
T01_a_H,T01,a,1,H,3,A3_PACKED,10,10,2,7,5,0.4898,0.5125,0.0227,389,EXACT,,A4_T01_a_H_packed_b10.png
T01_a_H,T01,a,1,H,3,A3_PACKED,12,12,2,7,6,0.4898,0.517,0.0272,398,EXACT,,A4_T01_a_H_packed_b12.png
T01_a_H,T01,a,1,H,3,A3_PACKED,16,16,3,7,5.333333,0.4898,0.5261,0.0363,408,EXACT,,A4_T01_a_H_packed_b16.png
T01_a_H,T01,a,1,H,3,A3_PACKED,20,20,3,7,6.666667,0.4898,0.5351,0.0454,427,EXACT,,A4_T01_a_H_packed_b20.png
T01_a_H,T01,a,1,H,3,A3_PACKED,24,24,4,7,6,0.4898,0.5442,0.0544,439,EXACT,,A4_T01_a_H_packed_b24.png
T01_a_H,T01,a,1,H,3,A3_PACKED,32,32,5,7,6.4,0.4898,0.5624,0.0726,426,EXACT,,A4_T01_a_H_packed_b32.png
T01_a_H,T01,a,1,H,3,A3_PACKED,40,40,7,7,5.714286,0.4898,0.5805,0.0907,433,EXACT,,A4_T01_a_H_packed_b40.png
T01_a_H,T01,a,1,H,3,A3_PACKED,48,48,9,7,5.333333,0.4898,0.5986,0.1088,487,NO_DETECTION,,A4_T01_a_H_packed_b48.png
T01_a_H,T01,a,1,H,3,A3_PACKED,64,64,12,7,5.333333,0.4898,0.6349,0.1451,625,NO_DETECTION,,A4_T01_a_H_packed_b64.png
T01_a_H,T01,a,1,H,3,A3_PACKED,80,80,17,7,4.705882,0.4898,0.6712,0.1814,776,NO_DETECTION,,A4_T01_a_H_packed_b80.png
T01_a_H,T01,a,1,H,3,A3_PACKED,96,96,25,7,3.84,0.4898,0.7075,0.2177,941,NO_DETECTION,,A4_T01_a_H_packed_b96.png
T01_a_H,T01,a,1,H,3,A3_PACKED,97,97,26,7,3.730769,0.4898,0.7098,0.22,957,NO_DETECTION,,A4_T01_a_H_packed_b97.png
T01_g-co_L,T01,g.co,4,L,2,A3_PACKED,0,0,0,0,0,0.4717,0.4717,0,437,EXACT,,A4_T01_g-co_L_packed_b0.png
T01_g-co_L,T01,g.co,4,L,2,A3_PACKED,1,1,1,1,1,0.4717,0.4739,0.0023,426,EXACT,,A4_T01_g-co_L_packed_b1.png
T01_g-co_L,T01,g.co,4,L,2,A3_PACKED,2,2,1,2,2,0.4717,0.4762,0.0045,428,EXACT,,A4_T01_g-co_L_packed_b2.png
T01_g-co_L,T01,g.co,4,L,2,A3_PACKED,4,4,1,4,4,0.4717,0.4807,0.0091,431,EXACT,,A4_T01_g-co_L_packed_b4.png
T01_g-co_L,T01,g.co,4,L,2,A3_PACKED,6,6,1,6,6,0.4717,0.4853,0.0136,441,EXACT,,A4_T01_g-co_L_packed_b6.png
T01_g-co_L,T01,g.co,4,L,2,A3_PACKED,8,8,2,6,4,0.4717,0.4898,0.0181,436,EXACT,,A4_T01_g-co_L_packed_b8.png
T01_g-co_L,T01,g.co,4,L,2,A3_PACKED,10,10,2,6,5,0.4717,0.4943,0.0227,437,EXACT,,A4_T01_g-co_L_packed_b10.png
T01_g-co_L,T01,g.co,4,L,2,A3_PACKED,12,12,2,6,6,0.4717,0.4989,0.0272,460,EXACT,,A4_T01_g-co_L_packed_b12.png
T01_g-co_L,T01,g.co,4,L,2,A3_PACKED,16,16,3,6,5.333333,0.4717,0.5079,0.0363,463,EXACT,,A4_T01_g-co_L_packed_b16.png
T01_g-co_L,T01,g.co,4,L,2,A3_PACKED,20,20,4,6,5,0.4717,0.517,0.0454,442,NO_DETECTION,,A4_T01_g-co_L_packed_b20.png
T01_g-co_L,T01,g.co,4,L,2,A3_PACKED,24,24,5,6,4.8,0.4717,0.5261,0.0544,416,NO_DETECTION,,A4_T01_g-co_L_packed_b24.png
T01_g-co_L,T01,g.co,4,L,2,A3_PACKED,32,32,6,6,5.333333,0.4717,0.5442,0.0726,456,NO_DETECTION,,A4_T01_g-co_L_packed_b32.png
T01_g-co_L,T01,g.co,4,L,2,A3_PACKED,40,40,8,6,5,0.4717,0.5624,0.0907,500,NO_DETECTION,,A4_T01_g-co_L_packed_b40.png
T01_g-co_L,T01,g.co,4,L,2,A3_PACKED,48,48,9,6,5.333333,0.4717,0.5805,0.1088,586,NO_DETECTION,,A4_T01_g-co_L_packed_b48.png
T01_g-co_L,T01,g.co,4,L,2,A3_PACKED,64,64,13,6,4.923077,0.4717,0.6168,0.1451,590,NO_DETECTION,,A4_T01_g-co_L_packed_b64.png
T01_g-co_L,T01,g.co,4,L,2,A3_PACKED,80,80,17,6,4.705882,0.4717,0.6531,0.1814,694,NO_DETECTION,,A4_T01_g-co_L_packed_b80.png
T01_g-co_L,T01,g.co,4,L,2,A3_PACKED,96,96,23,6,4.173913,0.4717,0.6893,0.2177,839,NO_DETECTION,,A4_T01_g-co_L_packed_b96.png
T01_g-co_L,T01,g.co,4,L,2,A3_PACKED,101,101,26,6,3.884615,0.4717,0.7007,0.229,911,NO_DETECTION,,A4_T01_g-co_L_packed_b101.png
T01_g-co_M,T01,g.co,4,M,2,A3_PACKED,0,0,0,0,0,0.4898,0.4898,0,360,EXACT,,A4_T01_g-co_M_packed_b0.png
T01_g-co_M,T01,g.co,4,M,2,A3_PACKED,1,1,1,1,1,0.4898,0.4921,0.0023,351,EXACT,,A4_T01_g-co_M_packed_b1.png
T01_g-co_M,T01,g.co,4,M,2,A3_PACKED,2,2,1,2,2,0.4898,0.4943,0.0045,345,EXACT,,A4_T01_g-co_M_packed_b2.png
T01_g-co_M,T01,g.co,4,M,2,A3_PACKED,4,4,1,4,4,0.4898,0.4989,0.0091,342,EXACT,,A4_T01_g-co_M_packed_b4.png
T01_g-co_M,T01,g.co,4,M,2,A3_PACKED,6,6,1,6,6,0.4898,0.5034,0.0136,351,EXACT,,A4_T01_g-co_M_packed_b6.png
T01_g-co_M,T01,g.co,4,M,2,A3_PACKED,8,8,2,7,4,0.4898,0.5079,0.0181,315,EXACT,,A4_T01_g-co_M_packed_b8.png
T01_g-co_M,T01,g.co,4,M,2,A3_PACKED,10,10,2,7,5,0.4898,0.5125,0.0227,312,EXACT,,A4_T01_g-co_M_packed_b10.png
T01_g-co_M,T01,g.co,4,M,2,A3_PACKED,12,12,2,7,6,0.4898,0.517,0.0272,324,EXACT,,A4_T01_g-co_M_packed_b12.png
T01_g-co_M,T01,g.co,4,M,2,A3_PACKED,16,16,3,7,5.333333,0.4898,0.5261,0.0363,337,EXACT,,A4_T01_g-co_M_packed_b16.png
T01_g-co_M,T01,g.co,4,M,2,A3_PACKED,20,20,4,7,5,0.4898,0.5351,0.0454,361,EXACT,,A4_T01_g-co_M_packed_b20.png
T01_g-co_M,T01,g.co,4,M,2,A3_PACKED,24,24,4,7,6,0.4898,0.5442,0.0544,368,EXACT,,A4_T01_g-co_M_packed_b24.png
T01_g-co_M,T01,g.co,4,M,2,A3_PACKED,32,32,6,7,5.333333,0.4898,0.5624,0.0726,379,NO_DETECTION,,A4_T01_g-co_M_packed_b32.png
T01_g-co_M,T01,g.co,4,M,2,A3_PACKED,40,40,8,7,5,0.4898,0.5805,0.0907,438,NO_DETECTION,,A4_T01_g-co_M_packed_b40.png
T01_g-co_M,T01,g.co,4,M,2,A3_PACKED,48,48,9,7,5.333333,0.4898,0.5986,0.1088,508,NO_DETECTION,,A4_T01_g-co_M_packed_b48.png
T01_g-co_M,T01,g.co,4,M,2,A3_PACKED,64,64,13,7,4.923077,0.4898,0.6349,0.1451,553,NO_DETECTION,,A4_T01_g-co_M_packed_b64.png
T01_g-co_M,T01,g.co,4,M,2,A3_PACKED,80,80,17,7,4.705882,0.4898,0.6712,0.1814,706,NO_DETECTION,,A4_T01_g-co_M_packed_b80.png
T01_g-co_M,T01,g.co,4,M,2,A3_PACKED,96,96,23,7,4.173913,0.4898,0.7075,0.2177,888,NO_DETECTION,,A4_T01_g-co_M_packed_b96.png
T01_g-co_M,T01,g.co,4,M,2,A3_PACKED,101,101,26,7,3.884615,0.4898,0.7188,0.229,956,NO_DETECTION,,A4_T01_g-co_M_packed_b101.png
T01_g-co_Q,T01,g.co,4,Q,2,A3_PACKED,0,0,0,0,0,0.4853,0.4853,0,341,EXACT,,A4_T01_g-co_Q_packed_b0.png
T01_g-co_Q,T01,g.co,4,Q,2,A3_PACKED,1,1,1,1,1,0.4853,0.4875,0.0023,334,EXACT,,A4_T01_g-co_Q_packed_b1.png
T01_g-co_Q,T01,g.co,4,Q,2,A3_PACKED,2,2,1,2,2,0.4853,0.4898,0.0045,330,EXACT,,A4_T01_g-co_Q_packed_b2.png
T01_g-co_Q,T01,g.co,4,Q,2,A3_PACKED,4,4,1,4,4,0.4853,0.4943,0.0091,334,EXACT,,A4_T01_g-co_Q_packed_b4.png
T01_g-co_Q,T01,g.co,4,Q,2,A3_PACKED,6,6,1,6,6,0.4853,0.4989,0.0136,351,EXACT,,A4_T01_g-co_Q_packed_b6.png
T01_g-co_Q,T01,g.co,4,Q,2,A3_PACKED,8,8,2,6,4,0.4853,0.5034,0.0181,340,EXACT,,A4_T01_g-co_Q_packed_b8.png
T01_g-co_Q,T01,g.co,4,Q,2,A3_PACKED,10,10,2,6,5,0.4853,0.5079,0.0227,344,EXACT,,A4_T01_g-co_Q_packed_b10.png
T01_g-co_Q,T01,g.co,4,Q,2,A3_PACKED,12,12,2,6,6,0.4853,0.5125,0.0272,370,EXACT,,A4_T01_g-co_Q_packed_b12.png
T01_g-co_Q,T01,g.co,4,Q,2,A3_PACKED,16,16,3,6,5.333333,0.4853,0.5215,0.0363,336,EXACT,,A4_T01_g-co_Q_packed_b16.png
T01_g-co_Q,T01,g.co,4,Q,2,A3_PACKED,20,20,4,6,5,0.4853,0.5306,0.0454,345,EXACT,,A4_T01_g-co_Q_packed_b20.png
T01_g-co_Q,T01,g.co,4,Q,2,A3_PACKED,24,24,5,6,4.8,0.4853,0.5397,0.0544,360,EXACT,,A4_T01_g-co_Q_packed_b24.png
T01_g-co_Q,T01,g.co,4,Q,2,A3_PACKED,32,32,6,6,5.333333,0.4853,0.5578,0.0726,446,EXACT,,A4_T01_g-co_Q_packed_b32.png
T01_g-co_Q,T01,g.co,4,Q,2,A3_PACKED,40,40,8,6,5,0.4853,0.576,0.0907,425,NO_DETECTION,,A4_T01_g-co_Q_packed_b40.png
T01_g-co_Q,T01,g.co,4,Q,2,A3_PACKED,48,48,10,6,4.8,0.4853,0.5941,0.1088,446,NO_DETECTION,,A4_T01_g-co_Q_packed_b48.png
T01_g-co_Q,T01,g.co,4,Q,2,A3_PACKED,64,64,14,6,4.571429,0.4853,0.6304,0.1451,547,NO_DETECTION,,A4_T01_g-co_Q_packed_b64.png
T01_g-co_Q,T01,g.co,4,Q,2,A3_PACKED,80,80,19,6,4.210526,0.4853,0.6667,0.1814,704,NO_DETECTION,,A4_T01_g-co_Q_packed_b80.png
T01_g-co_Q,T01,g.co,4,Q,2,A3_PACKED,96,96,25,6,3.84,0.4853,0.7029,0.2177,927,NO_DETECTION,,A4_T01_g-co_Q_packed_b96.png
T01_g-co_Q,T01,g.co,4,Q,2,A3_PACKED,97,97,26,6,3.730769,0.4853,0.7052,0.22,937,NO_DETECTION,,A4_T01_g-co_Q_packed_b97.png
T01_g-co_H,T01,g.co,4,H,6,A3_PACKED,0,0,0,0,0,0.4943,0.4943,0,370,EXACT,,A4_T01_g-co_H_packed_b0.png
T01_g-co_H,T01,g.co,4,H,6,A3_PACKED,1,1,1,1,1,0.4943,0.4966,0.0023,364,EXACT,,A4_T01_g-co_H_packed_b1.png
T01_g-co_H,T01,g.co,4,H,6,A3_PACKED,2,2,1,2,2,0.4943,0.4989,0.0045,327,EXACT,,A4_T01_g-co_H_packed_b2.png
T01_g-co_H,T01,g.co,4,H,6,A3_PACKED,4,4,1,4,4,0.4943,0.5034,0.0091,336,EXACT,,A4_T01_g-co_H_packed_b4.png
T01_g-co_H,T01,g.co,4,H,6,A3_PACKED,6,6,1,6,6,0.4943,0.5079,0.0136,352,EXACT,,A4_T01_g-co_H_packed_b6.png
T01_g-co_H,T01,g.co,4,H,6,A3_PACKED,8,8,2,6,4,0.4943,0.5125,0.0181,337,EXACT,,A4_T01_g-co_H_packed_b8.png
T01_g-co_H,T01,g.co,4,H,6,A3_PACKED,10,10,2,6,5,0.4943,0.517,0.0227,341,EXACT,,A4_T01_g-co_H_packed_b10.png
T01_g-co_H,T01,g.co,4,H,6,A3_PACKED,12,12,2,6,6,0.4943,0.5215,0.0272,359,EXACT,,A4_T01_g-co_H_packed_b12.png
T01_g-co_H,T01,g.co,4,H,6,A3_PACKED,16,16,3,6,5.333333,0.4943,0.5306,0.0363,347,EXACT,,A4_T01_g-co_H_packed_b16.png
T01_g-co_H,T01,g.co,4,H,6,A3_PACKED,20,20,4,6,5,0.4943,0.5397,0.0454,362,EXACT,,A4_T01_g-co_H_packed_b20.png
T01_g-co_H,T01,g.co,4,H,6,A3_PACKED,24,24,4,6,6,0.4943,0.5488,0.0544,389,EXACT,,A4_T01_g-co_H_packed_b24.png
T01_g-co_H,T01,g.co,4,H,6,A3_PACKED,32,32,6,6,5.333333,0.4943,0.5669,0.0726,423,EXACT,,A4_T01_g-co_H_packed_b32.png
T01_g-co_H,T01,g.co,4,H,6,A3_PACKED,40,40,7,6,5.714286,0.4943,0.585,0.0907,473,EXACT,,A4_T01_g-co_H_packed_b40.png
T01_g-co_H,T01,g.co,4,H,6,A3_PACKED,48,48,9,6,5.333333,0.4943,0.6032,0.1088,493,NO_DETECTION,,A4_T01_g-co_H_packed_b48.png
T01_g-co_H,T01,g.co,4,H,6,A3_PACKED,64,64,13,6,4.923077,0.4943,0.6395,0.1451,606,NO_DETECTION,,A4_T01_g-co_H_packed_b64.png
T01_g-co_H,T01,g.co,4,H,6,A3_PACKED,80,80,19,6,4.210526,0.4943,0.6757,0.1814,748,NO_DETECTION,,A4_T01_g-co_H_packed_b80.png
T01_g-co_H,T01,g.co,4,H,6,A3_PACKED,93,93,26,6,3.576923,0.4943,0.7052,0.2109,939,NO_DETECTION,,A4_T01_g-co_H_packed_b93.png
T01_abcdefg_L,T01,abcdefg,7,L,0,A3_PACKED,0,0,0,0,0,0.4807,0.4807,0,357,EXACT,,A4_T01_abcdefg_L_packed_b0.png
T01_abcdefg_L,T01,abcdefg,7,L,0,A3_PACKED,1,1,1,1,1,0.4807,0.483,0.0023,351,EXACT,,A4_T01_abcdefg_L_packed_b1.png
T01_abcdefg_L,T01,abcdefg,7,L,0,A3_PACKED,2,2,1,2,2,0.4807,0.4853,0.0045,344,EXACT,,A4_T01_abcdefg_L_packed_b2.png
T01_abcdefg_L,T01,abcdefg,7,L,0,A3_PACKED,4,4,1,4,4,0.4807,0.4898,0.0091,344,EXACT,,A4_T01_abcdefg_L_packed_b4.png
T01_abcdefg_L,T01,abcdefg,7,L,0,A3_PACKED,6,6,1,6,6,0.4807,0.4943,0.0136,362,EXACT,,A4_T01_abcdefg_L_packed_b6.png
T01_abcdefg_L,T01,abcdefg,7,L,0,A3_PACKED,8,8,2,7,4,0.4807,0.4989,0.0181,372,EXACT,,A4_T01_abcdefg_L_packed_b8.png
T01_abcdefg_L,T01,abcdefg,7,L,0,A3_PACKED,10,10,2,7,5,0.4807,0.5034,0.0227,372,EXACT,,A4_T01_abcdefg_L_packed_b10.png
T01_abcdefg_L,T01,abcdefg,7,L,0,A3_PACKED,12,12,2,7,6,0.4807,0.5079,0.0272,375,EXACT,,A4_T01_abcdefg_L_packed_b12.png
T01_abcdefg_L,T01,abcdefg,7,L,0,A3_PACKED,16,16,3,7,5.333333,0.4807,0.517,0.0363,397,EXACT,,A4_T01_abcdefg_L_packed_b16.png
T01_abcdefg_L,T01,abcdefg,7,L,0,A3_PACKED,20,20,3,7,6.666667,0.4807,0.5261,0.0454,405,EXACT,,A4_T01_abcdefg_L_packed_b20.png
T01_abcdefg_L,T01,abcdefg,7,L,0,A3_PACKED,24,24,4,7,6,0.4807,0.5351,0.0544,408,NO_DETECTION,,A4_T01_abcdefg_L_packed_b24.png
T01_abcdefg_L,T01,abcdefg,7,L,0,A3_PACKED,32,32,6,7,5.333333,0.4807,0.5533,0.0726,446,NO_DETECTION,,A4_T01_abcdefg_L_packed_b32.png
T01_abcdefg_L,T01,abcdefg,7,L,0,A3_PACKED,40,40,7,7,5.714286,0.4807,0.5714,0.0907,467,NO_DETECTION,,A4_T01_abcdefg_L_packed_b40.png
T01_abcdefg_L,T01,abcdefg,7,L,0,A3_PACKED,48,48,9,7,5.333333,0.4807,0.5896,0.1088,517,NO_DETECTION,,A4_T01_abcdefg_L_packed_b48.png
T01_abcdefg_L,T01,abcdefg,7,L,0,A3_PACKED,64,64,13,7,4.923077,0.4807,0.6259,0.1451,573,NO_DETECTION,,A4_T01_abcdefg_L_packed_b64.png
T01_abcdefg_L,T01,abcdefg,7,L,0,A3_PACKED,80,80,17,7,4.705882,0.4807,0.6621,0.1814,703,NO_DETECTION,,A4_T01_abcdefg_L_packed_b80.png
T01_abcdefg_L,T01,abcdefg,7,L,0,A3_PACKED,96,96,23,7,4.173913,0.4807,0.6984,0.2177,901,NO_DETECTION,,A4_T01_abcdefg_L_packed_b96.png
T01_abcdefg_L,T01,abcdefg,7,L,0,A3_PACKED,99,99,25,7,3.96,0.4807,0.7052,0.2245,944,NO_DETECTION,,A4_T01_abcdefg_L_packed_b99.png
T01_abcdefg_M,T01,abcdefg,7,M,3,A3_PACKED,0,0,0,0,0,0.4807,0.4807,0,475,EXACT,,A4_T01_abcdefg_M_packed_b0.png
T01_abcdefg_M,T01,abcdefg,7,M,3,A3_PACKED,1,1,1,1,1,0.4807,0.483,0.0023,431,EXACT,,A4_T01_abcdefg_M_packed_b1.png
T01_abcdefg_M,T01,abcdefg,7,M,3,A3_PACKED,2,2,1,2,2,0.4807,0.4853,0.0045,425,EXACT,,A4_T01_abcdefg_M_packed_b2.png
T01_abcdefg_M,T01,abcdefg,7,M,3,A3_PACKED,4,4,1,4,4,0.4807,0.4898,0.0091,423,EXACT,,A4_T01_abcdefg_M_packed_b4.png
T01_abcdefg_M,T01,abcdefg,7,M,3,A3_PACKED,6,6,1,6,6,0.4807,0.4943,0.0136,442,EXACT,,A4_T01_abcdefg_M_packed_b6.png
T01_abcdefg_M,T01,abcdefg,7,M,3,A3_PACKED,8,8,2,6,4,0.4807,0.4989,0.0181,392,EXACT,,A4_T01_abcdefg_M_packed_b8.png
T01_abcdefg_M,T01,abcdefg,7,M,3,A3_PACKED,10,10,2,6,5,0.4807,0.5034,0.0227,390,EXACT,,A4_T01_abcdefg_M_packed_b10.png
T01_abcdefg_M,T01,abcdefg,7,M,3,A3_PACKED,12,12,2,6,6,0.4807,0.5079,0.0272,411,EXACT,,A4_T01_abcdefg_M_packed_b12.png
T01_abcdefg_M,T01,abcdefg,7,M,3,A3_PACKED,16,16,3,6,5.333333,0.4807,0.517,0.0363,361,EXACT,,A4_T01_abcdefg_M_packed_b16.png
T01_abcdefg_M,T01,abcdefg,7,M,3,A3_PACKED,20,20,4,6,5,0.4807,0.5261,0.0454,372,EXACT,,A4_T01_abcdefg_M_packed_b20.png
T01_abcdefg_M,T01,abcdefg,7,M,3,A3_PACKED,24,24,5,6,4.8,0.4807,0.5351,0.0544,377,EXACT,,A4_T01_abcdefg_M_packed_b24.png
T01_abcdefg_M,T01,abcdefg,7,M,3,A3_PACKED,32,32,6,6,5.333333,0.4807,0.5533,0.0726,412,NO_DETECTION,,A4_T01_abcdefg_M_packed_b32.png
T01_abcdefg_M,T01,abcdefg,7,M,3,A3_PACKED,40,40,8,6,5,0.4807,0.5714,0.0907,446,NO_DETECTION,,A4_T01_abcdefg_M_packed_b40.png
T01_abcdefg_M,T01,abcdefg,7,M,3,A3_PACKED,48,48,10,6,4.8,0.4807,0.5896,0.1088,507,NO_DETECTION,,A4_T01_abcdefg_M_packed_b48.png
T01_abcdefg_M,T01,abcdefg,7,M,3,A3_PACKED,64,64,14,6,4.571429,0.4807,0.6259,0.1451,632,NO_DETECTION,,A4_T01_abcdefg_M_packed_b64.png
T01_abcdefg_M,T01,abcdefg,7,M,3,A3_PACKED,80,80,19,6,4.210526,0.4807,0.6621,0.1814,733,NO_DETECTION,,A4_T01_abcdefg_M_packed_b80.png
T01_abcdefg_M,T01,abcdefg,7,M,3,A3_PACKED,95,95,26,6,3.653846,0.4807,0.6961,0.2154,892,NO_DETECTION,,A4_T01_abcdefg_M_packed_b95.png
T01_abcdefg_Q,T01,abcdefg,7,Q,2,A3_PACKED,0,0,0,0,0,0.4853,0.4853,0,360,EXACT,,A4_T01_abcdefg_Q_packed_b0.png
T01_abcdefg_Q,T01,abcdefg,7,Q,2,A3_PACKED,1,1,1,1,1,0.4853,0.4875,0.0023,354,EXACT,,A4_T01_abcdefg_Q_packed_b1.png
T01_abcdefg_Q,T01,abcdefg,7,Q,2,A3_PACKED,2,2,1,2,2,0.4853,0.4898,0.0045,351,EXACT,,A4_T01_abcdefg_Q_packed_b2.png
T01_abcdefg_Q,T01,abcdefg,7,Q,2,A3_PACKED,4,4,1,4,4,0.4853,0.4943,0.0091,351,EXACT,,A4_T01_abcdefg_Q_packed_b4.png
T01_abcdefg_Q,T01,abcdefg,7,Q,2,A3_PACKED,6,6,1,6,6,0.4853,0.4989,0.0136,365,EXACT,,A4_T01_abcdefg_Q_packed_b6.png
T01_abcdefg_Q,T01,abcdefg,7,Q,2,A3_PACKED,8,8,2,6,4,0.4853,0.5034,0.0181,356,EXACT,,A4_T01_abcdefg_Q_packed_b8.png
T01_abcdefg_Q,T01,abcdefg,7,Q,2,A3_PACKED,10,10,2,6,5,0.4853,0.5079,0.0227,356,EXACT,,A4_T01_abcdefg_Q_packed_b10.png
T01_abcdefg_Q,T01,abcdefg,7,Q,2,A3_PACKED,12,12,2,6,6,0.4853,0.5125,0.0272,379,EXACT,,A4_T01_abcdefg_Q_packed_b12.png
T01_abcdefg_Q,T01,abcdefg,7,Q,2,A3_PACKED,16,16,3,6,5.333333,0.4853,0.5215,0.0363,380,EXACT,,A4_T01_abcdefg_Q_packed_b16.png
T01_abcdefg_Q,T01,abcdefg,7,Q,2,A3_PACKED,20,20,4,6,5,0.4853,0.5306,0.0454,362,EXACT,,A4_T01_abcdefg_Q_packed_b20.png
T01_abcdefg_Q,T01,abcdefg,7,Q,2,A3_PACKED,24,24,5,6,4.8,0.4853,0.5397,0.0544,373,EXACT,,A4_T01_abcdefg_Q_packed_b24.png
T01_abcdefg_Q,T01,abcdefg,7,Q,2,A3_PACKED,32,32,6,6,5.333333,0.4853,0.5578,0.0726,413,EXACT,,A4_T01_abcdefg_Q_packed_b32.png
T01_abcdefg_Q,T01,abcdefg,7,Q,2,A3_PACKED,40,40,8,6,5,0.4853,0.576,0.0907,454,NO_DETECTION,,A4_T01_abcdefg_Q_packed_b40.png
T01_abcdefg_Q,T01,abcdefg,7,Q,2,A3_PACKED,48,48,9,6,5.333333,0.4853,0.5941,0.1088,526,NO_DETECTION,,A4_T01_abcdefg_Q_packed_b48.png
T01_abcdefg_Q,T01,abcdefg,7,Q,2,A3_PACKED,64,64,13,6,4.923077,0.4853,0.6304,0.1451,605,NO_DETECTION,,A4_T01_abcdefg_Q_packed_b64.png
T01_abcdefg_Q,T01,abcdefg,7,Q,2,A3_PACKED,80,80,18,6,4.444444,0.4853,0.6667,0.1814,729,NO_DETECTION,,A4_T01_abcdefg_Q_packed_b80.png
T01_abcdefg_Q,T01,abcdefg,7,Q,2,A3_PACKED,96,96,25,6,3.84,0.4853,0.7029,0.2177,924,NO_DETECTION,,A4_T01_abcdefg_Q_packed_b96.png
T01_abcdefg_Q,T01,abcdefg,7,Q,2,A3_PACKED,97,97,26,6,3.730769,0.4853,0.7052,0.22,937,NO_DETECTION,,A4_T01_abcdefg_Q_packed_b97.png
T01_abcdefg_H,T01,abcdefg,7,H,1,A3_PACKED,0,0,0,0,0,0.4898,0.4898,0,489,EXACT,,A4_T01_abcdefg_H_packed_b0.png
T01_abcdefg_H,T01,abcdefg,7,H,1,A3_PACKED,1,1,1,1,1,0.4898,0.4921,0.0023,478,EXACT,,A4_T01_abcdefg_H_packed_b1.png
T01_abcdefg_H,T01,abcdefg,7,H,1,A3_PACKED,2,2,1,2,2,0.4898,0.4943,0.0045,478,EXACT,,A4_T01_abcdefg_H_packed_b2.png
T01_abcdefg_H,T01,abcdefg,7,H,1,A3_PACKED,4,4,1,4,4,0.4898,0.4989,0.0091,481,EXACT,,A4_T01_abcdefg_H_packed_b4.png
T01_abcdefg_H,T01,abcdefg,7,H,1,A3_PACKED,6,6,1,6,6,0.4898,0.5034,0.0136,487,EXACT,,A4_T01_abcdefg_H_packed_b6.png
T01_abcdefg_H,T01,abcdefg,7,H,1,A3_PACKED,8,8,2,7,4,0.4898,0.5079,0.0181,492,EXACT,,A4_T01_abcdefg_H_packed_b8.png
T01_abcdefg_H,T01,abcdefg,7,H,1,A3_PACKED,10,10,2,7,5,0.4898,0.5125,0.0227,490,EXACT,,A4_T01_abcdefg_H_packed_b10.png
T01_abcdefg_H,T01,abcdefg,7,H,1,A3_PACKED,12,12,2,7,6,0.4898,0.517,0.0272,505,EXACT,,A4_T01_abcdefg_H_packed_b12.png
T01_abcdefg_H,T01,abcdefg,7,H,1,A3_PACKED,16,16,3,7,5.333333,0.4898,0.5261,0.0363,508,EXACT,,A4_T01_abcdefg_H_packed_b16.png
T01_abcdefg_H,T01,abcdefg,7,H,1,A3_PACKED,20,20,4,7,5,0.4898,0.5351,0.0454,495,EXACT,,A4_T01_abcdefg_H_packed_b20.png
T01_abcdefg_H,T01,abcdefg,7,H,1,A3_PACKED,24,24,5,7,4.8,0.4898,0.5442,0.0544,494,EXACT,,A4_T01_abcdefg_H_packed_b24.png
T01_abcdefg_H,T01,abcdefg,7,H,1,A3_PACKED,32,32,6,7,5.333333,0.4898,0.5624,0.0726,512,EXACT,,A4_T01_abcdefg_H_packed_b32.png
T01_abcdefg_H,T01,abcdefg,7,H,1,A3_PACKED,40,40,8,7,5,0.4898,0.5805,0.0907,524,EXACT,,A4_T01_abcdefg_H_packed_b40.png
T01_abcdefg_H,T01,abcdefg,7,H,1,A3_PACKED,48,48,9,7,5.333333,0.4898,0.5986,0.1088,567,NO_DETECTION,,A4_T01_abcdefg_H_packed_b48.png
T01_abcdefg_H,T01,abcdefg,7,H,1,A3_PACKED,64,64,13,7,4.923077,0.4898,0.6349,0.1451,634,NO_DETECTION,,A4_T01_abcdefg_H_packed_b64.png
T01_abcdefg_H,T01,abcdefg,7,H,1,A3_PACKED,80,80,18,7,4.444444,0.4898,0.6712,0.1814,710,NO_DETECTION,,A4_T01_abcdefg_H_packed_b80.png
T01_abcdefg_H,T01,abcdefg,7,H,1,A3_PACKED,96,96,24,7,4,0.4898,0.7075,0.2177,922,NO_DETECTION,,A4_T01_abcdefg_H_packed_b96.png
T01_abcdefg_H,T01,abcdefg,7,H,1,A3_PACKED,99,99,26,7,3.807692,0.4898,0.7143,0.2245,955,NO_DETECTION,,A4_T01_abcdefg_H_packed_b99.png
T02_a_L,T02,a,1,L,2,A3_PACKED,0,0,0,0,0,0.4943,0.4943,0,457,EXACT,,A4_T02_a_L_packed_b0.png
T02_a_L,T02,a,1,L,2,A3_PACKED,1,1,1,1,1,0.4943,0.4966,0.0023,447,EXACT,,A4_T02_a_L_packed_b1.png
T02_a_L,T02,a,1,L,2,A3_PACKED,2,2,1,2,2,0.4943,0.4989,0.0045,444,EXACT,,A4_T02_a_L_packed_b2.png
T02_a_L,T02,a,1,L,2,A3_PACKED,4,4,1,4,4,0.4943,0.5034,0.0091,448,EXACT,,A4_T02_a_L_packed_b4.png
T02_a_L,T02,a,1,L,2,A3_PACKED,6,6,1,6,6,0.4943,0.5079,0.0136,450,EXACT,,A4_T02_a_L_packed_b6.png
T02_a_L,T02,a,1,L,2,A3_PACKED,8,8,2,6,4,0.4943,0.5125,0.0181,437,EXACT,,A4_T02_a_L_packed_b8.png
T02_a_L,T02,a,1,L,2,A3_PACKED,10,10,2,6,5,0.4943,0.517,0.0227,441,EXACT,,A4_T02_a_L_packed_b10.png
T02_a_L,T02,a,1,L,2,A3_PACKED,12,12,2,6,6,0.4943,0.5215,0.0272,452,EXACT,,A4_T02_a_L_packed_b12.png
T02_a_L,T02,a,1,L,2,A3_PACKED,16,16,3,6,5.333333,0.4943,0.5306,0.0363,443,EXACT,,A4_T02_a_L_packed_b16.png
T02_a_L,T02,a,1,L,2,A3_PACKED,20,20,4,6,5,0.4943,0.5397,0.0454,447,NO_DETECTION,,A4_T02_a_L_packed_b20.png
T02_a_L,T02,a,1,L,2,A3_PACKED,24,24,4,6,6,0.4943,0.5488,0.0544,484,NO_DETECTION,,A4_T02_a_L_packed_b24.png
T02_a_L,T02,a,1,L,2,A3_PACKED,32,32,6,6,5.333333,0.4943,0.5669,0.0726,442,NO_DETECTION,,A4_T02_a_L_packed_b32.png
T02_a_L,T02,a,1,L,2,A3_PACKED,40,40,8,6,5,0.4943,0.585,0.0907,427,NO_DETECTION,,A4_T02_a_L_packed_b40.png
T02_a_L,T02,a,1,L,2,A3_PACKED,48,48,10,6,4.8,0.4943,0.6032,0.1088,447,NO_DETECTION,,A4_T02_a_L_packed_b48.png
T02_a_L,T02,a,1,L,2,A3_PACKED,64,64,14,6,4.571429,0.4943,0.6395,0.1451,523,NO_DETECTION,,A4_T02_a_L_packed_b64.png
T02_a_L,T02,a,1,L,2,A3_PACKED,80,80,19,6,4.210526,0.4943,0.6757,0.1814,667,NO_DETECTION,,A4_T02_a_L_packed_b80.png
T02_a_L,T02,a,1,L,2,A3_PACKED,95,95,26,6,3.653846,0.4943,0.7098,0.2154,837,NO_DETECTION,,A4_T02_a_L_packed_b95.png
T02_a_M,T02,a,1,M,2,A3_PACKED,0,0,0,0,0,0.5079,0.5079,0,348,EXACT,,A4_T02_a_M_packed_b0.png
T02_a_M,T02,a,1,M,2,A3_PACKED,1,1,1,1,1,0.5079,0.5102,0.0023,337,EXACT,,A4_T02_a_M_packed_b1.png
T02_a_M,T02,a,1,M,2,A3_PACKED,2,2,1,2,2,0.5079,0.5125,0.0045,337,EXACT,,A4_T02_a_M_packed_b2.png
T02_a_M,T02,a,1,M,2,A3_PACKED,4,4,1,4,4,0.5079,0.517,0.0091,339,EXACT,,A4_T02_a_M_packed_b4.png
T02_a_M,T02,a,1,M,2,A3_PACKED,6,6,1,6,6,0.5079,0.5215,0.0136,340,EXACT,,A4_T02_a_M_packed_b6.png
T02_a_M,T02,a,1,M,2,A3_PACKED,8,8,2,6,4,0.5079,0.5261,0.0181,331,EXACT,,A4_T02_a_M_packed_b8.png
T02_a_M,T02,a,1,M,2,A3_PACKED,10,10,2,6,5,0.5079,0.5306,0.0227,331,EXACT,,A4_T02_a_M_packed_b10.png
T02_a_M,T02,a,1,M,2,A3_PACKED,12,12,2,6,6,0.5079,0.5351,0.0272,342,EXACT,,A4_T02_a_M_packed_b12.png
T02_a_M,T02,a,1,M,2,A3_PACKED,16,16,3,6,5.333333,0.5079,0.5442,0.0363,335,EXACT,,A4_T02_a_M_packed_b16.png
T02_a_M,T02,a,1,M,2,A3_PACKED,20,20,4,6,5,0.5079,0.5533,0.0454,347,EXACT,,A4_T02_a_M_packed_b20.png
T02_a_M,T02,a,1,M,2,A3_PACKED,24,24,4,6,6,0.5079,0.5624,0.0544,371,EXACT,,A4_T02_a_M_packed_b24.png
T02_a_M,T02,a,1,M,2,A3_PACKED,32,32,6,6,5.333333,0.5079,0.5805,0.0726,365,NO_DETECTION,,A4_T02_a_M_packed_b32.png
T02_a_M,T02,a,1,M,2,A3_PACKED,40,40,8,6,5,0.5079,0.5986,0.0907,394,NO_DETECTION,,A4_T02_a_M_packed_b40.png
T02_a_M,T02,a,1,M,2,A3_PACKED,48,48,9,6,5.333333,0.5079,0.6168,0.1088,427,NO_DETECTION,,A4_T02_a_M_packed_b48.png
T02_a_M,T02,a,1,M,2,A3_PACKED,64,64,13,6,4.923077,0.5079,0.6531,0.1451,520,NO_DETECTION,,A4_T02_a_M_packed_b64.png
T02_a_M,T02,a,1,M,2,A3_PACKED,80,80,19,6,4.210526,0.5079,0.6893,0.1814,588,NO_DETECTION,,A4_T02_a_M_packed_b80.png
T02_a_M,T02,a,1,M,2,A3_PACKED,96,96,25,6,3.84,0.5079,0.7256,0.2177,786,NO_DETECTION,,A4_T02_a_M_packed_b96.png
T02_a_M,T02,a,1,M,2,A3_PACKED,97,97,26,6,3.730769,0.5079,0.7279,0.22,805,NO_DETECTION,,A4_T02_a_M_packed_b97.png
T02_a_Q,T02,a,1,Q,0,A3_PACKED,0,0,0,0,0,0.5079,0.5079,0,246,EXACT,,A4_T02_a_Q_packed_b0.png
T02_a_Q,T02,a,1,Q,0,A3_PACKED,1,1,1,1,1,0.5079,0.5102,0.0023,240,EXACT,,A4_T02_a_Q_packed_b1.png
T02_a_Q,T02,a,1,Q,0,A3_PACKED,2,2,1,2,2,0.5079,0.5125,0.0045,240,EXACT,,A4_T02_a_Q_packed_b2.png
T02_a_Q,T02,a,1,Q,0,A3_PACKED,4,4,1,4,4,0.5079,0.517,0.0091,243,EXACT,,A4_T02_a_Q_packed_b4.png
T02_a_Q,T02,a,1,Q,0,A3_PACKED,6,6,1,6,6,0.5079,0.5215,0.0136,267,EXACT,,A4_T02_a_Q_packed_b6.png
T02_a_Q,T02,a,1,Q,0,A3_PACKED,8,8,2,6,4,0.5079,0.5261,0.0181,264,EXACT,,A4_T02_a_Q_packed_b8.png
T02_a_Q,T02,a,1,Q,0,A3_PACKED,10,10,2,6,5,0.5079,0.5306,0.0227,259,EXACT,,A4_T02_a_Q_packed_b10.png
T02_a_Q,T02,a,1,Q,0,A3_PACKED,12,12,3,6,4,0.5079,0.5351,0.0272,266,EXACT,,A4_T02_a_Q_packed_b12.png
T02_a_Q,T02,a,1,Q,0,A3_PACKED,16,16,3,6,5.333333,0.5079,0.5442,0.0363,277,EXACT,,A4_T02_a_Q_packed_b16.png
T02_a_Q,T02,a,1,Q,0,A3_PACKED,20,20,4,6,5,0.5079,0.5533,0.0454,280,EXACT,,A4_T02_a_Q_packed_b20.png
T02_a_Q,T02,a,1,Q,0,A3_PACKED,24,24,5,6,4.8,0.5079,0.5624,0.0544,291,EXACT,,A4_T02_a_Q_packed_b24.png
T02_a_Q,T02,a,1,Q,0,A3_PACKED,32,32,7,6,4.571429,0.5079,0.5805,0.0726,322,NO_DETECTION,,A4_T02_a_Q_packed_b32.png
T02_a_Q,T02,a,1,Q,0,A3_PACKED,40,40,9,6,4.444444,0.5079,0.5986,0.0907,350,NO_DETECTION,,A4_T02_a_Q_packed_b40.png
T02_a_Q,T02,a,1,Q,0,A3_PACKED,48,48,11,6,4.363636,0.5079,0.6168,0.1088,392,NO_DETECTION,,A4_T02_a_Q_packed_b48.png
T02_a_Q,T02,a,1,Q,0,A3_PACKED,64,64,15,6,4.266667,0.5079,0.6531,0.1451,510,NO_DETECTION,,A4_T02_a_Q_packed_b64.png
T02_a_Q,T02,a,1,Q,0,A3_PACKED,80,80,20,6,4,0.5079,0.6893,0.1814,624,NO_DETECTION,,A4_T02_a_Q_packed_b80.png
T02_a_Q,T02,a,1,Q,0,A3_PACKED,93,93,26,6,3.576923,0.5079,0.7188,0.2109,768,NO_DETECTION,,A4_T02_a_Q_packed_b93.png
T02_a_H,T02,a,1,H,7,A3_PACKED,0,0,0,0,0,0.517,0.517,0,418,EXACT,,A4_T02_a_H_packed_b0.png
T02_a_H,T02,a,1,H,7,A3_PACKED,1,1,1,1,1,0.517,0.5193,0.0023,412,EXACT,,A4_T02_a_H_packed_b1.png
T02_a_H,T02,a,1,H,7,A3_PACKED,2,2,1,2,2,0.517,0.5215,0.0045,409,EXACT,,A4_T02_a_H_packed_b2.png
T02_a_H,T02,a,1,H,7,A3_PACKED,4,4,1,4,4,0.517,0.5261,0.0091,403,EXACT,,A4_T02_a_H_packed_b4.png
T02_a_H,T02,a,1,H,7,A3_PACKED,6,6,2,5,3,0.517,0.5306,0.0136,397,EXACT,,A4_T02_a_H_packed_b6.png
T02_a_H,T02,a,1,H,7,A3_PACKED,8,8,2,5,4,0.517,0.5351,0.0181,384,EXACT,,A4_T02_a_H_packed_b8.png
T02_a_H,T02,a,1,H,7,A3_PACKED,10,10,2,5,5,0.517,0.5397,0.0227,409,EXACT,,A4_T02_a_H_packed_b10.png
T02_a_H,T02,a,1,H,7,A3_PACKED,12,12,3,5,4,0.517,0.5442,0.0272,409,EXACT,,A4_T02_a_H_packed_b12.png
T02_a_H,T02,a,1,H,7,A3_PACKED,16,16,4,5,4,0.517,0.5533,0.0363,424,EXACT,,A4_T02_a_H_packed_b16.png
T02_a_H,T02,a,1,H,7,A3_PACKED,20,20,4,5,5,0.517,0.5624,0.0454,451,EXACT,,A4_T02_a_H_packed_b20.png
T02_a_H,T02,a,1,H,7,A3_PACKED,24,24,5,5,4.8,0.517,0.5714,0.0544,464,EXACT,,A4_T02_a_H_packed_b24.png
T02_a_H,T02,a,1,H,7,A3_PACKED,32,32,7,5,4.571429,0.517,0.5896,0.0726,526,EXACT,,A4_T02_a_H_packed_b32.png
T02_a_H,T02,a,1,H,7,A3_PACKED,40,40,9,5,4.444444,0.517,0.6077,0.0907,553,NO_DETECTION,,A4_T02_a_H_packed_b40.png
T02_a_H,T02,a,1,H,7,A3_PACKED,48,48,11,5,4.363636,0.517,0.6259,0.1088,602,NO_DETECTION,,A4_T02_a_H_packed_b48.png
T02_a_H,T02,a,1,H,7,A3_PACKED,64,64,16,5,4,0.517,0.6621,0.1451,683,NO_DETECTION,,A4_T02_a_H_packed_b64.png
T02_a_H,T02,a,1,H,7,A3_PACKED,80,80,21,5,3.809524,0.517,0.6984,0.1814,806,NO_DETECTION,,A4_T02_a_H_packed_b80.png
T02_a_H,T02,a,1,H,7,A3_PACKED,89,89,26,5,3.423077,0.517,0.7188,0.2018,856,NO_DETECTION,,A4_T02_a_H_packed_b89.png
T02_g-co_L,T02,g.co,4,L,3,A3_PACKED,0,0,0,0,0,0.5079,0.5079,0,333,EXACT,,A4_T02_g-co_L_packed_b0.png
T02_g-co_L,T02,g.co,4,L,3,A3_PACKED,1,1,1,1,1,0.5079,0.5102,0.0023,327,EXACT,,A4_T02_g-co_L_packed_b1.png
T02_g-co_L,T02,g.co,4,L,3,A3_PACKED,2,2,1,2,2,0.5079,0.5125,0.0045,324,EXACT,,A4_T02_g-co_L_packed_b2.png
T02_g-co_L,T02,g.co,4,L,3,A3_PACKED,4,4,1,4,4,0.5079,0.517,0.0091,324,EXACT,,A4_T02_g-co_L_packed_b4.png
T02_g-co_L,T02,g.co,4,L,3,A3_PACKED,6,6,1,6,6,0.5079,0.5215,0.0136,341,EXACT,,A4_T02_g-co_L_packed_b6.png
T02_g-co_L,T02,g.co,4,L,3,A3_PACKED,8,8,2,7,4,0.5079,0.5261,0.0181,347,EXACT,,A4_T02_g-co_L_packed_b8.png
T02_g-co_L,T02,g.co,4,L,3,A3_PACKED,10,10,2,7,5,0.5079,0.5306,0.0227,354,EXACT,,A4_T02_g-co_L_packed_b10.png
T02_g-co_L,T02,g.co,4,L,3,A3_PACKED,12,12,2,7,6,0.5079,0.5351,0.0272,357,EXACT,,A4_T02_g-co_L_packed_b12.png
T02_g-co_L,T02,g.co,4,L,3,A3_PACKED,16,16,3,7,5.333333,0.5079,0.5442,0.0363,351,EXACT,,A4_T02_g-co_L_packed_b16.png
T02_g-co_L,T02,g.co,4,L,3,A3_PACKED,20,20,4,7,5,0.5079,0.5533,0.0454,363,NO_DETECTION,,A4_T02_g-co_L_packed_b20.png
T02_g-co_L,T02,g.co,4,L,3,A3_PACKED,24,24,5,7,4.8,0.5079,0.5624,0.0544,378,NO_DETECTION,,A4_T02_g-co_L_packed_b24.png
T02_g-co_L,T02,g.co,4,L,3,A3_PACKED,32,32,6,7,5.333333,0.5079,0.5805,0.0726,420,NO_DETECTION,,A4_T02_g-co_L_packed_b32.png
T02_g-co_L,T02,g.co,4,L,3,A3_PACKED,40,40,8,7,5,0.5079,0.5986,0.0907,472,NO_DETECTION,,A4_T02_g-co_L_packed_b40.png
T02_g-co_L,T02,g.co,4,L,3,A3_PACKED,48,48,10,7,4.8,0.5079,0.6168,0.1088,498,NO_DETECTION,,A4_T02_g-co_L_packed_b48.png
T02_g-co_L,T02,g.co,4,L,3,A3_PACKED,64,64,14,7,4.571429,0.5079,0.6531,0.1451,605,NO_DETECTION,,A4_T02_g-co_L_packed_b64.png
T02_g-co_L,T02,g.co,4,L,3,A3_PACKED,80,80,19,7,4.210526,0.5079,0.6893,0.1814,677,NO_DETECTION,,A4_T02_g-co_L_packed_b80.png
T02_g-co_L,T02,g.co,4,L,3,A3_PACKED,95,95,26,7,3.653846,0.5079,0.7234,0.2154,776,NO_DETECTION,,A4_T02_g-co_L_packed_b95.png
T02_g-co_M,T02,g.co,4,M,1,A3_PACKED,0,0,0,0,0,0.5079,0.5079,0,396,EXACT,,A4_T02_g-co_M_packed_b0.png
T02_g-co_M,T02,g.co,4,M,1,A3_PACKED,1,1,1,1,1,0.5079,0.5102,0.0023,388,EXACT,,A4_T02_g-co_M_packed_b1.png
T02_g-co_M,T02,g.co,4,M,1,A3_PACKED,2,2,1,2,2,0.5079,0.5125,0.0045,388,EXACT,,A4_T02_g-co_M_packed_b2.png
T02_g-co_M,T02,g.co,4,M,1,A3_PACKED,4,4,1,4,4,0.5079,0.517,0.0091,388,EXACT,,A4_T02_g-co_M_packed_b4.png
T02_g-co_M,T02,g.co,4,M,1,A3_PACKED,6,6,1,6,6,0.5079,0.5215,0.0136,408,EXACT,,A4_T02_g-co_M_packed_b6.png
T02_g-co_M,T02,g.co,4,M,1,A3_PACKED,8,8,2,6,4,0.5079,0.5261,0.0181,362,EXACT,,A4_T02_g-co_M_packed_b8.png
T02_g-co_M,T02,g.co,4,M,1,A3_PACKED,10,10,2,6,5,0.5079,0.5306,0.0227,365,EXACT,,A4_T02_g-co_M_packed_b10.png
T02_g-co_M,T02,g.co,4,M,1,A3_PACKED,12,12,3,6,4,0.5079,0.5351,0.0272,374,EXACT,,A4_T02_g-co_M_packed_b12.png
T02_g-co_M,T02,g.co,4,M,1,A3_PACKED,16,16,3,6,5.333333,0.5079,0.5442,0.0363,386,EXACT,,A4_T02_g-co_M_packed_b16.png
T02_g-co_M,T02,g.co,4,M,1,A3_PACKED,20,20,4,6,5,0.5079,0.5533,0.0454,402,EXACT,,A4_T02_g-co_M_packed_b20.png
T02_g-co_M,T02,g.co,4,M,1,A3_PACKED,24,24,5,6,4.8,0.5079,0.5624,0.0544,428,EXACT,,A4_T02_g-co_M_packed_b24.png
T02_g-co_M,T02,g.co,4,M,1,A3_PACKED,32,32,7,6,4.571429,0.5079,0.5805,0.0726,494,NO_DETECTION,,A4_T02_g-co_M_packed_b32.png
T02_g-co_M,T02,g.co,4,M,1,A3_PACKED,40,40,9,6,4.444444,0.5079,0.5986,0.0907,527,NO_DETECTION,,A4_T02_g-co_M_packed_b40.png
T02_g-co_M,T02,g.co,4,M,1,A3_PACKED,48,48,11,6,4.363636,0.5079,0.6168,0.1088,572,NO_DETECTION,,A4_T02_g-co_M_packed_b48.png
T02_g-co_M,T02,g.co,4,M,1,A3_PACKED,64,64,15,6,4.266667,0.5079,0.6531,0.1451,691,NO_DETECTION,,A4_T02_g-co_M_packed_b64.png
T02_g-co_M,T02,g.co,4,M,1,A3_PACKED,80,80,20,6,4,0.5079,0.6893,0.1814,788,NO_DETECTION,,A4_T02_g-co_M_packed_b80.png
T02_g-co_M,T02,g.co,4,M,1,A3_PACKED,89,89,26,6,3.423077,0.5079,0.7098,0.2018,877,NO_DETECTION,,A4_T02_g-co_M_packed_b89.png
T02_g-co_Q,T02,g.co,4,Q,2,A3_PACKED,0,0,0,0,0,0.5034,0.5034,0,341,EXACT,,A4_T02_g-co_Q_packed_b0.png
T02_g-co_Q,T02,g.co,4,Q,2,A3_PACKED,1,1,1,1,1,0.5034,0.5057,0.0023,338,EXACT,,A4_T02_g-co_Q_packed_b1.png
T02_g-co_Q,T02,g.co,4,Q,2,A3_PACKED,2,2,1,2,2,0.5034,0.5079,0.0045,341,EXACT,,A4_T02_g-co_Q_packed_b2.png
T02_g-co_Q,T02,g.co,4,Q,2,A3_PACKED,4,4,1,4,4,0.5034,0.5125,0.0091,335,EXACT,,A4_T02_g-co_Q_packed_b4.png
T02_g-co_Q,T02,g.co,4,Q,2,A3_PACKED,6,6,2,5,3,0.5034,0.517,0.0136,341,EXACT,,A4_T02_g-co_Q_packed_b6.png
T02_g-co_Q,T02,g.co,4,Q,2,A3_PACKED,8,8,2,5,4,0.5034,0.5215,0.0181,341,EXACT,,A4_T02_g-co_Q_packed_b8.png
T02_g-co_Q,T02,g.co,4,Q,2,A3_PACKED,10,10,2,5,5,0.5034,0.5261,0.0227,351,EXACT,,A4_T02_g-co_Q_packed_b10.png
T02_g-co_Q,T02,g.co,4,Q,2,A3_PACKED,12,12,3,5,4,0.5034,0.5306,0.0272,351,EXACT,,A4_T02_g-co_Q_packed_b12.png
T02_g-co_Q,T02,g.co,4,Q,2,A3_PACKED,16,16,4,5,4,0.5034,0.5397,0.0363,364,EXACT,,A4_T02_g-co_Q_packed_b16.png
T02_g-co_Q,T02,g.co,4,Q,2,A3_PACKED,20,20,4,5,5,0.5034,0.5488,0.0454,384,EXACT,,A4_T02_g-co_Q_packed_b20.png
T02_g-co_Q,T02,g.co,4,Q,2,A3_PACKED,24,24,5,5,4.8,0.5034,0.5578,0.0544,394,EXACT,,A4_T02_g-co_Q_packed_b24.png
T02_g-co_Q,T02,g.co,4,Q,2,A3_PACKED,32,32,7,5,4.571429,0.5034,0.576,0.0726,427,NO_DETECTION,,A4_T02_g-co_Q_packed_b32.png
T02_g-co_Q,T02,g.co,4,Q,2,A3_PACKED,40,40,9,5,4.444444,0.5034,0.5941,0.0907,458,NO_DETECTION,,A4_T02_g-co_Q_packed_b40.png
T02_g-co_Q,T02,g.co,4,Q,2,A3_PACKED,48,48,11,5,4.363636,0.5034,0.6122,0.1088,475,NO_DETECTION,,A4_T02_g-co_Q_packed_b48.png
T02_g-co_Q,T02,g.co,4,Q,2,A3_PACKED,64,64,15,5,4.266667,0.5034,0.6485,0.1451,565,NO_DETECTION,,A4_T02_g-co_Q_packed_b64.png
T02_g-co_Q,T02,g.co,4,Q,2,A3_PACKED,80,80,19,5,4.210526,0.5034,0.6848,0.1814,726,NO_DETECTION,,A4_T02_g-co_Q_packed_b80.png
T02_g-co_Q,T02,g.co,4,Q,2,A3_PACKED,93,93,26,5,3.576923,0.5034,0.7143,0.2109,886,NO_DETECTION,,A4_T02_g-co_Q_packed_b93.png
T02_g-co_H,T02,g.co,4,H,6,A3_PACKED,0,0,0,0,0,0.5215,0.5215,0,370,EXACT,,A4_T02_g-co_H_packed_b0.png
T02_g-co_H,T02,g.co,4,H,6,A3_PACKED,1,1,1,1,1,0.5215,0.5238,0.0023,367,EXACT,,A4_T02_g-co_H_packed_b1.png
T02_g-co_H,T02,g.co,4,H,6,A3_PACKED,2,2,1,2,2,0.5215,0.5261,0.0045,364,EXACT,,A4_T02_g-co_H_packed_b2.png
T02_g-co_H,T02,g.co,4,H,6,A3_PACKED,4,4,1,4,4,0.5215,0.5306,0.0091,366,EXACT,,A4_T02_g-co_H_packed_b4.png
T02_g-co_H,T02,g.co,4,H,6,A3_PACKED,6,6,1,6,6,0.5215,0.5351,0.0136,375,EXACT,,A4_T02_g-co_H_packed_b6.png
T02_g-co_H,T02,g.co,4,H,6,A3_PACKED,8,8,2,7,4,0.5215,0.5397,0.0181,377,EXACT,,A4_T02_g-co_H_packed_b8.png
T02_g-co_H,T02,g.co,4,H,6,A3_PACKED,10,10,2,7,5,0.5215,0.5442,0.0227,344,EXACT,,A4_T02_g-co_H_packed_b10.png
T02_g-co_H,T02,g.co,4,H,6,A3_PACKED,12,12,2,7,6,0.5215,0.5488,0.0272,357,EXACT,,A4_T02_g-co_H_packed_b12.png
T02_g-co_H,T02,g.co,4,H,6,A3_PACKED,16,16,3,7,5.333333,0.5215,0.5578,0.0363,360,EXACT,,A4_T02_g-co_H_packed_b16.png
T02_g-co_H,T02,g.co,4,H,6,A3_PACKED,20,20,4,7,5,0.5215,0.5669,0.0454,375,EXACT,,A4_T02_g-co_H_packed_b20.png
T02_g-co_H,T02,g.co,4,H,6,A3_PACKED,24,24,4,7,6,0.5215,0.576,0.0544,390,EXACT,,A4_T02_g-co_H_packed_b24.png
T02_g-co_H,T02,g.co,4,H,6,A3_PACKED,32,32,6,7,5.333333,0.5215,0.5941,0.0726,420,EXACT,,A4_T02_g-co_H_packed_b32.png
T02_g-co_H,T02,g.co,4,H,6,A3_PACKED,40,40,8,7,5,0.5215,0.6122,0.0907,462,EXACT,,A4_T02_g-co_H_packed_b40.png
T02_g-co_H,T02,g.co,4,H,6,A3_PACKED,48,48,10,7,4.8,0.5215,0.6304,0.1088,500,NO_DETECTION,,A4_T02_g-co_H_packed_b48.png
T02_g-co_H,T02,g.co,4,H,6,A3_PACKED,64,64,14,7,4.571429,0.5215,0.6667,0.1451,600,NO_DETECTION,,A4_T02_g-co_H_packed_b64.png
T02_g-co_H,T02,g.co,4,H,6,A3_PACKED,80,80,19,7,4.210526,0.5215,0.7029,0.1814,694,NO_DETECTION,,A4_T02_g-co_H_packed_b80.png
T02_g-co_H,T02,g.co,4,H,6,A3_PACKED,93,93,26,7,3.576923,0.5215,0.7324,0.2109,887,NO_DETECTION,,A4_T02_g-co_H_packed_b93.png
T02_abcdefg_L,T02,abcdefg,7,L,3,A3_PACKED,0,0,0,0,0,0.5034,0.5034,0,372,EXACT,,A4_T02_abcdefg_L_packed_b0.png
T02_abcdefg_L,T02,abcdefg,7,L,3,A3_PACKED,1,1,1,1,1,0.5034,0.5057,0.0023,323,EXACT,,A4_T02_abcdefg_L_packed_b1.png
T02_abcdefg_L,T02,abcdefg,7,L,3,A3_PACKED,2,2,1,2,2,0.5034,0.5079,0.0045,317,EXACT,,A4_T02_abcdefg_L_packed_b2.png
T02_abcdefg_L,T02,abcdefg,7,L,3,A3_PACKED,4,4,1,4,4,0.5034,0.5125,0.0091,317,EXACT,,A4_T02_abcdefg_L_packed_b4.png
T02_abcdefg_L,T02,abcdefg,7,L,3,A3_PACKED,6,6,1,6,6,0.5034,0.517,0.0136,326,EXACT,,A4_T02_abcdefg_L_packed_b6.png
T02_abcdefg_L,T02,abcdefg,7,L,3,A3_PACKED,8,8,2,7,4,0.5034,0.5215,0.0181,322,EXACT,,A4_T02_abcdefg_L_packed_b8.png
T02_abcdefg_L,T02,abcdefg,7,L,3,A3_PACKED,10,10,2,7,5,0.5034,0.5261,0.0227,316,EXACT,,A4_T02_abcdefg_L_packed_b10.png
T02_abcdefg_L,T02,abcdefg,7,L,3,A3_PACKED,12,12,2,7,6,0.5034,0.5306,0.0272,316,EXACT,,A4_T02_abcdefg_L_packed_b12.png
T02_abcdefg_L,T02,abcdefg,7,L,3,A3_PACKED,16,16,3,7,5.333333,0.5034,0.5397,0.0363,323,EXACT,,A4_T02_abcdefg_L_packed_b16.png
T02_abcdefg_L,T02,abcdefg,7,L,3,A3_PACKED,20,20,3,7,6.666667,0.5034,0.5488,0.0454,343,EXACT,,A4_T02_abcdefg_L_packed_b20.png
T02_abcdefg_L,T02,abcdefg,7,L,3,A3_PACKED,24,24,4,7,6,0.5034,0.5578,0.0544,332,NO_DETECTION,,A4_T02_abcdefg_L_packed_b24.png
T02_abcdefg_L,T02,abcdefg,7,L,3,A3_PACKED,32,32,6,7,5.333333,0.5034,0.576,0.0726,321,NO_DETECTION,,A4_T02_abcdefg_L_packed_b32.png
T02_abcdefg_L,T02,abcdefg,7,L,3,A3_PACKED,40,40,7,7,5.714286,0.5034,0.5941,0.0907,359,NO_DETECTION,,A4_T02_abcdefg_L_packed_b40.png
T02_abcdefg_L,T02,abcdefg,7,L,3,A3_PACKED,48,48,9,7,5.333333,0.5034,0.6122,0.1088,380,NO_DETECTION,,A4_T02_abcdefg_L_packed_b48.png
T02_abcdefg_L,T02,abcdefg,7,L,3,A3_PACKED,64,64,13,7,4.923077,0.5034,0.6485,0.1451,470,NO_DETECTION,,A4_T02_abcdefg_L_packed_b64.png
T02_abcdefg_L,T02,abcdefg,7,L,3,A3_PACKED,80,80,18,7,4.444444,0.5034,0.6848,0.1814,630,NO_DETECTION,,A4_T02_abcdefg_L_packed_b80.png
T02_abcdefg_L,T02,abcdefg,7,L,3,A3_PACKED,96,96,25,7,3.84,0.5034,0.7211,0.2177,767,NO_DETECTION,,A4_T02_abcdefg_L_packed_b96.png
T02_abcdefg_L,T02,abcdefg,7,L,3,A3_PACKED,97,97,26,7,3.730769,0.5034,0.7234,0.22,776,NO_DETECTION,,A4_T02_abcdefg_L_packed_b97.png
T02_abcdefg_M,T02,abcdefg,7,M,0,A3_PACKED,0,0,0,0,0,0.5125,0.5125,0,469,EXACT,,A4_T02_abcdefg_M_packed_b0.png
T02_abcdefg_M,T02,abcdefg,7,M,0,A3_PACKED,1,1,1,1,1,0.5125,0.5147,0.0023,463,EXACT,,A4_T02_abcdefg_M_packed_b1.png
T02_abcdefg_M,T02,abcdefg,7,M,0,A3_PACKED,2,2,1,2,2,0.5125,0.517,0.0045,463,EXACT,,A4_T02_abcdefg_M_packed_b2.png
T02_abcdefg_M,T02,abcdefg,7,M,0,A3_PACKED,4,4,1,4,4,0.5125,0.5215,0.0091,466,EXACT,,A4_T02_abcdefg_M_packed_b4.png
T02_abcdefg_M,T02,abcdefg,7,M,0,A3_PACKED,6,6,1,6,6,0.5125,0.5261,0.0136,475,EXACT,,A4_T02_abcdefg_M_packed_b6.png
T02_abcdefg_M,T02,abcdefg,7,M,0,A3_PACKED,8,8,2,7,4,0.5125,0.5306,0.0181,480,EXACT,,A4_T02_abcdefg_M_packed_b8.png
T02_abcdefg_M,T02,abcdefg,7,M,0,A3_PACKED,10,10,2,7,5,0.5125,0.5351,0.0227,478,EXACT,,A4_T02_abcdefg_M_packed_b10.png
T02_abcdefg_M,T02,abcdefg,7,M,0,A3_PACKED,12,12,2,7,6,0.5125,0.5397,0.0272,484,EXACT,,A4_T02_abcdefg_M_packed_b12.png
T02_abcdefg_M,T02,abcdefg,7,M,0,A3_PACKED,16,16,3,7,5.333333,0.5125,0.5488,0.0363,419,EXACT,,A4_T02_abcdefg_M_packed_b16.png
T02_abcdefg_M,T02,abcdefg,7,M,0,A3_PACKED,20,20,4,7,5,0.5125,0.5578,0.0454,417,EXACT,,A4_T02_abcdefg_M_packed_b20.png
T02_abcdefg_M,T02,abcdefg,7,M,0,A3_PACKED,24,24,5,7,4.8,0.5125,0.5669,0.0544,425,EXACT,,A4_T02_abcdefg_M_packed_b24.png
T02_abcdefg_M,T02,abcdefg,7,M,0,A3_PACKED,32,32,6,7,5.333333,0.5125,0.585,0.0726,476,NO_DETECTION,,A4_T02_abcdefg_M_packed_b32.png
T02_abcdefg_M,T02,abcdefg,7,M,0,A3_PACKED,40,40,8,7,5,0.5125,0.6032,0.0907,514,NO_DETECTION,,A4_T02_abcdefg_M_packed_b40.png
T02_abcdefg_M,T02,abcdefg,7,M,0,A3_PACKED,48,48,9,7,5.333333,0.5125,0.6213,0.1088,576,NO_DETECTION,,A4_T02_abcdefg_M_packed_b48.png
T02_abcdefg_M,T02,abcdefg,7,M,0,A3_PACKED,64,64,13,7,4.923077,0.5125,0.6576,0.1451,623,NO_DETECTION,,A4_T02_abcdefg_M_packed_b64.png
T02_abcdefg_M,T02,abcdefg,7,M,0,A3_PACKED,80,80,18,7,4.444444,0.5125,0.6939,0.1814,700,NO_DETECTION,,A4_T02_abcdefg_M_packed_b80.png
T02_abcdefg_M,T02,abcdefg,7,M,0,A3_PACKED,93,93,25,7,3.72,0.5125,0.7234,0.2109,898,NO_DETECTION,,A4_T02_abcdefg_M_packed_b93.png
T02_abcdefg_Q,T02,abcdefg,7,Q,3,A3_PACKED,0,0,0,0,0,0.517,0.517,0,442,EXACT,,A4_T02_abcdefg_Q_packed_b0.png
T02_abcdefg_Q,T02,abcdefg,7,Q,3,A3_PACKED,1,1,1,1,1,0.517,0.5193,0.0023,439,EXACT,,A4_T02_abcdefg_Q_packed_b1.png
T02_abcdefg_Q,T02,abcdefg,7,Q,3,A3_PACKED,2,2,1,2,2,0.517,0.5215,0.0045,436,EXACT,,A4_T02_abcdefg_Q_packed_b2.png
T02_abcdefg_Q,T02,abcdefg,7,Q,3,A3_PACKED,4,4,1,4,4,0.517,0.5261,0.0091,436,EXACT,,A4_T02_abcdefg_Q_packed_b4.png
T02_abcdefg_Q,T02,abcdefg,7,Q,3,A3_PACKED,6,6,1,6,6,0.517,0.5306,0.0136,456,EXACT,,A4_T02_abcdefg_Q_packed_b6.png
T02_abcdefg_Q,T02,abcdefg,7,Q,3,A3_PACKED,8,8,2,6,4,0.517,0.5351,0.0181,437,EXACT,,A4_T02_abcdefg_Q_packed_b8.png
T02_abcdefg_Q,T02,abcdefg,7,Q,3,A3_PACKED,10,10,2,6,5,0.517,0.5397,0.0227,412,EXACT,,A4_T02_abcdefg_Q_packed_b10.png
T02_abcdefg_Q,T02,abcdefg,7,Q,3,A3_PACKED,12,12,3,6,4,0.517,0.5442,0.0272,413,EXACT,,A4_T02_abcdefg_Q_packed_b12.png
T02_abcdefg_Q,T02,abcdefg,7,Q,3,A3_PACKED,16,16,3,6,5.333333,0.517,0.5533,0.0363,408,EXACT,,A4_T02_abcdefg_Q_packed_b16.png
T02_abcdefg_Q,T02,abcdefg,7,Q,3,A3_PACKED,20,20,4,6,5,0.517,0.5624,0.0454,405,EXACT,,A4_T02_abcdefg_Q_packed_b20.png
T02_abcdefg_Q,T02,abcdefg,7,Q,3,A3_PACKED,24,24,5,6,4.8,0.517,0.5714,0.0544,413,EXACT,,A4_T02_abcdefg_Q_packed_b24.png
T02_abcdefg_Q,T02,abcdefg,7,Q,3,A3_PACKED,32,32,7,6,4.571429,0.517,0.5896,0.0726,459,NO_DETECTION,,A4_T02_abcdefg_Q_packed_b32.png
T02_abcdefg_Q,T02,abcdefg,7,Q,3,A3_PACKED,40,40,8,6,5,0.517,0.6077,0.0907,508,NO_DETECTION,,A4_T02_abcdefg_Q_packed_b40.png
T02_abcdefg_Q,T02,abcdefg,7,Q,3,A3_PACKED,48,48,10,6,4.8,0.517,0.6259,0.1088,543,NO_DETECTION,,A4_T02_abcdefg_Q_packed_b48.png
T02_abcdefg_Q,T02,abcdefg,7,Q,3,A3_PACKED,64,64,15,6,4.266667,0.517,0.6621,0.1451,687,NO_DETECTION,,A4_T02_abcdefg_Q_packed_b64.png
T02_abcdefg_Q,T02,abcdefg,7,Q,3,A3_PACKED,80,80,20,6,4,0.517,0.6984,0.1814,851,NO_DETECTION,,A4_T02_abcdefg_Q_packed_b80.png
T02_abcdefg_Q,T02,abcdefg,7,Q,3,A3_PACKED,89,89,26,6,3.423077,0.517,0.7188,0.2018,905,NO_DETECTION,,A4_T02_abcdefg_Q_packed_b89.png
T02_abcdefg_H,T02,abcdefg,7,H,6,A3_PACKED,0,0,0,0,0,0.5215,0.5215,0,329,EXACT,,A4_T02_abcdefg_H_packed_b0.png
T02_abcdefg_H,T02,abcdefg,7,H,6,A3_PACKED,1,1,1,1,1,0.5215,0.5238,0.0023,315,EXACT,,A4_T02_abcdefg_H_packed_b1.png
T02_abcdefg_H,T02,abcdefg,7,H,6,A3_PACKED,2,2,1,2,2,0.5215,0.5261,0.0045,315,EXACT,,A4_T02_abcdefg_H_packed_b2.png
T02_abcdefg_H,T02,abcdefg,7,H,6,A3_PACKED,4,4,1,4,4,0.5215,0.5306,0.0091,319,EXACT,,A4_T02_abcdefg_H_packed_b4.png
T02_abcdefg_H,T02,abcdefg,7,H,6,A3_PACKED,6,6,2,5,3,0.5215,0.5351,0.0136,314,EXACT,,A4_T02_abcdefg_H_packed_b6.png
T02_abcdefg_H,T02,abcdefg,7,H,6,A3_PACKED,8,8,2,5,4,0.5215,0.5397,0.0181,314,EXACT,,A4_T02_abcdefg_H_packed_b8.png
T02_abcdefg_H,T02,abcdefg,7,H,6,A3_PACKED,10,10,2,5,5,0.5215,0.5442,0.0227,329,EXACT,,A4_T02_abcdefg_H_packed_b10.png
T02_abcdefg_H,T02,abcdefg,7,H,6,A3_PACKED,12,12,3,5,4,0.5215,0.5488,0.0272,320,EXACT,,A4_T02_abcdefg_H_packed_b12.png
T02_abcdefg_H,T02,abcdefg,7,H,6,A3_PACKED,16,16,4,5,4,0.5215,0.5578,0.0363,330,EXACT,,A4_T02_abcdefg_H_packed_b16.png
T02_abcdefg_H,T02,abcdefg,7,H,6,A3_PACKED,20,20,4,5,5,0.5215,0.5669,0.0454,356,EXACT,,A4_T02_abcdefg_H_packed_b20.png
T02_abcdefg_H,T02,abcdefg,7,H,6,A3_PACKED,24,24,5,5,4.8,0.5215,0.576,0.0544,367,EXACT,,A4_T02_abcdefg_H_packed_b24.png
T02_abcdefg_H,T02,abcdefg,7,H,6,A3_PACKED,32,32,7,5,4.571429,0.5215,0.5941,0.0726,391,EXACT,,A4_T02_abcdefg_H_packed_b32.png
T02_abcdefg_H,T02,abcdefg,7,H,6,A3_PACKED,40,40,9,5,4.444444,0.5215,0.6122,0.0907,416,NO_DETECTION,,A4_T02_abcdefg_H_packed_b40.png
T02_abcdefg_H,T02,abcdefg,7,H,6,A3_PACKED,48,48,11,5,4.363636,0.5215,0.6304,0.1088,448,NO_DETECTION,,A4_T02_abcdefg_H_packed_b48.png
T02_abcdefg_H,T02,abcdefg,7,H,6,A3_PACKED,64,64,15,5,4.266667,0.5215,0.6667,0.1451,600,NO_DETECTION,,A4_T02_abcdefg_H_packed_b64.png
T02_abcdefg_H,T02,abcdefg,7,H,6,A3_PACKED,80,80,20,5,4,0.5215,0.7029,0.1814,750,NO_DETECTION,,A4_T02_abcdefg_H_packed_b80.png
T02_abcdefg_H,T02,abcdefg,7,H,6,A3_PACKED,93,93,26,5,3.576923,0.5215,0.7324,0.2109,887,NO_DETECTION,,A4_T02_abcdefg_H_packed_b93.png
T03_a_L,T03,a,1,L,5,A3_PACKED,0,0,0,0,0,0.5102,0.5102,0,466,EXACT,,A4_T03_a_L_packed_b0.png
T03_a_L,T03,a,1,L,5,A3_PACKED,1,1,1,1,1,0.5102,0.5125,0.0023,454,EXACT,,A4_T03_a_L_packed_b1.png
T03_a_L,T03,a,1,L,5,A3_PACKED,2,2,1,2,2,0.5102,0.5147,0.0045,446,EXACT,,A4_T03_a_L_packed_b2.png
T03_a_L,T03,a,1,L,5,A3_PACKED,4,4,1,4,4,0.5102,0.5193,0.0091,446,EXACT,,A4_T03_a_L_packed_b4.png
T03_a_L,T03,a,1,L,5,A3_PACKED,6,6,1,6,6,0.5102,0.5238,0.0136,454,EXACT,,A4_T03_a_L_packed_b6.png
T03_a_L,T03,a,1,L,5,A3_PACKED,8,8,2,7,4,0.5102,0.5283,0.0181,500,EXACT,,A4_T03_a_L_packed_b8.png
T03_a_L,T03,a,1,L,5,A3_PACKED,10,10,2,7,5,0.5102,0.5329,0.0227,495,EXACT,,A4_T03_a_L_packed_b10.png
T03_a_L,T03,a,1,L,5,A3_PACKED,12,12,2,7,6,0.5102,0.5374,0.0272,505,EXACT,,A4_T03_a_L_packed_b12.png
T03_a_L,T03,a,1,L,5,A3_PACKED,16,16,3,7,5.333333,0.5102,0.5465,0.0363,510,EXACT,,A4_T03_a_L_packed_b16.png
T03_a_L,T03,a,1,L,5,A3_PACKED,20,20,4,7,5,0.5102,0.5556,0.0454,526,NO_DETECTION,,A4_T03_a_L_packed_b20.png
T03_a_L,T03,a,1,L,5,A3_PACKED,24,24,4,7,6,0.5102,0.5646,0.0544,517,NO_DETECTION,,A4_T03_a_L_packed_b24.png
T03_a_L,T03,a,1,L,5,A3_PACKED,32,32,6,7,5.333333,0.5102,0.5828,0.0726,534,NO_DETECTION,,A4_T03_a_L_packed_b32.png
T03_a_L,T03,a,1,L,5,A3_PACKED,40,40,8,7,5,0.5102,0.6009,0.0907,607,NO_DETECTION,,A4_T03_a_L_packed_b40.png
T03_a_L,T03,a,1,L,5,A3_PACKED,48,48,10,7,4.8,0.5102,0.619,0.1088,624,NO_DETECTION,,A4_T03_a_L_packed_b48.png
T03_a_L,T03,a,1,L,5,A3_PACKED,64,64,14,7,4.571429,0.5102,0.6553,0.1451,787,NO_DETECTION,,A4_T03_a_L_packed_b64.png
T03_a_L,T03,a,1,L,5,A3_PACKED,80,80,19,7,4.210526,0.5102,0.6916,0.1814,1080,NO_DETECTION,,A4_T03_a_L_packed_b80.png
T03_a_L,T03,a,1,L,5,A3_PACKED,96,96,25,7,3.84,0.5102,0.7279,0.2177,1519,NO_DETECTION,,A4_T03_a_L_packed_b96.png
T03_a_L,T03,a,1,L,5,A3_PACKED,98,98,26,7,3.769231,0.5102,0.7324,0.2222,1599,NO_DETECTION,,A4_T03_a_L_packed_b98.png
T03_a_M,T03,a,1,M,0,A3_PACKED,0,0,0,0,0,0.5193,0.5193,0,526,EXACT,,A4_T03_a_M_packed_b0.png
T03_a_M,T03,a,1,M,0,A3_PACKED,1,1,1,1,1,0.5193,0.5215,0.0023,486,EXACT,,A4_T03_a_M_packed_b1.png
T03_a_M,T03,a,1,M,0,A3_PACKED,2,2,1,2,2,0.5193,0.5238,0.0045,486,EXACT,,A4_T03_a_M_packed_b2.png
T03_a_M,T03,a,1,M,0,A3_PACKED,4,4,1,4,4,0.5193,0.5283,0.0091,492,EXACT,,A4_T03_a_M_packed_b4.png
T03_a_M,T03,a,1,M,0,A3_PACKED,6,6,1,6,6,0.5193,0.5329,0.0136,512,EXACT,,A4_T03_a_M_packed_b6.png
T03_a_M,T03,a,1,M,0,A3_PACKED,8,8,2,6,4,0.5193,0.5374,0.0181,512,EXACT,,A4_T03_a_M_packed_b8.png
T03_a_M,T03,a,1,M,0,A3_PACKED,10,10,2,6,5,0.5193,0.542,0.0227,518,EXACT,,A4_T03_a_M_packed_b10.png
T03_a_M,T03,a,1,M,0,A3_PACKED,12,12,2,6,6,0.5193,0.5465,0.0272,560,EXACT,,A4_T03_a_M_packed_b12.png
T03_a_M,T03,a,1,M,0,A3_PACKED,16,16,3,6,5.333333,0.5193,0.5556,0.0363,540,EXACT,,A4_T03_a_M_packed_b16.png
T03_a_M,T03,a,1,M,0,A3_PACKED,20,20,4,6,5,0.5193,0.5646,0.0454,550,EXACT,,A4_T03_a_M_packed_b20.png
T03_a_M,T03,a,1,M,0,A3_PACKED,24,24,5,6,4.8,0.5193,0.5737,0.0544,578,EXACT,,A4_T03_a_M_packed_b24.png
T03_a_M,T03,a,1,M,0,A3_PACKED,32,32,6,6,5.333333,0.5193,0.5918,0.0726,626,NO_DETECTION,,A4_T03_a_M_packed_b32.png
T03_a_M,T03,a,1,M,0,A3_PACKED,40,40,8,6,5,0.5193,0.61,0.0907,664,NO_DETECTION,,A4_T03_a_M_packed_b40.png
T03_a_M,T03,a,1,M,0,A3_PACKED,48,48,10,6,4.8,0.5193,0.6281,0.1088,698,NO_DETECTION,,A4_T03_a_M_packed_b48.png
T03_a_M,T03,a,1,M,0,A3_PACKED,64,64,14,6,4.571429,0.5193,0.6644,0.1451,973,NO_DETECTION,,A4_T03_a_M_packed_b64.png
T03_a_M,T03,a,1,M,0,A3_PACKED,80,80,20,6,4,0.5193,0.7007,0.1814,1122,NO_DETECTION,,A4_T03_a_M_packed_b80.png
T03_a_M,T03,a,1,M,0,A3_PACKED,94,94,26,6,3.615385,0.5193,0.7324,0.2132,1509,NO_DETECTION,,A4_T03_a_M_packed_b94.png
T03_a_Q,T03,a,1,Q,4,A3_PACKED,0,0,0,0,0,0.5011,0.5011,0,409,EXACT,,A4_T03_a_Q_packed_b0.png
T03_a_Q,T03,a,1,Q,4,A3_PACKED,1,1,1,1,1,0.5011,0.5034,0.0023,402,EXACT,,A4_T03_a_Q_packed_b1.png
T03_a_Q,T03,a,1,Q,4,A3_PACKED,2,2,1,2,2,0.5011,0.5057,0.0045,396,EXACT,,A4_T03_a_Q_packed_b2.png
T03_a_Q,T03,a,1,Q,4,A3_PACKED,4,4,1,4,4,0.5011,0.5102,0.0091,399,EXACT,,A4_T03_a_Q_packed_b4.png
T03_a_Q,T03,a,1,Q,4,A3_PACKED,6,6,2,5,3,0.5011,0.5147,0.0136,403,EXACT,,A4_T03_a_Q_packed_b6.png
T03_a_Q,T03,a,1,Q,4,A3_PACKED,8,8,2,5,4,0.5011,0.5193,0.0181,407,EXACT,,A4_T03_a_Q_packed_b8.png
T03_a_Q,T03,a,1,Q,4,A3_PACKED,10,10,2,5,5,0.5011,0.5238,0.0227,423,EXACT,,A4_T03_a_Q_packed_b10.png
T03_a_Q,T03,a,1,Q,4,A3_PACKED,12,12,3,5,4,0.5011,0.5283,0.0272,417,EXACT,,A4_T03_a_Q_packed_b12.png
T03_a_Q,T03,a,1,Q,4,A3_PACKED,16,16,4,5,4,0.5011,0.5374,0.0363,435,EXACT,,A4_T03_a_Q_packed_b16.png
T03_a_Q,T03,a,1,Q,4,A3_PACKED,20,20,4,5,5,0.5011,0.5465,0.0454,461,EXACT,,A4_T03_a_Q_packed_b20.png
T03_a_Q,T03,a,1,Q,4,A3_PACKED,24,24,5,5,4.8,0.5011,0.5556,0.0544,475,EXACT,,A4_T03_a_Q_packed_b24.png
T03_a_Q,T03,a,1,Q,4,A3_PACKED,32,32,7,5,4.571429,0.5011,0.5737,0.0726,523,NO_DETECTION,,A4_T03_a_Q_packed_b32.png
T03_a_Q,T03,a,1,Q,4,A3_PACKED,40,40,8,5,5,0.5011,0.5918,0.0907,654,NO_DETECTION,,A4_T03_a_Q_packed_b40.png
T03_a_Q,T03,a,1,Q,4,A3_PACKED,48,48,10,5,4.8,0.5011,0.61,0.1088,732,NO_DETECTION,,A4_T03_a_Q_packed_b48.png
T03_a_Q,T03,a,1,Q,4,A3_PACKED,64,64,14,5,4.571429,0.5011,0.6463,0.1451,883,NO_DETECTION,,A4_T03_a_Q_packed_b64.png
T03_a_Q,T03,a,1,Q,4,A3_PACKED,80,80,18,5,4.444444,0.5011,0.6825,0.1814,1121,NO_DETECTION,,A4_T03_a_Q_packed_b80.png
T03_a_Q,T03,a,1,Q,4,A3_PACKED,96,96,23,5,4.173913,0.5011,0.7188,0.2177,1374,NO_DETECTION,,A4_T03_a_Q_packed_b96.png
T03_a_Q,T03,a,1,Q,4,A3_PACKED,102,102,26,5,3.923077,0.5011,0.7324,0.2313,1485,NO_DETECTION,,A4_T03_a_Q_packed_b102.png
T03_a_H,T03,a,1,H,0,A3_PACKED,0,0,0,0,0,0.5057,0.5057,0,340,EXACT,,A4_T03_a_H_packed_b0.png
T03_a_H,T03,a,1,H,0,A3_PACKED,1,1,1,1,1,0.5057,0.5079,0.0023,337,EXACT,,A4_T03_a_H_packed_b1.png
T03_a_H,T03,a,1,H,0,A3_PACKED,2,2,1,2,2,0.5057,0.5102,0.0045,337,EXACT,,A4_T03_a_H_packed_b2.png
T03_a_H,T03,a,1,H,0,A3_PACKED,4,4,1,4,4,0.5057,0.5147,0.0091,334,EXACT,,A4_T03_a_H_packed_b4.png
T03_a_H,T03,a,1,H,0,A3_PACKED,6,6,1,6,6,0.5057,0.5193,0.0136,346,EXACT,,A4_T03_a_H_packed_b6.png
T03_a_H,T03,a,1,H,0,A3_PACKED,8,8,2,7,4,0.5057,0.5238,0.0181,358,EXACT,,A4_T03_a_H_packed_b8.png
T03_a_H,T03,a,1,H,0,A3_PACKED,10,10,2,7,5,0.5057,0.5283,0.0227,358,EXACT,,A4_T03_a_H_packed_b10.png
T03_a_H,T03,a,1,H,0,A3_PACKED,12,12,2,7,6,0.5057,0.5329,0.0272,367,EXACT,,A4_T03_a_H_packed_b12.png
T03_a_H,T03,a,1,H,0,A3_PACKED,16,16,3,7,5.333333,0.5057,0.542,0.0363,429,EXACT,,A4_T03_a_H_packed_b16.png
T03_a_H,T03,a,1,H,0,A3_PACKED,20,20,3,7,6.666667,0.5057,0.551,0.0454,467,EXACT,,A4_T03_a_H_packed_b20.png
T03_a_H,T03,a,1,H,0,A3_PACKED,24,24,4,7,6,0.5057,0.5601,0.0544,476,EXACT,,A4_T03_a_H_packed_b24.png
T03_a_H,T03,a,1,H,0,A3_PACKED,32,32,6,7,5.333333,0.5057,0.5782,0.0726,521,EXACT,,A4_T03_a_H_packed_b32.png
T03_a_H,T03,a,1,H,0,A3_PACKED,40,40,7,7,5.714286,0.5057,0.5964,0.0907,571,EXACT,,A4_T03_a_H_packed_b40.png
T03_a_H,T03,a,1,H,0,A3_PACKED,48,48,9,7,5.333333,0.5057,0.6145,0.1088,606,NO_DETECTION,,A4_T03_a_H_packed_b48.png
T03_a_H,T03,a,1,H,0,A3_PACKED,64,64,13,7,4.923077,0.5057,0.6508,0.1451,740,NO_DETECTION,,A4_T03_a_H_packed_b64.png
T03_a_H,T03,a,1,H,0,A3_PACKED,80,80,18,7,4.444444,0.5057,0.6871,0.1814,1055,NO_DETECTION,,A4_T03_a_H_packed_b80.png
T03_a_H,T03,a,1,H,0,A3_PACKED,96,96,24,7,4,0.5057,0.7234,0.2177,1377,NO_DETECTION,,A4_T03_a_H_packed_b96.png
T03_a_H,T03,a,1,H,0,A3_PACKED,100,100,26,7,3.846154,0.5057,0.7324,0.2268,1497,NO_DETECTION,,A4_T03_a_H_packed_b100.png
T03_g-co_L,T03,g.co,4,L,2,A3_PACKED,0,0,0,0,0,0.5102,0.5102,0,437,EXACT,,A4_T03_g-co_L_packed_b0.png
T03_g-co_L,T03,g.co,4,L,2,A3_PACKED,1,1,1,1,1,0.5102,0.5125,0.0023,393,EXACT,,A4_T03_g-co_L_packed_b1.png
T03_g-co_L,T03,g.co,4,L,2,A3_PACKED,2,2,1,2,2,0.5102,0.5147,0.0045,393,EXACT,,A4_T03_g-co_L_packed_b2.png
T03_g-co_L,T03,g.co,4,L,2,A3_PACKED,4,4,1,4,4,0.5102,0.5193,0.0091,394,EXACT,,A4_T03_g-co_L_packed_b4.png
T03_g-co_L,T03,g.co,4,L,2,A3_PACKED,6,6,1,6,6,0.5102,0.5238,0.0136,414,EXACT,,A4_T03_g-co_L_packed_b6.png
T03_g-co_L,T03,g.co,4,L,2,A3_PACKED,8,8,2,6,4,0.5102,0.5283,0.0181,404,EXACT,,A4_T03_g-co_L_packed_b8.png
T03_g-co_L,T03,g.co,4,L,2,A3_PACKED,10,10,2,6,5,0.5102,0.5329,0.0227,407,EXACT,,A4_T03_g-co_L_packed_b10.png
T03_g-co_L,T03,g.co,4,L,2,A3_PACKED,12,12,2,6,6,0.5102,0.5374,0.0272,429,EXACT,,A4_T03_g-co_L_packed_b12.png
T03_g-co_L,T03,g.co,4,L,2,A3_PACKED,16,16,3,6,5.333333,0.5102,0.5465,0.0363,437,EXACT,,A4_T03_g-co_L_packed_b16.png
T03_g-co_L,T03,g.co,4,L,2,A3_PACKED,20,20,4,6,5,0.5102,0.5556,0.0454,444,NO_DETECTION,,A4_T03_g-co_L_packed_b20.png
T03_g-co_L,T03,g.co,4,L,2,A3_PACKED,24,24,5,6,4.8,0.5102,0.5646,0.0544,473,NO_DETECTION,,A4_T03_g-co_L_packed_b24.png
T03_g-co_L,T03,g.co,4,L,2,A3_PACKED,32,32,6,6,5.333333,0.5102,0.5828,0.0726,526,NO_DETECTION,,A4_T03_g-co_L_packed_b32.png
T03_g-co_L,T03,g.co,4,L,2,A3_PACKED,40,40,8,6,5,0.5102,0.6009,0.0907,606,NO_DETECTION,,A4_T03_g-co_L_packed_b40.png
T03_g-co_L,T03,g.co,4,L,2,A3_PACKED,48,48,10,6,4.8,0.5102,0.619,0.1088,630,NO_DETECTION,,A4_T03_g-co_L_packed_b48.png
T03_g-co_L,T03,g.co,4,L,2,A3_PACKED,64,64,14,6,4.571429,0.5102,0.6553,0.1451,808,NO_DETECTION,,A4_T03_g-co_L_packed_b64.png
T03_g-co_L,T03,g.co,4,L,2,A3_PACKED,80,80,19,6,4.210526,0.5102,0.6916,0.1814,1122,NO_DETECTION,,A4_T03_g-co_L_packed_b80.png
T03_g-co_L,T03,g.co,4,L,2,A3_PACKED,92,92,26,6,3.538462,0.5102,0.7188,0.2086,1362,NO_DETECTION,,A4_T03_g-co_L_packed_b92.png
T03_g-co_M,T03,g.co,4,M,1,A3_PACKED,0,0,0,0,0,0.5102,0.5102,0,396,EXACT,,A4_T03_g-co_M_packed_b0.png
T03_g-co_M,T03,g.co,4,M,1,A3_PACKED,1,1,1,1,1,0.5102,0.5125,0.0023,392,EXACT,,A4_T03_g-co_M_packed_b1.png
T03_g-co_M,T03,g.co,4,M,1,A3_PACKED,2,2,1,2,2,0.5102,0.5147,0.0045,389,EXACT,,A4_T03_g-co_M_packed_b2.png
T03_g-co_M,T03,g.co,4,M,1,A3_PACKED,4,4,1,4,4,0.5102,0.5193,0.0091,395,EXACT,,A4_T03_g-co_M_packed_b4.png
T03_g-co_M,T03,g.co,4,M,1,A3_PACKED,6,6,1,6,6,0.5102,0.5238,0.0136,403,EXACT,,A4_T03_g-co_M_packed_b6.png
T03_g-co_M,T03,g.co,4,M,1,A3_PACKED,8,8,2,7,4,0.5102,0.5283,0.0181,406,EXACT,,A4_T03_g-co_M_packed_b8.png
T03_g-co_M,T03,g.co,4,M,1,A3_PACKED,10,10,2,7,5,0.5102,0.5329,0.0227,406,EXACT,,A4_T03_g-co_M_packed_b10.png
T03_g-co_M,T03,g.co,4,M,1,A3_PACKED,12,12,2,7,6,0.5102,0.5374,0.0272,409,EXACT,,A4_T03_g-co_M_packed_b12.png
T03_g-co_M,T03,g.co,4,M,1,A3_PACKED,16,16,3,7,5.333333,0.5102,0.5465,0.0363,430,EXACT,,A4_T03_g-co_M_packed_b16.png
T03_g-co_M,T03,g.co,4,M,1,A3_PACKED,20,20,4,7,5,0.5102,0.5556,0.0454,467,EXACT,,A4_T03_g-co_M_packed_b20.png
T03_g-co_M,T03,g.co,4,M,1,A3_PACKED,24,24,4,7,6,0.5102,0.5646,0.0544,488,EXACT,,A4_T03_g-co_M_packed_b24.png
T03_g-co_M,T03,g.co,4,M,1,A3_PACKED,32,32,6,7,5.333333,0.5102,0.5828,0.0726,585,NO_DETECTION,,A4_T03_g-co_M_packed_b32.png
T03_g-co_M,T03,g.co,4,M,1,A3_PACKED,40,40,7,7,5.714286,0.5102,0.6009,0.0907,645,NO_DETECTION,,A4_T03_g-co_M_packed_b40.png
T03_g-co_M,T03,g.co,4,M,1,A3_PACKED,48,48,9,7,5.333333,0.5102,0.619,0.1088,725,NO_DETECTION,,A4_T03_g-co_M_packed_b48.png
T03_g-co_M,T03,g.co,4,M,1,A3_PACKED,64,64,13,7,4.923077,0.5102,0.6553,0.1451,856,NO_DETECTION,,A4_T03_g-co_M_packed_b64.png
T03_g-co_M,T03,g.co,4,M,1,A3_PACKED,80,80,18,7,4.444444,0.5102,0.6916,0.1814,1257,NO_DETECTION,,A4_T03_g-co_M_packed_b80.png
T03_g-co_M,T03,g.co,4,M,1,A3_PACKED,96,96,24,7,4,0.5102,0.7279,0.2177,1538,NO_DETECTION,,A4_T03_g-co_M_packed_b96.png
T03_g-co_M,T03,g.co,4,M,1,A3_PACKED,98,98,26,7,3.769231,0.5102,0.7324,0.2222,1580,NO_DETECTION,,A4_T03_g-co_M_packed_b98.png
T03_g-co_Q,T03,g.co,4,Q,1,A3_PACKED,0,0,0,0,0,0.542,0.542,0,592,EXACT,,A4_T03_g-co_Q_packed_b0.png
T03_g-co_Q,T03,g.co,4,Q,1,A3_PACKED,1,1,1,1,1,0.542,0.5442,0.0023,585,EXACT,,A4_T03_g-co_Q_packed_b1.png
T03_g-co_Q,T03,g.co,4,Q,1,A3_PACKED,2,2,1,2,2,0.542,0.5465,0.0045,585,EXACT,,A4_T03_g-co_Q_packed_b2.png
T03_g-co_Q,T03,g.co,4,Q,1,A3_PACKED,4,4,1,4,4,0.542,0.551,0.0091,583,EXACT,,A4_T03_g-co_Q_packed_b4.png
T03_g-co_Q,T03,g.co,4,Q,1,A3_PACKED,6,6,1,6,6,0.542,0.5556,0.0136,602,EXACT,,A4_T03_g-co_Q_packed_b6.png
T03_g-co_Q,T03,g.co,4,Q,1,A3_PACKED,8,8,2,6,4,0.542,0.5601,0.0181,595,EXACT,,A4_T03_g-co_Q_packed_b8.png
T03_g-co_Q,T03,g.co,4,Q,1,A3_PACKED,10,10,2,6,5,0.542,0.5646,0.0227,595,EXACT,,A4_T03_g-co_Q_packed_b10.png
T03_g-co_Q,T03,g.co,4,Q,1,A3_PACKED,12,12,2,6,6,0.542,0.5692,0.0272,622,EXACT,,A4_T03_g-co_Q_packed_b12.png
T03_g-co_Q,T03,g.co,4,Q,1,A3_PACKED,16,16,3,6,5.333333,0.542,0.5782,0.0363,635,EXACT,,A4_T03_g-co_Q_packed_b16.png
T03_g-co_Q,T03,g.co,4,Q,1,A3_PACKED,20,20,4,6,5,0.542,0.5873,0.0454,647,EXACT,,A4_T03_g-co_Q_packed_b20.png
T03_g-co_Q,T03,g.co,4,Q,1,A3_PACKED,24,24,4,6,6,0.542,0.5964,0.0544,685,EXACT,,A4_T03_g-co_Q_packed_b24.png
T03_g-co_Q,T03,g.co,4,Q,1,A3_PACKED,32,32,6,6,5.333333,0.542,0.6145,0.0726,752,EXACT,,A4_T03_g-co_Q_packed_b32.png
T03_g-co_Q,T03,g.co,4,Q,1,A3_PACKED,40,40,7,6,5.714286,0.542,0.6327,0.0907,878,NO_DETECTION,,A4_T03_g-co_Q_packed_b40.png
T03_g-co_Q,T03,g.co,4,Q,1,A3_PACKED,48,48,9,6,5.333333,0.542,0.6508,0.1088,1006,NO_DETECTION,,A4_T03_g-co_Q_packed_b48.png
T03_g-co_Q,T03,g.co,4,Q,1,A3_PACKED,64,64,14,6,4.571429,0.542,0.6871,0.1451,1118,NO_DETECTION,,A4_T03_g-co_Q_packed_b64.png
T03_g-co_Q,T03,g.co,4,Q,1,A3_PACKED,80,80,22,6,3.636364,0.542,0.7234,0.1814,1398,NO_DETECTION,,A4_T03_g-co_Q_packed_b80.png
T03_g-co_Q,T03,g.co,4,Q,1,A3_PACKED,86,86,26,6,3.307692,0.542,0.737,0.195,1605,NO_DETECTION,,A4_T03_g-co_Q_packed_b86.png
T03_g-co_H,T03,g.co,4,H,5,A3_PACKED,0,0,0,0,0,0.5238,0.5238,0,475,EXACT,,A4_T03_g-co_H_packed_b0.png
T03_g-co_H,T03,g.co,4,H,5,A3_PACKED,1,1,1,1,1,0.5238,0.5261,0.0023,467,EXACT,,A4_T03_g-co_H_packed_b1.png
T03_g-co_H,T03,g.co,4,H,5,A3_PACKED,2,2,1,2,2,0.5238,0.5283,0.0045,463,EXACT,,A4_T03_g-co_H_packed_b2.png
T03_g-co_H,T03,g.co,4,H,5,A3_PACKED,4,4,1,4,4,0.5238,0.5329,0.0091,463,EXACT,,A4_T03_g-co_H_packed_b4.png
T03_g-co_H,T03,g.co,4,H,5,A3_PACKED,6,6,1,6,6,0.5238,0.5374,0.0136,472,EXACT,,A4_T03_g-co_H_packed_b6.png
T03_g-co_H,T03,g.co,4,H,5,A3_PACKED,8,8,2,6,4,0.5238,0.542,0.0181,459,EXACT,,A4_T03_g-co_H_packed_b8.png
T03_g-co_H,T03,g.co,4,H,5,A3_PACKED,10,10,2,6,5,0.5238,0.5465,0.0227,463,EXACT,,A4_T03_g-co_H_packed_b10.png
T03_g-co_H,T03,g.co,4,H,5,A3_PACKED,12,12,2,6,6,0.5238,0.551,0.0272,481,EXACT,,A4_T03_g-co_H_packed_b12.png
T03_g-co_H,T03,g.co,4,H,5,A3_PACKED,16,16,3,6,5.333333,0.5238,0.5601,0.0363,480,EXACT,,A4_T03_g-co_H_packed_b16.png
T03_g-co_H,T03,g.co,4,H,5,A3_PACKED,20,20,4,6,5,0.5238,0.5692,0.0454,507,EXACT,,A4_T03_g-co_H_packed_b20.png
T03_g-co_H,T03,g.co,4,H,5,A3_PACKED,24,24,5,6,4.8,0.5238,0.5782,0.0544,526,EXACT,,A4_T03_g-co_H_packed_b24.png
T03_g-co_H,T03,g.co,4,H,5,A3_PACKED,32,32,6,6,5.333333,0.5238,0.5964,0.0726,623,EXACT,,A4_T03_g-co_H_packed_b32.png
T03_g-co_H,T03,g.co,4,H,5,A3_PACKED,40,40,8,6,5,0.5238,0.6145,0.0907,716,EXACT,,A4_T03_g-co_H_packed_b40.png
T03_g-co_H,T03,g.co,4,H,5,A3_PACKED,48,48,10,6,4.8,0.5238,0.6327,0.1088,868,NO_DETECTION,,A4_T03_g-co_H_packed_b48.png
T03_g-co_H,T03,g.co,4,H,5,A3_PACKED,64,64,14,6,4.571429,0.5238,0.6689,0.1451,1195,NO_DETECTION,,A4_T03_g-co_H_packed_b64.png
T03_g-co_H,T03,g.co,4,H,5,A3_PACKED,80,80,19,6,4.210526,0.5238,0.7052,0.1814,1410,NO_DETECTION,,A4_T03_g-co_H_packed_b80.png
T03_g-co_H,T03,g.co,4,H,5,A3_PACKED,94,94,26,6,3.615385,0.5238,0.737,0.2132,1605,NO_DETECTION,,A4_T03_g-co_H_packed_b94.png
T03_abcdefg_L,T03,abcdefg,7,L,5,A3_PACKED,0,0,0,0,0,0.5057,0.5057,0,444,EXACT,,A4_T03_abcdefg_L_packed_b0.png
T03_abcdefg_L,T03,abcdefg,7,L,5,A3_PACKED,1,1,1,1,1,0.5057,0.5079,0.0023,429,EXACT,,A4_T03_abcdefg_L_packed_b1.png
T03_abcdefg_L,T03,abcdefg,7,L,5,A3_PACKED,2,2,1,2,2,0.5057,0.5102,0.0045,420,EXACT,,A4_T03_abcdefg_L_packed_b2.png
T03_abcdefg_L,T03,abcdefg,7,L,5,A3_PACKED,4,4,1,4,4,0.5057,0.5147,0.0091,417,EXACT,,A4_T03_abcdefg_L_packed_b4.png
T03_abcdefg_L,T03,abcdefg,7,L,5,A3_PACKED,6,6,1,6,6,0.5057,0.5193,0.0136,422,EXACT,,A4_T03_abcdefg_L_packed_b6.png
T03_abcdefg_L,T03,abcdefg,7,L,5,A3_PACKED,8,8,2,7,4,0.5057,0.5238,0.0181,421,EXACT,,A4_T03_abcdefg_L_packed_b8.png
T03_abcdefg_L,T03,abcdefg,7,L,5,A3_PACKED,10,10,2,7,5,0.5057,0.5283,0.0227,418,EXACT,,A4_T03_abcdefg_L_packed_b10.png
T03_abcdefg_L,T03,abcdefg,7,L,5,A3_PACKED,12,12,2,7,6,0.5057,0.5329,0.0272,422,EXACT,,A4_T03_abcdefg_L_packed_b12.png
T03_abcdefg_L,T03,abcdefg,7,L,5,A3_PACKED,16,16,3,7,5.333333,0.5057,0.542,0.0363,419,EXACT,,A4_T03_abcdefg_L_packed_b16.png
T03_abcdefg_L,T03,abcdefg,7,L,5,A3_PACKED,20,20,4,7,5,0.5057,0.551,0.0454,440,NO_DETECTION,,A4_T03_abcdefg_L_packed_b20.png
T03_abcdefg_L,T03,abcdefg,7,L,5,A3_PACKED,24,24,4,7,6,0.5057,0.5601,0.0544,449,NO_DETECTION,,A4_T03_abcdefg_L_packed_b24.png
T03_abcdefg_L,T03,abcdefg,7,L,5,A3_PACKED,32,32,6,7,5.333333,0.5057,0.5782,0.0726,479,NO_DETECTION,,A4_T03_abcdefg_L_packed_b32.png
T03_abcdefg_L,T03,abcdefg,7,L,5,A3_PACKED,40,40,8,7,5,0.5057,0.5964,0.0907,542,NO_DETECTION,,A4_T03_abcdefg_L_packed_b40.png
T03_abcdefg_L,T03,abcdefg,7,L,5,A3_PACKED,48,48,10,7,4.8,0.5057,0.6145,0.1088,552,NO_DETECTION,,A4_T03_abcdefg_L_packed_b48.png
T03_abcdefg_L,T03,abcdefg,7,L,5,A3_PACKED,64,64,14,7,4.571429,0.5057,0.6508,0.1451,747,NO_DETECTION,,A4_T03_abcdefg_L_packed_b64.png
T03_abcdefg_L,T03,abcdefg,7,L,5,A3_PACKED,80,80,18,7,4.444444,0.5057,0.6871,0.1814,1131,NO_DETECTION,,A4_T03_abcdefg_L_packed_b80.png
T03_abcdefg_L,T03,abcdefg,7,L,5,A3_PACKED,96,96,24,7,4,0.5057,0.7234,0.2177,1531,NO_DETECTION,,A4_T03_abcdefg_L_packed_b96.png
T03_abcdefg_L,T03,abcdefg,7,L,5,A3_PACKED,100,100,26,7,3.846154,0.5057,0.7324,0.2268,1599,NO_DETECTION,,A4_T03_abcdefg_L_packed_b100.png
T03_abcdefg_M,T03,abcdefg,7,M,7,A3_PACKED,0,0,0,0,0,0.5147,0.5147,0,528,EXACT,,A4_T03_abcdefg_M_packed_b0.png
T03_abcdefg_M,T03,abcdefg,7,M,7,A3_PACKED,1,1,1,1,1,0.5147,0.517,0.0023,523,EXACT,,A4_T03_abcdefg_M_packed_b1.png
T03_abcdefg_M,T03,abcdefg,7,M,7,A3_PACKED,2,2,1,2,2,0.5147,0.5193,0.0045,523,EXACT,,A4_T03_abcdefg_M_packed_b2.png
T03_abcdefg_M,T03,abcdefg,7,M,7,A3_PACKED,4,4,1,4,4,0.5147,0.5238,0.0091,523,EXACT,,A4_T03_abcdefg_M_packed_b4.png
T03_abcdefg_M,T03,abcdefg,7,M,7,A3_PACKED,6,6,1,6,6,0.5147,0.5283,0.0136,535,EXACT,,A4_T03_abcdefg_M_packed_b6.png
T03_abcdefg_M,T03,abcdefg,7,M,7,A3_PACKED,8,8,2,7,4,0.5147,0.5329,0.0181,545,EXACT,,A4_T03_abcdefg_M_packed_b8.png
T03_abcdefg_M,T03,abcdefg,7,M,7,A3_PACKED,10,10,2,7,5,0.5147,0.5374,0.0227,548,EXACT,,A4_T03_abcdefg_M_packed_b10.png
T03_abcdefg_M,T03,abcdefg,7,M,7,A3_PACKED,12,12,2,7,6,0.5147,0.542,0.0272,582,EXACT,,A4_T03_abcdefg_M_packed_b12.png
T03_abcdefg_M,T03,abcdefg,7,M,7,A3_PACKED,16,16,3,7,5.333333,0.5147,0.551,0.0363,599,EXACT,,A4_T03_abcdefg_M_packed_b16.png
T03_abcdefg_M,T03,abcdefg,7,M,7,A3_PACKED,20,20,4,7,5,0.5147,0.5601,0.0454,612,EXACT,,A4_T03_abcdefg_M_packed_b20.png
T03_abcdefg_M,T03,abcdefg,7,M,7,A3_PACKED,24,24,5,7,4.8,0.5147,0.5692,0.0544,630,EXACT,,A4_T03_abcdefg_M_packed_b24.png
T03_abcdefg_M,T03,abcdefg,7,M,7,A3_PACKED,32,32,6,7,5.333333,0.5147,0.5873,0.0726,672,NO_DETECTION,,A4_T03_abcdefg_M_packed_b32.png
T03_abcdefg_M,T03,abcdefg,7,M,7,A3_PACKED,40,40,8,7,5,0.5147,0.6054,0.0907,862,NO_DETECTION,,A4_T03_abcdefg_M_packed_b40.png
T03_abcdefg_M,T03,abcdefg,7,M,7,A3_PACKED,48,48,10,7,4.8,0.5147,0.6236,0.1088,1004,NO_DETECTION,,A4_T03_abcdefg_M_packed_b48.png
T03_abcdefg_M,T03,abcdefg,7,M,7,A3_PACKED,64,64,14,7,4.571429,0.5147,0.6599,0.1451,1085,NO_DETECTION,,A4_T03_abcdefg_M_packed_b64.png
T03_abcdefg_M,T03,abcdefg,7,M,7,A3_PACKED,80,80,18,7,4.444444,0.5147,0.6961,0.1814,1241,NO_DETECTION,,A4_T03_abcdefg_M_packed_b80.png
T03_abcdefg_M,T03,abcdefg,7,M,7,A3_PACKED,96,96,25,7,3.84,0.5147,0.7324,0.2177,1605,NO_DETECTION,,A4_T03_abcdefg_M_packed_b96.png
T03_abcdefg_M,T03,abcdefg,7,M,7,A3_PACKED,98,98,26,7,3.769231,0.5147,0.737,0.2222,1695,NO_DETECTION,,A4_T03_abcdefg_M_packed_b98.png
T03_abcdefg_Q,T03,abcdefg,7,Q,5,A3_PACKED,0,0,0,0,0,0.5193,0.5193,0,390,EXACT,,A4_T03_abcdefg_Q_packed_b0.png
T03_abcdefg_Q,T03,abcdefg,7,Q,5,A3_PACKED,1,1,1,1,1,0.5193,0.5215,0.0023,374,EXACT,,A4_T03_abcdefg_Q_packed_b1.png
T03_abcdefg_Q,T03,abcdefg,7,Q,5,A3_PACKED,2,2,1,2,2,0.5193,0.5238,0.0045,365,EXACT,,A4_T03_abcdefg_Q_packed_b2.png
T03_abcdefg_Q,T03,abcdefg,7,Q,5,A3_PACKED,4,4,1,4,4,0.5193,0.5283,0.0091,365,EXACT,,A4_T03_abcdefg_Q_packed_b4.png
T03_abcdefg_Q,T03,abcdefg,7,Q,5,A3_PACKED,6,6,1,6,6,0.5193,0.5329,0.0136,370,EXACT,,A4_T03_abcdefg_Q_packed_b6.png
T03_abcdefg_Q,T03,abcdefg,7,Q,5,A3_PACKED,8,8,2,7,4,0.5193,0.5374,0.0181,377,EXACT,,A4_T03_abcdefg_Q_packed_b8.png
T03_abcdefg_Q,T03,abcdefg,7,Q,5,A3_PACKED,10,10,2,7,5,0.5193,0.542,0.0227,374,EXACT,,A4_T03_abcdefg_Q_packed_b10.png
T03_abcdefg_Q,T03,abcdefg,7,Q,5,A3_PACKED,12,12,2,7,6,0.5193,0.5465,0.0272,383,EXACT,,A4_T03_abcdefg_Q_packed_b12.png
T03_abcdefg_Q,T03,abcdefg,7,Q,5,A3_PACKED,16,16,3,7,5.333333,0.5193,0.5556,0.0363,476,EXACT,,A4_T03_abcdefg_Q_packed_b16.png
T03_abcdefg_Q,T03,abcdefg,7,Q,5,A3_PACKED,20,20,3,7,6.666667,0.5193,0.5646,0.0454,500,EXACT,,A4_T03_abcdefg_Q_packed_b20.png
T03_abcdefg_Q,T03,abcdefg,7,Q,5,A3_PACKED,24,24,4,7,6,0.5193,0.5737,0.0544,509,EXACT,,A4_T03_abcdefg_Q_packed_b24.png
T03_abcdefg_Q,T03,abcdefg,7,Q,5,A3_PACKED,32,32,6,7,5.333333,0.5193,0.5918,0.0726,550,EXACT,,A4_T03_abcdefg_Q_packed_b32.png
T03_abcdefg_Q,T03,abcdefg,7,Q,5,A3_PACKED,40,40,7,7,5.714286,0.5193,0.61,0.0907,749,NO_DETECTION,,A4_T03_abcdefg_Q_packed_b40.png
T03_abcdefg_Q,T03,abcdefg,7,Q,5,A3_PACKED,48,48,9,7,5.333333,0.5193,0.6281,0.1088,779,NO_DETECTION,,A4_T03_abcdefg_Q_packed_b48.png
T03_abcdefg_Q,T03,abcdefg,7,Q,5,A3_PACKED,64,64,13,7,4.923077,0.5193,0.6644,0.1451,1025,NO_DETECTION,,A4_T03_abcdefg_Q_packed_b64.png
T03_abcdefg_Q,T03,abcdefg,7,Q,5,A3_PACKED,80,80,18,7,4.444444,0.5193,0.7007,0.1814,1534,NO_DETECTION,,A4_T03_abcdefg_Q_packed_b80.png
T03_abcdefg_Q,T03,abcdefg,7,Q,5,A3_PACKED,96,96,23,7,4.173913,0.5193,0.737,0.2177,1699,NO_DETECTION,,A4_T03_abcdefg_Q_packed_b96.png
T03_abcdefg_Q,T03,abcdefg,7,Q,5,A3_PACKED,98,98,25,7,3.92,0.5193,0.7415,0.2222,1787,NO_DETECTION,,A4_T03_abcdefg_Q_packed_b98.png
T03_abcdefg_H,T03,abcdefg,7,H,3,A3_PACKED,0,0,0,0,0,0.5283,0.5283,0,543,EXACT,,A4_T03_abcdefg_H_packed_b0.png
T03_abcdefg_H,T03,abcdefg,7,H,3,A3_PACKED,1,1,1,1,1,0.5283,0.5306,0.0023,525,EXACT,,A4_T03_abcdefg_H_packed_b1.png
T03_abcdefg_H,T03,abcdefg,7,H,3,A3_PACKED,2,2,1,2,2,0.5283,0.5329,0.0045,518,EXACT,,A4_T03_abcdefg_H_packed_b2.png
T03_abcdefg_H,T03,abcdefg,7,H,3,A3_PACKED,4,4,1,4,4,0.5283,0.5374,0.0091,515,EXACT,,A4_T03_abcdefg_H_packed_b4.png
T03_abcdefg_H,T03,abcdefg,7,H,3,A3_PACKED,6,6,1,6,6,0.5283,0.542,0.0136,524,EXACT,,A4_T03_abcdefg_H_packed_b6.png
T03_abcdefg_H,T03,abcdefg,7,H,3,A3_PACKED,8,8,2,7,4,0.5283,0.5465,0.0181,528,EXACT,,A4_T03_abcdefg_H_packed_b8.png
T03_abcdefg_H,T03,abcdefg,7,H,3,A3_PACKED,10,10,2,7,5,0.5283,0.551,0.0227,538,EXACT,,A4_T03_abcdefg_H_packed_b10.png
T03_abcdefg_H,T03,abcdefg,7,H,3,A3_PACKED,12,12,2,7,6,0.5283,0.5556,0.0272,529,EXACT,,A4_T03_abcdefg_H_packed_b12.png
T03_abcdefg_H,T03,abcdefg,7,H,3,A3_PACKED,16,16,3,7,5.333333,0.5283,0.5646,0.0363,542,EXACT,,A4_T03_abcdefg_H_packed_b16.png
T03_abcdefg_H,T03,abcdefg,7,H,3,A3_PACKED,20,20,4,7,5,0.5283,0.5737,0.0454,552,EXACT,,A4_T03_abcdefg_H_packed_b20.png
T03_abcdefg_H,T03,abcdefg,7,H,3,A3_PACKED,24,24,4,7,6,0.5283,0.5828,0.0544,583,EXACT,,A4_T03_abcdefg_H_packed_b24.png
T03_abcdefg_H,T03,abcdefg,7,H,3,A3_PACKED,32,32,6,7,5.333333,0.5283,0.6009,0.0726,636,EXACT,,A4_T03_abcdefg_H_packed_b32.png
T03_abcdefg_H,T03,abcdefg,7,H,3,A3_PACKED,40,40,8,7,5,0.5283,0.619,0.0907,719,EXACT,,A4_T03_abcdefg_H_packed_b40.png
T03_abcdefg_H,T03,abcdefg,7,H,3,A3_PACKED,48,48,10,7,4.8,0.5283,0.6372,0.1088,773,NO_DETECTION,,A4_T03_abcdefg_H_packed_b48.png
T03_abcdefg_H,T03,abcdefg,7,H,3,A3_PACKED,64,64,14,7,4.571429,0.5283,0.6735,0.1451,1052,NO_DETECTION,,A4_T03_abcdefg_H_packed_b64.png
T03_abcdefg_H,T03,abcdefg,7,H,3,A3_PACKED,80,80,19,7,4.210526,0.5283,0.7098,0.1814,1237,NO_DETECTION,,A4_T03_abcdefg_H_packed_b80.png
T03_abcdefg_H,T03,abcdefg,7,H,3,A3_PACKED,94,94,26,7,3.615385,0.5283,0.7415,0.2132,1511,NO_DETECTION,,A4_T03_abcdefg_H_packed_b94.png
T04_a_L,T04,a,1,L,0,A3_PACKED,0,0,0,0,0,0.5034,0.5034,0,378,EXACT,,A4_T04_a_L_packed_b0.png
T04_a_L,T04,a,1,L,0,A3_PACKED,1,1,1,1,1,0.5034,0.5057,0.0023,378,EXACT,,A4_T04_a_L_packed_b1.png
T04_a_L,T04,a,1,L,0,A3_PACKED,2,2,1,2,2,0.5034,0.5079,0.0045,378,EXACT,,A4_T04_a_L_packed_b2.png
T04_a_L,T04,a,1,L,0,A3_PACKED,4,4,1,4,4,0.5034,0.5125,0.0091,378,EXACT,,A4_T04_a_L_packed_b4.png
T04_a_L,T04,a,1,L,0,A3_PACKED,6,6,1,6,6,0.5034,0.517,0.0136,395,EXACT,,A4_T04_a_L_packed_b6.png
T04_a_L,T04,a,1,L,0,A3_PACKED,8,8,2,6,4,0.5034,0.5215,0.0181,395,EXACT,,A4_T04_a_L_packed_b8.png
T04_a_L,T04,a,1,L,0,A3_PACKED,10,10,2,6,5,0.5034,0.5261,0.0227,398,EXACT,,A4_T04_a_L_packed_b10.png
T04_a_L,T04,a,1,L,0,A3_PACKED,12,12,2,6,6,0.5034,0.5306,0.0272,423,EXACT,,A4_T04_a_L_packed_b12.png
T04_a_L,T04,a,1,L,0,A3_PACKED,16,16,3,6,5.333333,0.5034,0.5397,0.0363,434,EXACT,,A4_T04_a_L_packed_b16.png
T04_a_L,T04,a,1,L,0,A3_PACKED,20,20,4,6,5,0.5034,0.5488,0.0454,502,NO_DETECTION,,A4_T04_a_L_packed_b20.png
T04_a_L,T04,a,1,L,0,A3_PACKED,24,24,5,6,4.8,0.5034,0.5578,0.0544,501,NO_DETECTION,,A4_T04_a_L_packed_b24.png
T04_a_L,T04,a,1,L,0,A3_PACKED,32,32,6,6,5.333333,0.5034,0.576,0.0726,513,NO_DETECTION,,A4_T04_a_L_packed_b32.png
T04_a_L,T04,a,1,L,0,A3_PACKED,40,40,8,6,5,0.5034,0.5941,0.0907,574,NO_DETECTION,,A4_T04_a_L_packed_b40.png
T04_a_L,T04,a,1,L,0,A3_PACKED,48,48,10,6,4.8,0.5034,0.6122,0.1088,595,NO_DETECTION,,A4_T04_a_L_packed_b48.png
T04_a_L,T04,a,1,L,0,A3_PACKED,64,64,14,6,4.571429,0.5034,0.6485,0.1451,692,NO_DETECTION,,A4_T04_a_L_packed_b64.png
T04_a_L,T04,a,1,L,0,A3_PACKED,80,80,19,6,4.210526,0.5034,0.6848,0.1814,738,NO_DETECTION,,A4_T04_a_L_packed_b80.png
T04_a_L,T04,a,1,L,0,A3_PACKED,96,96,24,6,4,0.5034,0.7211,0.2177,940,NO_DETECTION,,A4_T04_a_L_packed_b96.png
T04_a_L,T04,a,1,L,0,A3_PACKED,101,101,26,6,3.884615,0.5034,0.7324,0.229,1038,NO_DETECTION,,A4_T04_a_L_packed_b101.png
T04_a_M,T04,a,1,M,3,A3_PACKED,0,0,0,0,0,0.5125,0.5125,0,402,EXACT,,A4_T04_a_M_packed_b0.png
T04_a_M,T04,a,1,M,3,A3_PACKED,1,1,1,1,1,0.5125,0.5147,0.0023,402,EXACT,,A4_T04_a_M_packed_b1.png
T04_a_M,T04,a,1,M,3,A3_PACKED,2,2,1,2,2,0.5125,0.517,0.0045,402,EXACT,,A4_T04_a_M_packed_b2.png
T04_a_M,T04,a,1,M,3,A3_PACKED,4,4,1,4,4,0.5125,0.5215,0.0091,410,EXACT,,A4_T04_a_M_packed_b4.png
T04_a_M,T04,a,1,M,3,A3_PACKED,6,6,1,6,6,0.5125,0.5261,0.0136,456,EXACT,,A4_T04_a_M_packed_b6.png
T04_a_M,T04,a,1,M,3,A3_PACKED,8,8,2,6,4,0.5125,0.5306,0.0181,411,EXACT,,A4_T04_a_M_packed_b8.png
T04_a_M,T04,a,1,M,3,A3_PACKED,10,10,2,6,5,0.5125,0.5351,0.0227,420,EXACT,,A4_T04_a_M_packed_b10.png
T04_a_M,T04,a,1,M,3,A3_PACKED,12,12,3,6,4,0.5125,0.5397,0.0272,430,EXACT,,A4_T04_a_M_packed_b12.png
T04_a_M,T04,a,1,M,3,A3_PACKED,16,16,3,6,5.333333,0.5125,0.5488,0.0363,444,EXACT,,A4_T04_a_M_packed_b16.png
T04_a_M,T04,a,1,M,3,A3_PACKED,20,20,4,6,5,0.5125,0.5578,0.0454,456,EXACT,,A4_T04_a_M_packed_b20.png
T04_a_M,T04,a,1,M,3,A3_PACKED,24,24,5,6,4.8,0.5125,0.5669,0.0544,462,EXACT,,A4_T04_a_M_packed_b24.png
T04_a_M,T04,a,1,M,3,A3_PACKED,32,32,7,6,4.571429,0.5125,0.585,0.0726,526,NO_DETECTION,,A4_T04_a_M_packed_b32.png
T04_a_M,T04,a,1,M,3,A3_PACKED,40,40,8,6,5,0.5125,0.6032,0.0907,574,NO_DETECTION,,A4_T04_a_M_packed_b40.png
T04_a_M,T04,a,1,M,3,A3_PACKED,48,48,10,6,4.8,0.5125,0.6213,0.1088,649,NO_DETECTION,,A4_T04_a_M_packed_b48.png
T04_a_M,T04,a,1,M,3,A3_PACKED,64,64,14,6,4.571429,0.5125,0.6576,0.1451,683,NO_DETECTION,,A4_T04_a_M_packed_b64.png
T04_a_M,T04,a,1,M,3,A3_PACKED,80,80,19,6,4.210526,0.5125,0.6939,0.1814,875,NO_DETECTION,,A4_T04_a_M_packed_b80.png
T04_a_M,T04,a,1,M,3,A3_PACKED,93,93,26,6,3.576923,0.5125,0.7234,0.2109,982,NO_DETECTION,,A4_T04_a_M_packed_b93.png
T04_a_Q,T04,a,1,Q,3,A3_PACKED,0,0,0,0,0,0.5125,0.5125,0,491,EXACT,,A4_T04_a_Q_packed_b0.png
T04_a_Q,T04,a,1,Q,3,A3_PACKED,1,1,1,1,1,0.5125,0.5147,0.0023,485,EXACT,,A4_T04_a_Q_packed_b1.png
T04_a_Q,T04,a,1,Q,3,A3_PACKED,2,2,1,2,2,0.5125,0.517,0.0045,485,EXACT,,A4_T04_a_Q_packed_b2.png
T04_a_Q,T04,a,1,Q,3,A3_PACKED,4,4,1,4,4,0.5125,0.5215,0.0091,485,EXACT,,A4_T04_a_Q_packed_b4.png
T04_a_Q,T04,a,1,Q,3,A3_PACKED,6,6,1,6,6,0.5125,0.5261,0.0136,485,EXACT,,A4_T04_a_Q_packed_b6.png
T04_a_Q,T04,a,1,Q,3,A3_PACKED,8,8,2,6,4,0.5125,0.5306,0.0181,479,EXACT,,A4_T04_a_Q_packed_b8.png
T04_a_Q,T04,a,1,Q,3,A3_PACKED,10,10,2,6,5,0.5125,0.5351,0.0227,483,EXACT,,A4_T04_a_Q_packed_b10.png
T04_a_Q,T04,a,1,Q,3,A3_PACKED,12,12,2,6,6,0.5125,0.5397,0.0272,499,EXACT,,A4_T04_a_Q_packed_b12.png
T04_a_Q,T04,a,1,Q,3,A3_PACKED,16,16,3,6,5.333333,0.5125,0.5488,0.0363,502,EXACT,,A4_T04_a_Q_packed_b16.png
T04_a_Q,T04,a,1,Q,3,A3_PACKED,20,20,4,6,5,0.5125,0.5578,0.0454,514,EXACT,,A4_T04_a_Q_packed_b20.png
T04_a_Q,T04,a,1,Q,3,A3_PACKED,24,24,5,6,4.8,0.5125,0.5669,0.0544,531,EXACT,,A4_T04_a_Q_packed_b24.png
T04_a_Q,T04,a,1,Q,3,A3_PACKED,32,32,6,6,5.333333,0.5125,0.585,0.0726,609,EXACT,,A4_T04_a_Q_packed_b32.png
T04_a_Q,T04,a,1,Q,3,A3_PACKED,40,40,8,6,5,0.5125,0.6032,0.0907,628,NO_DETECTION,,A4_T04_a_Q_packed_b40.png
T04_a_Q,T04,a,1,Q,3,A3_PACKED,48,48,10,6,4.8,0.5125,0.6213,0.1088,613,NO_DETECTION,,A4_T04_a_Q_packed_b48.png
T04_a_Q,T04,a,1,Q,3,A3_PACKED,64,64,14,6,4.571429,0.5125,0.6576,0.1451,681,NO_DETECTION,,A4_T04_a_Q_packed_b64.png
T04_a_Q,T04,a,1,Q,3,A3_PACKED,80,80,19,6,4.210526,0.5125,0.6939,0.1814,810,NO_DETECTION,,A4_T04_a_Q_packed_b80.png
T04_a_Q,T04,a,1,Q,3,A3_PACKED,91,91,26,6,3.5,0.5125,0.7188,0.2063,941,NO_DETECTION,,A4_T04_a_Q_packed_b91.png
T04_a_H,T04,a,1,H,3,A3_PACKED,0,0,0,0,0,0.5215,0.5215,0,466,EXACT,,A4_T04_a_H_packed_b0.png
T04_a_H,T04,a,1,H,3,A3_PACKED,1,1,1,1,1,0.5215,0.5238,0.0023,460,EXACT,,A4_T04_a_H_packed_b1.png
T04_a_H,T04,a,1,H,3,A3_PACKED,2,2,1,2,2,0.5215,0.5261,0.0045,394,EXACT,,A4_T04_a_H_packed_b2.png
T04_a_H,T04,a,1,H,3,A3_PACKED,4,4,1,4,4,0.5215,0.5306,0.0091,414,EXACT,,A4_T04_a_H_packed_b4.png
T04_a_H,T04,a,1,H,3,A3_PACKED,6,6,1,6,6,0.5215,0.5351,0.0136,391,EXACT,,A4_T04_a_H_packed_b6.png
T04_a_H,T04,a,1,H,3,A3_PACKED,8,8,2,7,4,0.5215,0.5397,0.0181,395,EXACT,,A4_T04_a_H_packed_b8.png
T04_a_H,T04,a,1,H,3,A3_PACKED,10,10,2,7,5,0.5215,0.5442,0.0227,389,EXACT,,A4_T04_a_H_packed_b10.png
T04_a_H,T04,a,1,H,3,A3_PACKED,12,12,2,7,6,0.5215,0.5488,0.0272,398,EXACT,,A4_T04_a_H_packed_b12.png
T04_a_H,T04,a,1,H,3,A3_PACKED,16,16,3,7,5.333333,0.5215,0.5578,0.0363,408,EXACT,,A4_T04_a_H_packed_b16.png
T04_a_H,T04,a,1,H,3,A3_PACKED,20,20,3,7,6.666667,0.5215,0.5669,0.0454,427,EXACT,,A4_T04_a_H_packed_b20.png
T04_a_H,T04,a,1,H,3,A3_PACKED,24,24,4,7,6,0.5215,0.576,0.0544,443,EXACT,,A4_T04_a_H_packed_b24.png
T04_a_H,T04,a,1,H,3,A3_PACKED,32,32,6,7,5.333333,0.5215,0.5941,0.0726,520,EXACT,,A4_T04_a_H_packed_b32.png
T04_a_H,T04,a,1,H,3,A3_PACKED,40,40,7,7,5.714286,0.5215,0.6122,0.0907,627,EXACT,,A4_T04_a_H_packed_b40.png
T04_a_H,T04,a,1,H,3,A3_PACKED,48,48,9,7,5.333333,0.5215,0.6304,0.1088,654,NO_DETECTION,,A4_T04_a_H_packed_b48.png
T04_a_H,T04,a,1,H,3,A3_PACKED,64,64,13,7,4.923077,0.5215,0.6667,0.1451,745,NO_DETECTION,,A4_T04_a_H_packed_b64.png
T04_a_H,T04,a,1,H,3,A3_PACKED,80,80,18,7,4.444444,0.5215,0.7029,0.1814,897,NO_DETECTION,,A4_T04_a_H_packed_b80.png
T04_a_H,T04,a,1,H,3,A3_PACKED,96,96,25,7,3.84,0.5215,0.7392,0.2177,1076,NO_DETECTION,,A4_T04_a_H_packed_b96.png
T04_a_H,T04,a,1,H,3,A3_PACKED,97,97,26,7,3.730769,0.5215,0.7415,0.22,1091,NO_DETECTION,,A4_T04_a_H_packed_b97.png
T04_g-co_L,T04,g.co,4,L,6,A3_PACKED,0,0,0,0,0,0.5079,0.5079,0,381,EXACT,,A4_T04_g-co_L_packed_b0.png
T04_g-co_L,T04,g.co,4,L,6,A3_PACKED,1,1,1,1,1,0.5079,0.5102,0.0023,370,EXACT,,A4_T04_g-co_L_packed_b1.png
T04_g-co_L,T04,g.co,4,L,6,A3_PACKED,2,2,1,2,2,0.5079,0.5125,0.0045,370,EXACT,,A4_T04_g-co_L_packed_b2.png
T04_g-co_L,T04,g.co,4,L,6,A3_PACKED,4,4,1,4,4,0.5079,0.517,0.0091,367,EXACT,,A4_T04_g-co_L_packed_b4.png
T04_g-co_L,T04,g.co,4,L,6,A3_PACKED,6,6,1,6,6,0.5079,0.5215,0.0136,374,EXACT,,A4_T04_g-co_L_packed_b6.png
T04_g-co_L,T04,g.co,4,L,6,A3_PACKED,8,8,2,7,4,0.5079,0.5261,0.0181,375,EXACT,,A4_T04_g-co_L_packed_b8.png
T04_g-co_L,T04,g.co,4,L,6,A3_PACKED,10,10,2,7,5,0.5079,0.5306,0.0227,372,EXACT,,A4_T04_g-co_L_packed_b10.png
T04_g-co_L,T04,g.co,4,L,6,A3_PACKED,12,12,2,7,6,0.5079,0.5351,0.0272,388,EXACT,,A4_T04_g-co_L_packed_b12.png
T04_g-co_L,T04,g.co,4,L,6,A3_PACKED,16,16,3,7,5.333333,0.5079,0.5442,0.0363,382,EXACT,,A4_T04_g-co_L_packed_b16.png
T04_g-co_L,T04,g.co,4,L,6,A3_PACKED,20,20,4,7,5,0.5079,0.5533,0.0454,407,NO_DETECTION,,A4_T04_g-co_L_packed_b20.png
T04_g-co_L,T04,g.co,4,L,6,A3_PACKED,24,24,4,7,6,0.5079,0.5624,0.0544,428,NO_DETECTION,,A4_T04_g-co_L_packed_b24.png
T04_g-co_L,T04,g.co,4,L,6,A3_PACKED,32,32,6,7,5.333333,0.5079,0.5805,0.0726,545,NO_DETECTION,,A4_T04_g-co_L_packed_b32.png
T04_g-co_L,T04,g.co,4,L,6,A3_PACKED,40,40,7,7,5.714286,0.5079,0.5986,0.0907,581,NO_DETECTION,,A4_T04_g-co_L_packed_b40.png
T04_g-co_L,T04,g.co,4,L,6,A3_PACKED,48,48,9,7,5.333333,0.5079,0.6168,0.1088,647,NO_DETECTION,,A4_T04_g-co_L_packed_b48.png
T04_g-co_L,T04,g.co,4,L,6,A3_PACKED,64,64,13,7,4.923077,0.5079,0.6531,0.1451,755,NO_DETECTION,,A4_T04_g-co_L_packed_b64.png
T04_g-co_L,T04,g.co,4,L,6,A3_PACKED,80,80,17,7,4.705882,0.5079,0.6893,0.1814,975,NO_DETECTION,,A4_T04_g-co_L_packed_b80.png
T04_g-co_L,T04,g.co,4,L,6,A3_PACKED,96,96,25,7,3.84,0.5079,0.7256,0.2177,1114,NO_DETECTION,,A4_T04_g-co_L_packed_b96.png
T04_g-co_L,T04,g.co,4,L,6,A3_PACKED,97,97,26,7,3.730769,0.5079,0.7279,0.22,1133,NO_DETECTION,,A4_T04_g-co_L_packed_b97.png
T04_g-co_M,T04,g.co,4,M,7,A3_PACKED,0,0,0,0,0,0.5261,0.5261,0,565,EXACT,,A4_T04_g-co_M_packed_b0.png
T04_g-co_M,T04,g.co,4,M,7,A3_PACKED,1,1,1,1,1,0.5261,0.5283,0.0023,556,EXACT,,A4_T04_g-co_M_packed_b1.png
T04_g-co_M,T04,g.co,4,M,7,A3_PACKED,2,2,1,2,2,0.5261,0.5306,0.0045,551,EXACT,,A4_T04_g-co_M_packed_b2.png
T04_g-co_M,T04,g.co,4,M,7,A3_PACKED,4,4,1,4,4,0.5261,0.5351,0.0091,548,EXACT,,A4_T04_g-co_M_packed_b4.png
T04_g-co_M,T04,g.co,4,M,7,A3_PACKED,6,6,1,6,6,0.5261,0.5397,0.0136,563,EXACT,,A4_T04_g-co_M_packed_b6.png
T04_g-co_M,T04,g.co,4,M,7,A3_PACKED,8,8,2,7,4,0.5261,0.5442,0.0181,568,EXACT,,A4_T04_g-co_M_packed_b8.png
T04_g-co_M,T04,g.co,4,M,7,A3_PACKED,10,10,2,7,5,0.5261,0.5488,0.0227,572,EXACT,,A4_T04_g-co_M_packed_b10.png
T04_g-co_M,T04,g.co,4,M,7,A3_PACKED,12,12,2,7,6,0.5261,0.5533,0.0272,588,EXACT,,A4_T04_g-co_M_packed_b12.png
T04_g-co_M,T04,g.co,4,M,7,A3_PACKED,16,16,3,7,5.333333,0.5261,0.5624,0.0363,602,EXACT,,A4_T04_g-co_M_packed_b16.png
T04_g-co_M,T04,g.co,4,M,7,A3_PACKED,20,20,4,7,5,0.5261,0.5714,0.0454,647,EXACT,,A4_T04_g-co_M_packed_b20.png
T04_g-co_M,T04,g.co,4,M,7,A3_PACKED,24,24,4,7,6,0.5261,0.5805,0.0544,635,EXACT,,A4_T04_g-co_M_packed_b24.png
T04_g-co_M,T04,g.co,4,M,7,A3_PACKED,32,32,6,7,5.333333,0.5261,0.5986,0.0726,643,NO_DETECTION,,A4_T04_g-co_M_packed_b32.png
T04_g-co_M,T04,g.co,4,M,7,A3_PACKED,40,40,8,7,5,0.5261,0.6168,0.0907,681,NO_DETECTION,,A4_T04_g-co_M_packed_b40.png
T04_g-co_M,T04,g.co,4,M,7,A3_PACKED,48,48,10,7,4.8,0.5261,0.6349,0.1088,730,NO_DETECTION,,A4_T04_g-co_M_packed_b48.png
T04_g-co_M,T04,g.co,4,M,7,A3_PACKED,64,64,15,7,4.266667,0.5261,0.6712,0.1451,813,NO_DETECTION,,A4_T04_g-co_M_packed_b64.png
T04_g-co_M,T04,g.co,4,M,7,A3_PACKED,80,80,20,7,4,0.5261,0.7075,0.1814,981,NO_DETECTION,,A4_T04_g-co_M_packed_b80.png
T04_g-co_M,T04,g.co,4,M,7,A3_PACKED,91,91,26,7,3.5,0.5261,0.7324,0.2063,1165,NO_DETECTION,,A4_T04_g-co_M_packed_b91.png
T04_g-co_Q,T04,g.co,4,Q,5,A3_PACKED,0,0,0,0,0,0.5079,0.5079,0,449,EXACT,,A4_T04_g-co_Q_packed_b0.png
T04_g-co_Q,T04,g.co,4,Q,5,A3_PACKED,1,1,1,1,1,0.5079,0.5102,0.0023,443,EXACT,,A4_T04_g-co_Q_packed_b1.png
T04_g-co_Q,T04,g.co,4,Q,5,A3_PACKED,2,2,1,2,2,0.5079,0.5125,0.0045,443,EXACT,,A4_T04_g-co_Q_packed_b2.png
T04_g-co_Q,T04,g.co,4,Q,5,A3_PACKED,4,4,1,4,4,0.5079,0.517,0.0091,446,EXACT,,A4_T04_g-co_Q_packed_b4.png
T04_g-co_Q,T04,g.co,4,Q,5,A3_PACKED,6,6,1,6,6,0.5079,0.5215,0.0136,461,EXACT,,A4_T04_g-co_Q_packed_b6.png
T04_g-co_Q,T04,g.co,4,Q,5,A3_PACKED,8,8,2,7,4,0.5079,0.5261,0.0181,475,EXACT,,A4_T04_g-co_Q_packed_b8.png
T04_g-co_Q,T04,g.co,4,Q,5,A3_PACKED,10,10,2,7,5,0.5079,0.5306,0.0227,475,EXACT,,A4_T04_g-co_Q_packed_b10.png
T04_g-co_Q,T04,g.co,4,Q,5,A3_PACKED,12,12,2,7,6,0.5079,0.5351,0.0272,482,EXACT,,A4_T04_g-co_Q_packed_b12.png
T04_g-co_Q,T04,g.co,4,Q,5,A3_PACKED,16,16,3,7,5.333333,0.5079,0.5442,0.0363,485,EXACT,,A4_T04_g-co_Q_packed_b16.png
T04_g-co_Q,T04,g.co,4,Q,5,A3_PACKED,20,20,4,7,5,0.5079,0.5533,0.0454,489,EXACT,,A4_T04_g-co_Q_packed_b20.png
T04_g-co_Q,T04,g.co,4,Q,5,A3_PACKED,24,24,5,7,4.8,0.5079,0.5624,0.0544,506,EXACT,,A4_T04_g-co_Q_packed_b24.png
T04_g-co_Q,T04,g.co,4,Q,5,A3_PACKED,32,32,6,7,5.333333,0.5079,0.5805,0.0726,542,EXACT,,A4_T04_g-co_Q_packed_b32.png
T04_g-co_Q,T04,g.co,4,Q,5,A3_PACKED,40,40,8,7,5,0.5079,0.5986,0.0907,580,NO_DETECTION,,A4_T04_g-co_Q_packed_b40.png
T04_g-co_Q,T04,g.co,4,Q,5,A3_PACKED,48,48,10,7,4.8,0.5079,0.6168,0.1088,601,NO_DETECTION,,A4_T04_g-co_Q_packed_b48.png
T04_g-co_Q,T04,g.co,4,Q,5,A3_PACKED,64,64,14,7,4.571429,0.5079,0.6531,0.1451,726,NO_DETECTION,,A4_T04_g-co_Q_packed_b64.png
T04_g-co_Q,T04,g.co,4,Q,5,A3_PACKED,80,80,19,7,4.210526,0.5079,0.6893,0.1814,883,NO_DETECTION,,A4_T04_g-co_Q_packed_b80.png
T04_g-co_Q,T04,g.co,4,Q,5,A3_PACKED,96,96,25,7,3.84,0.5079,0.7256,0.2177,1167,NO_DETECTION,,A4_T04_g-co_Q_packed_b96.png
T04_g-co_Q,T04,g.co,4,Q,5,A3_PACKED,99,99,26,7,3.807692,0.5079,0.7324,0.2245,1195,NO_DETECTION,,A4_T04_g-co_Q_packed_b99.png
T04_g-co_H,T04,g.co,4,H,3,A3_PACKED,0,0,0,0,0,0.5079,0.5079,0,402,EXACT,,A4_T04_g-co_H_packed_b0.png
T04_g-co_H,T04,g.co,4,H,3,A3_PACKED,1,1,1,1,1,0.5079,0.5102,0.0023,390,EXACT,,A4_T04_g-co_H_packed_b1.png
T04_g-co_H,T04,g.co,4,H,3,A3_PACKED,2,2,1,2,2,0.5079,0.5125,0.0045,387,EXACT,,A4_T04_g-co_H_packed_b2.png
T04_g-co_H,T04,g.co,4,H,3,A3_PACKED,4,4,1,4,4,0.5079,0.517,0.0091,387,EXACT,,A4_T04_g-co_H_packed_b4.png
T04_g-co_H,T04,g.co,4,H,3,A3_PACKED,6,6,1,6,6,0.5079,0.5215,0.0136,399,EXACT,,A4_T04_g-co_H_packed_b6.png
T04_g-co_H,T04,g.co,4,H,3,A3_PACKED,8,8,2,7,4,0.5079,0.5261,0.0181,413,EXACT,,A4_T04_g-co_H_packed_b8.png
T04_g-co_H,T04,g.co,4,H,3,A3_PACKED,10,10,2,7,5,0.5079,0.5306,0.0227,407,EXACT,,A4_T04_g-co_H_packed_b10.png
T04_g-co_H,T04,g.co,4,H,3,A3_PACKED,12,12,2,7,6,0.5079,0.5351,0.0272,417,EXACT,,A4_T04_g-co_H_packed_b12.png
T04_g-co_H,T04,g.co,4,H,3,A3_PACKED,16,16,3,7,5.333333,0.5079,0.5442,0.0363,421,EXACT,,A4_T04_g-co_H_packed_b16.png
T04_g-co_H,T04,g.co,4,H,3,A3_PACKED,20,20,4,7,5,0.5079,0.5533,0.0454,445,EXACT,,A4_T04_g-co_H_packed_b20.png
T04_g-co_H,T04,g.co,4,H,3,A3_PACKED,24,24,4,7,6,0.5079,0.5624,0.0544,452,EXACT,,A4_T04_g-co_H_packed_b24.png
T04_g-co_H,T04,g.co,4,H,3,A3_PACKED,32,32,6,7,5.333333,0.5079,0.5805,0.0726,449,EXACT,,A4_T04_g-co_H_packed_b32.png
T04_g-co_H,T04,g.co,4,H,3,A3_PACKED,40,40,8,7,5,0.5079,0.5986,0.0907,494,EXACT,,A4_T04_g-co_H_packed_b40.png
T04_g-co_H,T04,g.co,4,H,3,A3_PACKED,48,48,9,7,5.333333,0.5079,0.6168,0.1088,606,NO_DETECTION,,A4_T04_g-co_H_packed_b48.png
T04_g-co_H,T04,g.co,4,H,3,A3_PACKED,64,64,13,7,4.923077,0.5079,0.6531,0.1451,690,NO_DETECTION,,A4_T04_g-co_H_packed_b64.png
T04_g-co_H,T04,g.co,4,H,3,A3_PACKED,80,80,17,7,4.705882,0.5079,0.6893,0.1814,844,NO_DETECTION,,A4_T04_g-co_H_packed_b80.png
T04_g-co_H,T04,g.co,4,H,3,A3_PACKED,96,96,22,7,4.363636,0.5079,0.7256,0.2177,1019,NO_DETECTION,,A4_T04_g-co_H_packed_b96.png
T04_g-co_H,T04,g.co,4,H,3,A3_PACKED,103,103,26,7,3.961538,0.5079,0.7415,0.2336,1091,NO_DETECTION,,A4_T04_g-co_H_packed_b103.png
T04_abcdefg_L,T04,abcdefg,7,L,0,A3_PACKED,0,0,0,0,0,0.5125,0.5125,0,357,EXACT,,A4_T04_abcdefg_L_packed_b0.png
T04_abcdefg_L,T04,abcdefg,7,L,0,A3_PACKED,1,1,1,1,1,0.5125,0.5147,0.0023,351,EXACT,,A4_T04_abcdefg_L_packed_b1.png
T04_abcdefg_L,T04,abcdefg,7,L,0,A3_PACKED,2,2,1,2,2,0.5125,0.517,0.0045,348,EXACT,,A4_T04_abcdefg_L_packed_b2.png
T04_abcdefg_L,T04,abcdefg,7,L,0,A3_PACKED,4,4,1,4,4,0.5125,0.5215,0.0091,348,EXACT,,A4_T04_abcdefg_L_packed_b4.png
T04_abcdefg_L,T04,abcdefg,7,L,0,A3_PACKED,6,6,1,6,6,0.5125,0.5261,0.0136,363,EXACT,,A4_T04_abcdefg_L_packed_b6.png
T04_abcdefg_L,T04,abcdefg,7,L,0,A3_PACKED,8,8,2,6,4,0.5125,0.5306,0.0181,363,EXACT,,A4_T04_abcdefg_L_packed_b8.png
T04_abcdefg_L,T04,abcdefg,7,L,0,A3_PACKED,10,10,2,6,5,0.5125,0.5351,0.0227,356,EXACT,,A4_T04_abcdefg_L_packed_b10.png
T04_abcdefg_L,T04,abcdefg,7,L,0,A3_PACKED,12,12,2,6,6,0.5125,0.5397,0.0272,377,EXACT,,A4_T04_abcdefg_L_packed_b12.png
T04_abcdefg_L,T04,abcdefg,7,L,0,A3_PACKED,16,16,3,6,5.333333,0.5125,0.5488,0.0363,377,EXACT,,A4_T04_abcdefg_L_packed_b16.png
T04_abcdefg_L,T04,abcdefg,7,L,0,A3_PACKED,20,20,4,6,5,0.5125,0.5578,0.0454,394,NO_DETECTION,,A4_T04_abcdefg_L_packed_b20.png
T04_abcdefg_L,T04,abcdefg,7,L,0,A3_PACKED,24,24,4,6,6,0.5125,0.5669,0.0544,430,NO_DETECTION,,A4_T04_abcdefg_L_packed_b24.png
T04_abcdefg_L,T04,abcdefg,7,L,0,A3_PACKED,32,32,6,6,5.333333,0.5125,0.585,0.0726,499,NO_DETECTION,,A4_T04_abcdefg_L_packed_b32.png
T04_abcdefg_L,T04,abcdefg,7,L,0,A3_PACKED,40,40,7,6,5.714286,0.5125,0.6032,0.0907,541,NO_DETECTION,,A4_T04_abcdefg_L_packed_b40.png
T04_abcdefg_L,T04,abcdefg,7,L,0,A3_PACKED,48,48,9,6,5.333333,0.5125,0.6213,0.1088,587,NO_DETECTION,,A4_T04_abcdefg_L_packed_b48.png
T04_abcdefg_L,T04,abcdefg,7,L,0,A3_PACKED,64,64,13,6,4.923077,0.5125,0.6576,0.1451,689,NO_DETECTION,,A4_T04_abcdefg_L_packed_b64.png
T04_abcdefg_L,T04,abcdefg,7,L,0,A3_PACKED,80,80,18,6,4.444444,0.5125,0.6939,0.1814,811,NO_DETECTION,,A4_T04_abcdefg_L_packed_b80.png
T04_abcdefg_L,T04,abcdefg,7,L,0,A3_PACKED,96,96,24,6,4,0.5125,0.7302,0.2177,1029,NO_DETECTION,,A4_T04_abcdefg_L_packed_b96.png
T04_abcdefg_L,T04,abcdefg,7,L,0,A3_PACKED,97,97,25,6,3.88,0.5125,0.7324,0.22,1038,NO_DETECTION,,A4_T04_abcdefg_L_packed_b97.png
T04_abcdefg_M,T04,abcdefg,7,M,3,A3_PACKED,0,0,0,0,0,0.517,0.517,0,475,EXACT,,A4_T04_abcdefg_M_packed_b0.png
T04_abcdefg_M,T04,abcdefg,7,M,3,A3_PACKED,1,1,1,1,1,0.517,0.5193,0.0023,426,EXACT,,A4_T04_abcdefg_M_packed_b1.png
T04_abcdefg_M,T04,abcdefg,7,M,3,A3_PACKED,2,2,1,2,2,0.517,0.5215,0.0045,422,EXACT,,A4_T04_abcdefg_M_packed_b2.png
T04_abcdefg_M,T04,abcdefg,7,M,3,A3_PACKED,4,4,1,4,4,0.517,0.5261,0.0091,425,EXACT,,A4_T04_abcdefg_M_packed_b4.png
T04_abcdefg_M,T04,abcdefg,7,M,3,A3_PACKED,6,6,1,6,6,0.517,0.5306,0.0136,455,EXACT,,A4_T04_abcdefg_M_packed_b6.png
T04_abcdefg_M,T04,abcdefg,7,M,3,A3_PACKED,8,8,2,6,4,0.517,0.5351,0.0181,405,EXACT,,A4_T04_abcdefg_M_packed_b8.png
T04_abcdefg_M,T04,abcdefg,7,M,3,A3_PACKED,10,10,2,6,5,0.517,0.5397,0.0227,406,EXACT,,A4_T04_abcdefg_M_packed_b10.png
T04_abcdefg_M,T04,abcdefg,7,M,3,A3_PACKED,12,12,3,6,4,0.517,0.5442,0.0272,413,EXACT,,A4_T04_abcdefg_M_packed_b12.png
T04_abcdefg_M,T04,abcdefg,7,M,3,A3_PACKED,16,16,3,6,5.333333,0.517,0.5533,0.0363,425,EXACT,,A4_T04_abcdefg_M_packed_b16.png
T04_abcdefg_M,T04,abcdefg,7,M,3,A3_PACKED,20,20,4,6,5,0.517,0.5624,0.0454,427,EXACT,,A4_T04_abcdefg_M_packed_b20.png
T04_abcdefg_M,T04,abcdefg,7,M,3,A3_PACKED,24,24,5,6,4.8,0.517,0.5714,0.0544,435,EXACT,,A4_T04_abcdefg_M_packed_b24.png
T04_abcdefg_M,T04,abcdefg,7,M,3,A3_PACKED,32,32,7,6,4.571429,0.517,0.5896,0.0726,474,NO_DETECTION,,A4_T04_abcdefg_M_packed_b32.png
T04_abcdefg_M,T04,abcdefg,7,M,3,A3_PACKED,40,40,8,6,5,0.517,0.6077,0.0907,513,NO_DETECTION,,A4_T04_abcdefg_M_packed_b40.png
T04_abcdefg_M,T04,abcdefg,7,M,3,A3_PACKED,48,48,10,6,4.8,0.517,0.6259,0.1088,605,NO_DETECTION,,A4_T04_abcdefg_M_packed_b48.png
T04_abcdefg_M,T04,abcdefg,7,M,3,A3_PACKED,64,64,15,6,4.266667,0.517,0.6621,0.1451,717,NO_DETECTION,,A4_T04_abcdefg_M_packed_b64.png
T04_abcdefg_M,T04,abcdefg,7,M,3,A3_PACKED,80,80,20,6,4,0.517,0.6984,0.1814,890,NO_DETECTION,,A4_T04_abcdefg_M_packed_b80.png
T04_abcdefg_M,T04,abcdefg,7,M,3,A3_PACKED,91,91,26,6,3.5,0.517,0.7234,0.2063,982,NO_DETECTION,,A4_T04_abcdefg_M_packed_b91.png
T04_abcdefg_Q,T04,abcdefg,7,Q,2,A3_PACKED,0,0,0,0,0,0.5125,0.5125,0,360,EXACT,,A4_T04_abcdefg_Q_packed_b0.png
T04_abcdefg_Q,T04,abcdefg,7,Q,2,A3_PACKED,1,1,1,1,1,0.5125,0.5147,0.0023,354,EXACT,,A4_T04_abcdefg_Q_packed_b1.png
T04_abcdefg_Q,T04,abcdefg,7,Q,2,A3_PACKED,2,2,1,2,2,0.5125,0.517,0.0045,351,EXACT,,A4_T04_abcdefg_Q_packed_b2.png
T04_abcdefg_Q,T04,abcdefg,7,Q,2,A3_PACKED,4,4,1,4,4,0.5125,0.5215,0.0091,351,EXACT,,A4_T04_abcdefg_Q_packed_b4.png
T04_abcdefg_Q,T04,abcdefg,7,Q,2,A3_PACKED,6,6,1,6,6,0.5125,0.5261,0.0136,374,EXACT,,A4_T04_abcdefg_Q_packed_b6.png
T04_abcdefg_Q,T04,abcdefg,7,Q,2,A3_PACKED,8,8,2,6,4,0.5125,0.5306,0.0181,372,EXACT,,A4_T04_abcdefg_Q_packed_b8.png
T04_abcdefg_Q,T04,abcdefg,7,Q,2,A3_PACKED,10,10,2,6,5,0.5125,0.5351,0.0227,375,EXACT,,A4_T04_abcdefg_Q_packed_b10.png
T04_abcdefg_Q,T04,abcdefg,7,Q,2,A3_PACKED,12,12,2,6,6,0.5125,0.5397,0.0272,406,EXACT,,A4_T04_abcdefg_Q_packed_b12.png
T04_abcdefg_Q,T04,abcdefg,7,Q,2,A3_PACKED,16,16,3,6,5.333333,0.5125,0.5488,0.0363,411,EXACT,,A4_T04_abcdefg_Q_packed_b16.png
T04_abcdefg_Q,T04,abcdefg,7,Q,2,A3_PACKED,20,20,4,6,5,0.5125,0.5578,0.0454,421,EXACT,,A4_T04_abcdefg_Q_packed_b20.png
T04_abcdefg_Q,T04,abcdefg,7,Q,2,A3_PACKED,24,24,5,6,4.8,0.5125,0.5669,0.0544,462,EXACT,,A4_T04_abcdefg_Q_packed_b24.png
T04_abcdefg_Q,T04,abcdefg,7,Q,2,A3_PACKED,32,32,7,6,4.571429,0.5125,0.585,0.0726,553,NO_DETECTION,,A4_T04_abcdefg_Q_packed_b32.png
T04_abcdefg_Q,T04,abcdefg,7,Q,2,A3_PACKED,40,40,9,6,4.444444,0.5125,0.6032,0.0907,600,NO_DETECTION,,A4_T04_abcdefg_Q_packed_b40.png
T04_abcdefg_Q,T04,abcdefg,7,Q,2,A3_PACKED,48,48,11,6,4.363636,0.5125,0.6213,0.1088,696,NO_DETECTION,,A4_T04_abcdefg_Q_packed_b48.png
T04_abcdefg_Q,T04,abcdefg,7,Q,2,A3_PACKED,64,64,15,6,4.266667,0.5125,0.6576,0.1451,815,NO_DETECTION,,A4_T04_abcdefg_Q_packed_b64.png
T04_abcdefg_Q,T04,abcdefg,7,Q,2,A3_PACKED,80,80,21,6,3.809524,0.5125,0.6939,0.1814,927,NO_DETECTION,,A4_T04_abcdefg_Q_packed_b80.png
T04_abcdefg_Q,T04,abcdefg,7,Q,2,A3_PACKED,91,91,25,6,3.64,0.5125,0.7188,0.2063,1063,NO_DETECTION,,A4_T04_abcdefg_Q_packed_b91.png
T04_abcdefg_H,T04,abcdefg,7,H,3,A3_PACKED,0,0,0,0,0,0.5442,0.5442,0,543,EXACT,,A4_T04_abcdefg_H_packed_b0.png
T04_abcdefg_H,T04,abcdefg,7,H,3,A3_PACKED,1,1,1,1,1,0.5442,0.5465,0.0023,537,EXACT,,A4_T04_abcdefg_H_packed_b1.png
T04_abcdefg_H,T04,abcdefg,7,H,3,A3_PACKED,2,2,1,2,2,0.5442,0.5488,0.0045,537,EXACT,,A4_T04_abcdefg_H_packed_b2.png
T04_abcdefg_H,T04,abcdefg,7,H,3,A3_PACKED,4,4,1,4,4,0.5442,0.5533,0.0091,543,EXACT,,A4_T04_abcdefg_H_packed_b4.png
T04_abcdefg_H,T04,abcdefg,7,H,3,A3_PACKED,6,6,1,6,6,0.5442,0.5578,0.0136,574,EXACT,,A4_T04_abcdefg_H_packed_b6.png
T04_abcdefg_H,T04,abcdefg,7,H,3,A3_PACKED,8,8,2,6,4,0.5442,0.5624,0.0181,566,EXACT,,A4_T04_abcdefg_H_packed_b8.png
T04_abcdefg_H,T04,abcdefg,7,H,3,A3_PACKED,10,10,2,6,5,0.5442,0.5669,0.0227,534,EXACT,,A4_T04_abcdefg_H_packed_b10.png
T04_abcdefg_H,T04,abcdefg,7,H,3,A3_PACKED,12,12,3,6,4,0.5442,0.5714,0.0272,541,EXACT,,A4_T04_abcdefg_H_packed_b12.png
T04_abcdefg_H,T04,abcdefg,7,H,3,A3_PACKED,16,16,3,6,5.333333,0.5442,0.5805,0.0363,565,EXACT,,A4_T04_abcdefg_H_packed_b16.png
T04_abcdefg_H,T04,abcdefg,7,H,3,A3_PACKED,20,20,4,6,5,0.5442,0.5896,0.0454,572,EXACT,,A4_T04_abcdefg_H_packed_b20.png
T04_abcdefg_H,T04,abcdefg,7,H,3,A3_PACKED,24,24,5,6,4.8,0.5442,0.5986,0.0544,582,EXACT,,A4_T04_abcdefg_H_packed_b24.png
T04_abcdefg_H,T04,abcdefg,7,H,3,A3_PACKED,32,32,7,6,4.571429,0.5442,0.6168,0.0726,727,EXACT,,A4_T04_abcdefg_H_packed_b32.png
T04_abcdefg_H,T04,abcdefg,7,H,3,A3_PACKED,40,40,9,6,4.444444,0.5442,0.6349,0.0907,746,NO_DETECTION,,A4_T04_abcdefg_H_packed_b40.png
T04_abcdefg_H,T04,abcdefg,7,H,3,A3_PACKED,48,48,11,6,4.363636,0.5442,0.6531,0.1088,803,NO_DETECTION,,A4_T04_abcdefg_H_packed_b48.png
T04_abcdefg_H,T04,abcdefg,7,H,3,A3_PACKED,64,64,15,6,4.266667,0.5442,0.6893,0.1451,898,NO_DETECTION,,A4_T04_abcdefg_H_packed_b64.png
T04_abcdefg_H,T04,abcdefg,7,H,3,A3_PACKED,80,80,21,6,3.809524,0.5442,0.7256,0.1814,1039,NO_DETECTION,,A4_T04_abcdefg_H_packed_b80.png
T04_abcdefg_H,T04,abcdefg,7,H,3,A3_PACKED,87,87,26,6,3.346154,0.5442,0.7415,0.1973,1091,NO_DETECTION,,A4_T04_abcdefg_H_packed_b87.png
T05_a_L,T05,a,1,L,6,A3_PACKED,0,0,0,0,0,0.4989,0.4989,0,557,EXACT,,A4_T05_a_L_packed_b0.png
T05_a_L,T05,a,1,L,6,A3_PACKED,1,1,1,1,1,0.4989,0.5011,0.0023,551,EXACT,,A4_T05_a_L_packed_b1.png
T05_a_L,T05,a,1,L,6,A3_PACKED,2,2,1,2,2,0.4989,0.5034,0.0045,548,EXACT,,A4_T05_a_L_packed_b2.png
T05_a_L,T05,a,1,L,6,A3_PACKED,4,4,1,4,4,0.4989,0.5079,0.0091,554,EXACT,,A4_T05_a_L_packed_b4.png
T05_a_L,T05,a,1,L,6,A3_PACKED,6,6,1,6,6,0.4989,0.5125,0.0136,562,EXACT,,A4_T05_a_L_packed_b6.png
T05_a_L,T05,a,1,L,6,A3_PACKED,8,8,2,7,4,0.4989,0.517,0.0181,570,EXACT,,A4_T05_a_L_packed_b8.png
T05_a_L,T05,a,1,L,6,A3_PACKED,10,10,2,7,5,0.4989,0.5215,0.0227,567,EXACT,,A4_T05_a_L_packed_b10.png
T05_a_L,T05,a,1,L,6,A3_PACKED,12,12,2,7,6,0.4989,0.5261,0.0272,573,EXACT,,A4_T05_a_L_packed_b12.png
T05_a_L,T05,a,1,L,6,A3_PACKED,16,16,3,7,5.333333,0.4989,0.5351,0.0363,579,EXACT,,A4_T05_a_L_packed_b16.png
T05_a_L,T05,a,1,L,6,A3_PACKED,20,20,3,7,6.666667,0.4989,0.5442,0.0454,589,EXACT,,A4_T05_a_L_packed_b20.png
T05_a_L,T05,a,1,L,6,A3_PACKED,24,24,4,7,6,0.4989,0.5533,0.0544,597,NO_DETECTION,,A4_T05_a_L_packed_b24.png
T05_a_L,T05,a,1,L,6,A3_PACKED,32,32,5,7,6.4,0.4989,0.5714,0.0726,689,NO_DETECTION,,A4_T05_a_L_packed_b32.png
T05_a_L,T05,a,1,L,6,A3_PACKED,40,40,7,7,5.714286,0.4989,0.5896,0.0907,686,NO_DETECTION,,A4_T05_a_L_packed_b40.png
T05_a_L,T05,a,1,L,6,A3_PACKED,48,48,9,7,5.333333,0.4989,0.6077,0.1088,733,NO_DETECTION,,A4_T05_a_L_packed_b48.png
T05_a_L,T05,a,1,L,6,A3_PACKED,64,64,12,7,5.333333,0.4989,0.644,0.1451,819,NO_DETECTION,,A4_T05_a_L_packed_b64.png
T05_a_L,T05,a,1,L,6,A3_PACKED,80,80,17,7,4.705882,0.4989,0.6803,0.1814,946,NO_DETECTION,,A4_T05_a_L_packed_b80.png
T05_a_L,T05,a,1,L,6,A3_PACKED,96,96,23,7,4.173913,0.4989,0.7166,0.2177,1071,NO_DETECTION,,A4_T05_a_L_packed_b96.png
T05_a_L,T05,a,1,L,6,A3_PACKED,101,101,26,7,3.884615,0.4989,0.7279,0.229,1140,NO_DETECTION,,A4_T05_a_L_packed_b101.png
T05_a_M,T05,a,1,M,3,A3_PACKED,0,0,0,0,0,0.5034,0.5034,0,402,EXACT,,A4_T05_a_M_packed_b0.png
T05_a_M,T05,a,1,M,3,A3_PACKED,1,1,1,1,1,0.5034,0.5057,0.0023,356,EXACT,,A4_T05_a_M_packed_b1.png
T05_a_M,T05,a,1,M,3,A3_PACKED,2,2,1,2,2,0.5034,0.5079,0.0045,356,EXACT,,A4_T05_a_M_packed_b2.png
T05_a_M,T05,a,1,M,3,A3_PACKED,4,4,1,4,4,0.5034,0.5125,0.0091,359,EXACT,,A4_T05_a_M_packed_b4.png
T05_a_M,T05,a,1,M,3,A3_PACKED,6,6,1,6,6,0.5034,0.517,0.0136,384,EXACT,,A4_T05_a_M_packed_b6.png
T05_a_M,T05,a,1,M,3,A3_PACKED,8,8,2,6,4,0.5034,0.5215,0.0181,335,EXACT,,A4_T05_a_M_packed_b8.png
T05_a_M,T05,a,1,M,3,A3_PACKED,10,10,2,6,5,0.5034,0.5261,0.0227,344,EXACT,,A4_T05_a_M_packed_b10.png
T05_a_M,T05,a,1,M,3,A3_PACKED,12,12,3,6,4,0.5034,0.5306,0.0272,340,EXACT,,A4_T05_a_M_packed_b12.png
T05_a_M,T05,a,1,M,3,A3_PACKED,16,16,3,6,5.333333,0.5034,0.5397,0.0363,353,EXACT,,A4_T05_a_M_packed_b16.png
T05_a_M,T05,a,1,M,3,A3_PACKED,20,20,4,6,5,0.5034,0.5488,0.0454,349,EXACT,,A4_T05_a_M_packed_b20.png
T05_a_M,T05,a,1,M,3,A3_PACKED,24,24,5,6,4.8,0.5034,0.5578,0.0544,363,EXACT,,A4_T05_a_M_packed_b24.png
T05_a_M,T05,a,1,M,3,A3_PACKED,32,32,7,6,4.571429,0.5034,0.576,0.0726,427,NO_DETECTION,,A4_T05_a_M_packed_b32.png
T05_a_M,T05,a,1,M,3,A3_PACKED,40,40,8,6,5,0.5034,0.5941,0.0907,490,NO_DETECTION,,A4_T05_a_M_packed_b40.png
T05_a_M,T05,a,1,M,3,A3_PACKED,48,48,10,6,4.8,0.5034,0.6122,0.1088,520,NO_DETECTION,,A4_T05_a_M_packed_b48.png
T05_a_M,T05,a,1,M,3,A3_PACKED,64,64,14,6,4.571429,0.5034,0.6485,0.1451,711,NO_DETECTION,,A4_T05_a_M_packed_b64.png
T05_a_M,T05,a,1,M,3,A3_PACKED,80,80,20,6,4,0.5034,0.6848,0.1814,818,NO_DETECTION,,A4_T05_a_M_packed_b80.png
T05_a_M,T05,a,1,M,3,A3_PACKED,93,93,26,6,3.576923,0.5034,0.7143,0.2109,1012,NO_DETECTION,,A4_T05_a_M_packed_b93.png
T05_a_Q,T05,a,1,Q,2,A3_PACKED,0,0,0,0,0,0.517,0.517,0,393,EXACT,,A4_T05_a_Q_packed_b0.png
T05_a_Q,T05,a,1,Q,2,A3_PACKED,1,1,1,1,1,0.517,0.5193,0.0023,376,EXACT,,A4_T05_a_Q_packed_b1.png
T05_a_Q,T05,a,1,Q,2,A3_PACKED,2,2,1,2,2,0.517,0.5215,0.0045,364,EXACT,,A4_T05_a_Q_packed_b2.png
T05_a_Q,T05,a,1,Q,2,A3_PACKED,4,4,1,4,4,0.517,0.5261,0.0091,364,EXACT,,A4_T05_a_Q_packed_b4.png
T05_a_Q,T05,a,1,Q,2,A3_PACKED,6,6,1,6,6,0.517,0.5306,0.0136,388,EXACT,,A4_T05_a_Q_packed_b6.png
T05_a_Q,T05,a,1,Q,2,A3_PACKED,8,8,2,6,4,0.517,0.5351,0.0181,382,EXACT,,A4_T05_a_Q_packed_b8.png
T05_a_Q,T05,a,1,Q,2,A3_PACKED,10,10,2,6,5,0.517,0.5397,0.0227,382,EXACT,,A4_T05_a_Q_packed_b10.png
T05_a_Q,T05,a,1,Q,2,A3_PACKED,12,12,2,6,6,0.517,0.5442,0.0272,402,EXACT,,A4_T05_a_Q_packed_b12.png
T05_a_Q,T05,a,1,Q,2,A3_PACKED,16,16,3,6,5.333333,0.517,0.5533,0.0363,400,EXACT,,A4_T05_a_Q_packed_b16.png
T05_a_Q,T05,a,1,Q,2,A3_PACKED,20,20,4,6,5,0.517,0.5624,0.0454,412,EXACT,,A4_T05_a_Q_packed_b20.png
T05_a_Q,T05,a,1,Q,2,A3_PACKED,24,24,4,6,6,0.517,0.5714,0.0544,476,EXACT,,A4_T05_a_Q_packed_b24.png
T05_a_Q,T05,a,1,Q,2,A3_PACKED,32,32,6,6,5.333333,0.517,0.5896,0.0726,491,EXACT,,A4_T05_a_Q_packed_b32.png
T05_a_Q,T05,a,1,Q,2,A3_PACKED,40,40,8,6,5,0.517,0.6077,0.0907,584,NO_DETECTION,,A4_T05_a_Q_packed_b40.png
T05_a_Q,T05,a,1,Q,2,A3_PACKED,48,48,10,6,4.8,0.517,0.6259,0.1088,618,NO_DETECTION,,A4_T05_a_Q_packed_b48.png
T05_a_Q,T05,a,1,Q,2,A3_PACKED,64,64,14,6,4.571429,0.517,0.6621,0.1451,714,NO_DETECTION,,A4_T05_a_Q_packed_b64.png
T05_a_Q,T05,a,1,Q,2,A3_PACKED,80,80,21,6,3.809524,0.517,0.6984,0.1814,886,NO_DETECTION,,A4_T05_a_Q_packed_b80.png
T05_a_Q,T05,a,1,Q,2,A3_PACKED,87,87,26,6,3.346154,0.517,0.7143,0.1973,1060,NO_DETECTION,,A4_T05_a_Q_packed_b87.png
T05_a_H,T05,a,1,H,4,A3_PACKED,0,0,0,0,0,0.5079,0.5079,0,596,EXACT,,A4_T05_a_H_packed_b0.png
T05_a_H,T05,a,1,H,4,A3_PACKED,1,1,1,1,1,0.5079,0.5102,0.0023,588,EXACT,,A4_T05_a_H_packed_b1.png
T05_a_H,T05,a,1,H,4,A3_PACKED,2,2,1,2,2,0.5079,0.5125,0.0045,583,EXACT,,A4_T05_a_H_packed_b2.png
T05_a_H,T05,a,1,H,4,A3_PACKED,4,4,1,4,4,0.5079,0.517,0.0091,591,EXACT,,A4_T05_a_H_packed_b4.png
T05_a_H,T05,a,1,H,4,A3_PACKED,6,6,1,6,6,0.5079,0.5215,0.0136,609,EXACT,,A4_T05_a_H_packed_b6.png
T05_a_H,T05,a,1,H,4,A3_PACKED,8,8,2,6,4,0.5079,0.5261,0.0181,596,EXACT,,A4_T05_a_H_packed_b8.png
T05_a_H,T05,a,1,H,4,A3_PACKED,10,10,2,6,5,0.5079,0.5306,0.0227,613,EXACT,,A4_T05_a_H_packed_b10.png
T05_a_H,T05,a,1,H,4,A3_PACKED,12,12,2,6,6,0.5079,0.5351,0.0272,644,EXACT,,A4_T05_a_H_packed_b12.png
T05_a_H,T05,a,1,H,4,A3_PACKED,16,16,3,6,5.333333,0.5079,0.5442,0.0363,648,EXACT,,A4_T05_a_H_packed_b16.png
T05_a_H,T05,a,1,H,4,A3_PACKED,20,20,4,6,5,0.5079,0.5533,0.0454,664,EXACT,,A4_T05_a_H_packed_b20.png
T05_a_H,T05,a,1,H,4,A3_PACKED,24,24,5,6,4.8,0.5079,0.5624,0.0544,669,EXACT,,A4_T05_a_H_packed_b24.png
T05_a_H,T05,a,1,H,4,A3_PACKED,32,32,6,6,5.333333,0.5079,0.5805,0.0726,681,EXACT,,A4_T05_a_H_packed_b32.png
T05_a_H,T05,a,1,H,4,A3_PACKED,40,40,8,6,5,0.5079,0.5986,0.0907,713,EXACT,,A4_T05_a_H_packed_b40.png
T05_a_H,T05,a,1,H,4,A3_PACKED,48,48,9,6,5.333333,0.5079,0.6168,0.1088,773,NO_DETECTION,,A4_T05_a_H_packed_b48.png
T05_a_H,T05,a,1,H,4,A3_PACKED,64,64,13,6,4.923077,0.5079,0.6531,0.1451,779,NO_DETECTION,,A4_T05_a_H_packed_b64.png
T05_a_H,T05,a,1,H,4,A3_PACKED,80,80,18,6,4.444444,0.5079,0.6893,0.1814,960,NO_DETECTION,,A4_T05_a_H_packed_b80.png
T05_a_H,T05,a,1,H,4,A3_PACKED,96,96,25,6,3.84,0.5079,0.7256,0.2177,1144,NO_DETECTION,,A4_T05_a_H_packed_b96.png
T05_a_H,T05,a,1,H,4,A3_PACKED,97,97,26,6,3.730769,0.5079,0.7279,0.22,1159,NO_DETECTION,,A4_T05_a_H_packed_b97.png
T05_g-co_L,T05,g.co,4,L,2,A3_PACKED,0,0,0,0,0,0.4943,0.4943,0,437,EXACT,,A4_T05_g-co_L_packed_b0.png
T05_g-co_L,T05,g.co,4,L,2,A3_PACKED,1,1,1,1,1,0.4943,0.4966,0.0023,437,EXACT,,A4_T05_g-co_L_packed_b1.png
T05_g-co_L,T05,g.co,4,L,2,A3_PACKED,2,2,1,2,2,0.4943,0.4989,0.0045,437,EXACT,,A4_T05_g-co_L_packed_b2.png
T05_g-co_L,T05,g.co,4,L,2,A3_PACKED,4,4,1,4,4,0.4943,0.5034,0.0091,437,EXACT,,A4_T05_g-co_L_packed_b4.png
T05_g-co_L,T05,g.co,4,L,2,A3_PACKED,6,6,1,6,6,0.4943,0.5079,0.0136,443,EXACT,,A4_T05_g-co_L_packed_b6.png
T05_g-co_L,T05,g.co,4,L,2,A3_PACKED,8,8,2,7,4,0.4943,0.5125,0.0181,409,EXACT,,A4_T05_g-co_L_packed_b8.png
T05_g-co_L,T05,g.co,4,L,2,A3_PACKED,10,10,2,7,5,0.4943,0.517,0.0227,446,EXACT,,A4_T05_g-co_L_packed_b10.png
T05_g-co_L,T05,g.co,4,L,2,A3_PACKED,12,12,2,7,6,0.4943,0.5215,0.0272,413,EXACT,,A4_T05_g-co_L_packed_b12.png
T05_g-co_L,T05,g.co,4,L,2,A3_PACKED,16,16,3,7,5.333333,0.4943,0.5306,0.0363,415,EXACT,,A4_T05_g-co_L_packed_b16.png
T05_g-co_L,T05,g.co,4,L,2,A3_PACKED,20,20,4,7,5,0.4943,0.5397,0.0454,416,NO_DETECTION,,A4_T05_g-co_L_packed_b20.png
T05_g-co_L,T05,g.co,4,L,2,A3_PACKED,24,24,4,7,6,0.4943,0.5488,0.0544,424,NO_DETECTION,,A4_T05_g-co_L_packed_b24.png
T05_g-co_L,T05,g.co,4,L,2,A3_PACKED,32,32,6,7,5.333333,0.4943,0.5669,0.0726,440,NO_DETECTION,,A4_T05_g-co_L_packed_b32.png
T05_g-co_L,T05,g.co,4,L,2,A3_PACKED,40,40,7,7,5.714286,0.4943,0.585,0.0907,548,NO_DETECTION,,A4_T05_g-co_L_packed_b40.png
T05_g-co_L,T05,g.co,4,L,2,A3_PACKED,48,48,9,7,5.333333,0.4943,0.6032,0.1088,532,NO_DETECTION,,A4_T05_g-co_L_packed_b48.png
T05_g-co_L,T05,g.co,4,L,2,A3_PACKED,64,64,13,7,4.923077,0.4943,0.6395,0.1451,644,NO_DETECTION,,A4_T05_g-co_L_packed_b64.png
T05_g-co_L,T05,g.co,4,L,2,A3_PACKED,80,80,18,7,4.444444,0.4943,0.6757,0.1814,830,NO_DETECTION,,A4_T05_g-co_L_packed_b80.png
T05_g-co_L,T05,g.co,4,L,2,A3_PACKED,95,95,26,7,3.653846,0.4943,0.7098,0.2154,1022,NO_DETECTION,,A4_T05_g-co_L_packed_b95.png
T05_g-co_M,T05,g.co,4,M,7,A3_PACKED,0,0,0,0,0,0.517,0.517,0,565,EXACT,,A4_T05_g-co_M_packed_b0.png
T05_g-co_M,T05,g.co,4,M,7,A3_PACKED,1,1,1,1,1,0.517,0.5193,0.0023,558,EXACT,,A4_T05_g-co_M_packed_b1.png
T05_g-co_M,T05,g.co,4,M,7,A3_PACKED,2,2,1,2,2,0.517,0.5215,0.0045,553,EXACT,,A4_T05_g-co_M_packed_b2.png
T05_g-co_M,T05,g.co,4,M,7,A3_PACKED,4,4,1,4,4,0.517,0.5261,0.0091,529,EXACT,,A4_T05_g-co_M_packed_b4.png
T05_g-co_M,T05,g.co,4,M,7,A3_PACKED,6,6,1,6,6,0.517,0.5306,0.0136,561,EXACT,,A4_T05_g-co_M_packed_b6.png
T05_g-co_M,T05,g.co,4,M,7,A3_PACKED,8,8,2,6,4,0.517,0.5351,0.0181,549,EXACT,,A4_T05_g-co_M_packed_b8.png
T05_g-co_M,T05,g.co,4,M,7,A3_PACKED,10,10,2,6,5,0.517,0.5397,0.0227,550,EXACT,,A4_T05_g-co_M_packed_b10.png
T05_g-co_M,T05,g.co,4,M,7,A3_PACKED,12,12,2,6,6,0.517,0.5442,0.0272,577,EXACT,,A4_T05_g-co_M_packed_b12.png
T05_g-co_M,T05,g.co,4,M,7,A3_PACKED,16,16,3,6,5.333333,0.517,0.5533,0.0363,581,EXACT,,A4_T05_g-co_M_packed_b16.png
T05_g-co_M,T05,g.co,4,M,7,A3_PACKED,20,20,4,6,5,0.517,0.5624,0.0454,603,EXACT,,A4_T05_g-co_M_packed_b20.png
T05_g-co_M,T05,g.co,4,M,7,A3_PACKED,24,24,5,6,4.8,0.517,0.5714,0.0544,615,EXACT,,A4_T05_g-co_M_packed_b24.png
T05_g-co_M,T05,g.co,4,M,7,A3_PACKED,32,32,6,6,5.333333,0.517,0.5896,0.0726,606,NO_DETECTION,,A4_T05_g-co_M_packed_b32.png
T05_g-co_M,T05,g.co,4,M,7,A3_PACKED,40,40,8,6,5,0.517,0.6077,0.0907,627,NO_DETECTION,,A4_T05_g-co_M_packed_b40.png
T05_g-co_M,T05,g.co,4,M,7,A3_PACKED,48,48,10,6,4.8,0.517,0.6259,0.1088,675,NO_DETECTION,,A4_T05_g-co_M_packed_b48.png
T05_g-co_M,T05,g.co,4,M,7,A3_PACKED,64,64,14,6,4.571429,0.517,0.6621,0.1451,902,NO_DETECTION,,A4_T05_g-co_M_packed_b64.png
T05_g-co_M,T05,g.co,4,M,7,A3_PACKED,80,80,20,6,4,0.517,0.6984,0.1814,956,NO_DETECTION,,A4_T05_g-co_M_packed_b80.png
T05_g-co_M,T05,g.co,4,M,7,A3_PACKED,95,95,26,6,3.653846,0.517,0.7324,0.2154,1157,NO_DETECTION,,A4_T05_g-co_M_packed_b95.png
T05_g-co_Q,T05,g.co,4,Q,5,A3_PACKED,0,0,0,0,0,0.5261,0.5261,0,449,EXACT,,A4_T05_g-co_Q_packed_b0.png
T05_g-co_Q,T05,g.co,4,Q,5,A3_PACKED,1,1,1,1,1,0.5261,0.5283,0.0023,443,EXACT,,A4_T05_g-co_Q_packed_b1.png
T05_g-co_Q,T05,g.co,4,Q,5,A3_PACKED,2,2,1,2,2,0.5261,0.5306,0.0045,443,EXACT,,A4_T05_g-co_Q_packed_b2.png
T05_g-co_Q,T05,g.co,4,Q,5,A3_PACKED,4,4,1,4,4,0.5261,0.5351,0.0091,400,EXACT,,A4_T05_g-co_Q_packed_b4.png
T05_g-co_Q,T05,g.co,4,Q,5,A3_PACKED,6,6,1,6,6,0.5261,0.5397,0.0136,413,EXACT,,A4_T05_g-co_Q_packed_b6.png
T05_g-co_Q,T05,g.co,4,Q,5,A3_PACKED,8,8,2,7,4,0.5261,0.5442,0.0181,423,EXACT,,A4_T05_g-co_Q_packed_b8.png
T05_g-co_Q,T05,g.co,4,Q,5,A3_PACKED,10,10,2,7,5,0.5261,0.5488,0.0227,417,EXACT,,A4_T05_g-co_Q_packed_b10.png
T05_g-co_Q,T05,g.co,4,Q,5,A3_PACKED,12,12,2,7,6,0.5261,0.5533,0.0272,420,EXACT,,A4_T05_g-co_Q_packed_b12.png
T05_g-co_Q,T05,g.co,4,Q,5,A3_PACKED,16,16,3,7,5.333333,0.5261,0.5624,0.0363,512,EXACT,,A4_T05_g-co_Q_packed_b16.png
T05_g-co_Q,T05,g.co,4,Q,5,A3_PACKED,20,20,4,7,5,0.5261,0.5714,0.0454,518,EXACT,,A4_T05_g-co_Q_packed_b20.png
T05_g-co_Q,T05,g.co,4,Q,5,A3_PACKED,24,24,4,7,6,0.5261,0.5805,0.0544,535,EXACT,,A4_T05_g-co_Q_packed_b24.png
T05_g-co_Q,T05,g.co,4,Q,5,A3_PACKED,32,32,6,7,5.333333,0.5261,0.5986,0.0726,566,EXACT,,A4_T05_g-co_Q_packed_b32.png
T05_g-co_Q,T05,g.co,4,Q,5,A3_PACKED,40,40,8,7,5,0.5261,0.6168,0.0907,631,NO_DETECTION,,A4_T05_g-co_Q_packed_b40.png
T05_g-co_Q,T05,g.co,4,Q,5,A3_PACKED,48,48,10,7,4.8,0.5261,0.6349,0.1088,721,NO_DETECTION,,A4_T05_g-co_Q_packed_b48.png
T05_g-co_Q,T05,g.co,4,Q,5,A3_PACKED,64,64,15,7,4.266667,0.5261,0.6712,0.1451,804,NO_DETECTION,,A4_T05_g-co_Q_packed_b64.png
T05_g-co_Q,T05,g.co,4,Q,5,A3_PACKED,80,80,20,7,4,0.5261,0.7075,0.1814,1008,NO_DETECTION,,A4_T05_g-co_Q_packed_b80.png
T05_g-co_Q,T05,g.co,4,Q,5,A3_PACKED,91,91,26,7,3.5,0.5261,0.7324,0.2063,1146,NO_DETECTION,,A4_T05_g-co_Q_packed_b91.png
T05_g-co_H,T05,g.co,4,H,5,A3_PACKED,0,0,0,0,0,0.517,0.517,0,475,EXACT,,A4_T05_g-co_H_packed_b0.png
T05_g-co_H,T05,g.co,4,H,5,A3_PACKED,1,1,1,1,1,0.517,0.5193,0.0023,465,EXACT,,A4_T05_g-co_H_packed_b1.png
T05_g-co_H,T05,g.co,4,H,5,A3_PACKED,2,2,1,2,2,0.517,0.5215,0.0045,459,EXACT,,A4_T05_g-co_H_packed_b2.png
T05_g-co_H,T05,g.co,4,H,5,A3_PACKED,4,4,1,4,4,0.517,0.5261,0.0091,456,EXACT,,A4_T05_g-co_H_packed_b4.png
T05_g-co_H,T05,g.co,4,H,5,A3_PACKED,6,6,1,6,6,0.517,0.5306,0.0136,468,EXACT,,A4_T05_g-co_H_packed_b6.png
T05_g-co_H,T05,g.co,4,H,5,A3_PACKED,8,8,2,6,4,0.517,0.5351,0.0181,455,EXACT,,A4_T05_g-co_H_packed_b8.png
T05_g-co_H,T05,g.co,4,H,5,A3_PACKED,10,10,2,6,5,0.517,0.5397,0.0227,455,EXACT,,A4_T05_g-co_H_packed_b10.png
T05_g-co_H,T05,g.co,4,H,5,A3_PACKED,12,12,2,6,6,0.517,0.5442,0.0272,462,EXACT,,A4_T05_g-co_H_packed_b12.png
T05_g-co_H,T05,g.co,4,H,5,A3_PACKED,16,16,3,6,5.333333,0.517,0.5533,0.0363,470,EXACT,,A4_T05_g-co_H_packed_b16.png
T05_g-co_H,T05,g.co,4,H,5,A3_PACKED,20,20,4,6,5,0.517,0.5624,0.0454,485,EXACT,,A4_T05_g-co_H_packed_b20.png
T05_g-co_H,T05,g.co,4,H,5,A3_PACKED,24,24,5,6,4.8,0.517,0.5714,0.0544,514,EXACT,,A4_T05_g-co_H_packed_b24.png
T05_g-co_H,T05,g.co,4,H,5,A3_PACKED,32,32,7,6,4.571429,0.517,0.5896,0.0726,512,EXACT,,A4_T05_g-co_H_packed_b32.png
T05_g-co_H,T05,g.co,4,H,5,A3_PACKED,40,40,9,6,4.444444,0.517,0.6077,0.0907,523,NO_DETECTION,,A4_T05_g-co_H_packed_b40.png
T05_g-co_H,T05,g.co,4,H,5,A3_PACKED,48,48,11,6,4.363636,0.517,0.6259,0.1088,594,NO_DETECTION,,A4_T05_g-co_H_packed_b48.png
T05_g-co_H,T05,g.co,4,H,5,A3_PACKED,64,64,15,6,4.266667,0.517,0.6621,0.1451,721,NO_DETECTION,,A4_T05_g-co_H_packed_b64.png
T05_g-co_H,T05,g.co,4,H,5,A3_PACKED,80,80,21,6,3.809524,0.517,0.6984,0.1814,855,NO_DETECTION,,A4_T05_g-co_H_packed_b80.png
T05_g-co_H,T05,g.co,4,H,5,A3_PACKED,95,95,26,6,3.653846,0.517,0.7324,0.2154,1061,NO_DETECTION,,A4_T05_g-co_H_packed_b95.png
T05_abcdefg_L,T05,abcdefg,7,L,2,A3_PACKED,0,0,0,0,0,0.5034,0.5034,0,413,EXACT,,A4_T05_abcdefg_L_packed_b0.png
T05_abcdefg_L,T05,abcdefg,7,L,2,A3_PACKED,1,1,1,1,1,0.5034,0.5057,0.0023,370,EXACT,,A4_T05_abcdefg_L_packed_b1.png
T05_abcdefg_L,T05,abcdefg,7,L,2,A3_PACKED,2,2,1,2,2,0.5034,0.5079,0.0045,370,EXACT,,A4_T05_abcdefg_L_packed_b2.png
T05_abcdefg_L,T05,abcdefg,7,L,2,A3_PACKED,4,4,1,4,4,0.5034,0.5125,0.0091,367,EXACT,,A4_T05_abcdefg_L_packed_b4.png
T05_abcdefg_L,T05,abcdefg,7,L,2,A3_PACKED,6,6,1,6,6,0.5034,0.517,0.0136,373,EXACT,,A4_T05_abcdefg_L_packed_b6.png
T05_abcdefg_L,T05,abcdefg,7,L,2,A3_PACKED,8,8,2,7,4,0.5034,0.5215,0.0181,381,EXACT,,A4_T05_abcdefg_L_packed_b8.png
T05_abcdefg_L,T05,abcdefg,7,L,2,A3_PACKED,10,10,2,7,5,0.5034,0.5261,0.0227,381,EXACT,,A4_T05_abcdefg_L_packed_b10.png
T05_abcdefg_L,T05,abcdefg,7,L,2,A3_PACKED,12,12,2,7,6,0.5034,0.5306,0.0272,384,EXACT,,A4_T05_abcdefg_L_packed_b12.png
T05_abcdefg_L,T05,abcdefg,7,L,2,A3_PACKED,16,16,3,7,5.333333,0.5034,0.5397,0.0363,395,EXACT,,A4_T05_abcdefg_L_packed_b16.png
T05_abcdefg_L,T05,abcdefg,7,L,2,A3_PACKED,20,20,4,7,5,0.5034,0.5488,0.0454,408,NO_DETECTION,,A4_T05_abcdefg_L_packed_b20.png
T05_abcdefg_L,T05,abcdefg,7,L,2,A3_PACKED,24,24,5,7,4.8,0.5034,0.5578,0.0544,428,NO_DETECTION,,A4_T05_abcdefg_L_packed_b24.png
T05_abcdefg_L,T05,abcdefg,7,L,2,A3_PACKED,32,32,6,7,5.333333,0.5034,0.576,0.0726,472,NO_DETECTION,,A4_T05_abcdefg_L_packed_b32.png
T05_abcdefg_L,T05,abcdefg,7,L,2,A3_PACKED,40,40,8,7,5,0.5034,0.5941,0.0907,534,NO_DETECTION,,A4_T05_abcdefg_L_packed_b40.png
T05_abcdefg_L,T05,abcdefg,7,L,2,A3_PACKED,48,48,10,7,4.8,0.5034,0.6122,0.1088,659,NO_DETECTION,,A4_T05_abcdefg_L_packed_b48.png
T05_abcdefg_L,T05,abcdefg,7,L,2,A3_PACKED,64,64,14,7,4.571429,0.5034,0.6485,0.1451,771,NO_DETECTION,,A4_T05_abcdefg_L_packed_b64.png
T05_abcdefg_L,T05,abcdefg,7,L,2,A3_PACKED,80,80,19,7,4.210526,0.5034,0.6848,0.1814,890,NO_DETECTION,,A4_T05_abcdefg_L_packed_b80.png
T05_abcdefg_L,T05,abcdefg,7,L,2,A3_PACKED,91,91,26,7,3.5,0.5034,0.7098,0.2063,1022,NO_DETECTION,,A4_T05_abcdefg_L_packed_b91.png
T05_abcdefg_M,T05,abcdefg,7,M,5,A3_PACKED,0,0,0,0,0,0.5215,0.5215,0,442,EXACT,,A4_T05_abcdefg_M_packed_b0.png
T05_abcdefg_M,T05,abcdefg,7,M,5,A3_PACKED,1,1,1,1,1,0.5215,0.5238,0.0023,430,EXACT,,A4_T05_abcdefg_M_packed_b1.png
T05_abcdefg_M,T05,abcdefg,7,M,5,A3_PACKED,2,2,1,2,2,0.5215,0.5261,0.0045,423,EXACT,,A4_T05_abcdefg_M_packed_b2.png
T05_abcdefg_M,T05,abcdefg,7,M,5,A3_PACKED,4,4,1,4,4,0.5215,0.5306,0.0091,430,EXACT,,A4_T05_abcdefg_M_packed_b4.png
T05_abcdefg_M,T05,abcdefg,7,M,5,A3_PACKED,6,6,1,6,6,0.5215,0.5351,0.0136,448,EXACT,,A4_T05_abcdefg_M_packed_b6.png
T05_abcdefg_M,T05,abcdefg,7,M,5,A3_PACKED,8,8,2,6,4,0.5215,0.5397,0.0181,436,EXACT,,A4_T05_abcdefg_M_packed_b8.png
T05_abcdefg_M,T05,abcdefg,7,M,5,A3_PACKED,10,10,2,6,5,0.5215,0.5442,0.0227,436,EXACT,,A4_T05_abcdefg_M_packed_b10.png
T05_abcdefg_M,T05,abcdefg,7,M,5,A3_PACKED,12,12,2,6,6,0.5215,0.5488,0.0272,460,EXACT,,A4_T05_abcdefg_M_packed_b12.png
T05_abcdefg_M,T05,abcdefg,7,M,5,A3_PACKED,16,16,3,6,5.333333,0.5215,0.5578,0.0363,455,EXACT,,A4_T05_abcdefg_M_packed_b16.png
T05_abcdefg_M,T05,abcdefg,7,M,5,A3_PACKED,20,20,4,6,5,0.5215,0.5669,0.0454,461,EXACT,,A4_T05_abcdefg_M_packed_b20.png
T05_abcdefg_M,T05,abcdefg,7,M,5,A3_PACKED,24,24,5,6,4.8,0.5215,0.576,0.0544,491,EXACT,,A4_T05_abcdefg_M_packed_b24.png
T05_abcdefg_M,T05,abcdefg,7,M,5,A3_PACKED,32,32,7,6,4.571429,0.5215,0.5941,0.0726,533,NO_DETECTION,,A4_T05_abcdefg_M_packed_b32.png
T05_abcdefg_M,T05,abcdefg,7,M,5,A3_PACKED,40,40,9,6,4.444444,0.5215,0.6122,0.0907,568,NO_DETECTION,,A4_T05_abcdefg_M_packed_b40.png
T05_abcdefg_M,T05,abcdefg,7,M,5,A3_PACKED,48,48,11,6,4.363636,0.5215,0.6304,0.1088,608,NO_DETECTION,,A4_T05_abcdefg_M_packed_b48.png
T05_abcdefg_M,T05,abcdefg,7,M,5,A3_PACKED,64,64,15,6,4.266667,0.5215,0.6667,0.1451,719,NO_DETECTION,,A4_T05_abcdefg_M_packed_b64.png
T05_abcdefg_M,T05,abcdefg,7,M,5,A3_PACKED,80,80,20,6,4,0.5215,0.7029,0.1814,889,NO_DETECTION,,A4_T05_abcdefg_M_packed_b80.png
T05_abcdefg_M,T05,abcdefg,7,M,5,A3_PACKED,91,91,26,6,3.5,0.5215,0.7279,0.2063,1070,NO_DETECTION,,A4_T05_abcdefg_M_packed_b91.png
T05_abcdefg_Q,T05,abcdefg,7,Q,1,A3_PACKED,0,0,0,0,0,0.5125,0.5125,0,499,EXACT,,A4_T05_abcdefg_Q_packed_b0.png
T05_abcdefg_Q,T05,abcdefg,7,Q,1,A3_PACKED,1,1,1,1,1,0.5125,0.5147,0.0023,496,EXACT,,A4_T05_abcdefg_Q_packed_b1.png
T05_abcdefg_Q,T05,abcdefg,7,Q,1,A3_PACKED,2,2,1,2,2,0.5125,0.517,0.0045,496,EXACT,,A4_T05_abcdefg_Q_packed_b2.png
T05_abcdefg_Q,T05,abcdefg,7,Q,1,A3_PACKED,4,4,1,4,4,0.5125,0.5215,0.0091,496,EXACT,,A4_T05_abcdefg_Q_packed_b4.png
T05_abcdefg_Q,T05,abcdefg,7,Q,1,A3_PACKED,6,6,1,6,6,0.5125,0.5261,0.0136,505,EXACT,,A4_T05_abcdefg_Q_packed_b6.png
T05_abcdefg_Q,T05,abcdefg,7,Q,1,A3_PACKED,8,8,2,7,4,0.5125,0.5306,0.0181,504,EXACT,,A4_T05_abcdefg_Q_packed_b8.png
T05_abcdefg_Q,T05,abcdefg,7,Q,1,A3_PACKED,10,10,2,7,5,0.5125,0.5351,0.0227,501,EXACT,,A4_T05_abcdefg_Q_packed_b10.png
T05_abcdefg_Q,T05,abcdefg,7,Q,1,A3_PACKED,12,12,2,7,6,0.5125,0.5397,0.0272,488,EXACT,,A4_T05_abcdefg_Q_packed_b12.png
T05_abcdefg_Q,T05,abcdefg,7,Q,1,A3_PACKED,16,16,3,7,5.333333,0.5125,0.5488,0.0363,481,EXACT,,A4_T05_abcdefg_Q_packed_b16.png
T05_abcdefg_Q,T05,abcdefg,7,Q,1,A3_PACKED,20,20,4,7,5,0.5125,0.5578,0.0454,495,EXACT,,A4_T05_abcdefg_Q_packed_b20.png
T05_abcdefg_Q,T05,abcdefg,7,Q,1,A3_PACKED,24,24,5,7,4.8,0.5125,0.5669,0.0544,500,EXACT,,A4_T05_abcdefg_Q_packed_b24.png
T05_abcdefg_Q,T05,abcdefg,7,Q,1,A3_PACKED,32,32,6,7,5.333333,0.5125,0.585,0.0726,559,EXACT,,A4_T05_abcdefg_Q_packed_b32.png
T05_abcdefg_Q,T05,abcdefg,7,Q,1,A3_PACKED,40,40,8,7,5,0.5125,0.6032,0.0907,609,NO_DETECTION,,A4_T05_abcdefg_Q_packed_b40.png
T05_abcdefg_Q,T05,abcdefg,7,Q,1,A3_PACKED,48,48,10,7,4.8,0.5125,0.6213,0.1088,668,NO_DETECTION,,A4_T05_abcdefg_Q_packed_b48.png
T05_abcdefg_Q,T05,abcdefg,7,Q,1,A3_PACKED,64,64,14,7,4.571429,0.5125,0.6576,0.1451,791,NO_DETECTION,,A4_T05_abcdefg_Q_packed_b64.png
T05_abcdefg_Q,T05,abcdefg,7,Q,1,A3_PACKED,80,80,19,7,4.210526,0.5125,0.6939,0.1814,872,NO_DETECTION,,A4_T05_abcdefg_Q_packed_b80.png
T05_abcdefg_Q,T05,abcdefg,7,Q,1,A3_PACKED,96,96,26,7,3.692308,0.5125,0.7302,0.2177,1079,NO_DETECTION,,A4_T05_abcdefg_Q_packed_b96.png
T05_abcdefg_Q,T05,abcdefg,7,Q,1,A3_PACKED,97,97,26,7,3.730769,0.5125,0.7324,0.22,1101,NO_DETECTION,,A4_T05_abcdefg_Q_packed_b97.png
T05_abcdefg_H,T05,abcdefg,7,H,3,A3_PACKED,0,0,0,0,0,0.5215,0.5215,0,543,EXACT,,A4_T05_abcdefg_H_packed_b0.png
T05_abcdefg_H,T05,abcdefg,7,H,3,A3_PACKED,1,1,1,1,1,0.5215,0.5238,0.0023,525,EXACT,,A4_T05_abcdefg_H_packed_b1.png
T05_abcdefg_H,T05,abcdefg,7,H,3,A3_PACKED,2,2,1,2,2,0.5215,0.5261,0.0045,518,EXACT,,A4_T05_abcdefg_H_packed_b2.png
T05_abcdefg_H,T05,abcdefg,7,H,3,A3_PACKED,4,4,1,4,4,0.5215,0.5306,0.0091,515,EXACT,,A4_T05_abcdefg_H_packed_b4.png
T05_abcdefg_H,T05,abcdefg,7,H,3,A3_PACKED,6,6,1,6,6,0.5215,0.5351,0.0136,524,EXACT,,A4_T05_abcdefg_H_packed_b6.png
T05_abcdefg_H,T05,abcdefg,7,H,3,A3_PACKED,8,8,2,7,4,0.5215,0.5397,0.0181,532,EXACT,,A4_T05_abcdefg_H_packed_b8.png
T05_abcdefg_H,T05,abcdefg,7,H,3,A3_PACKED,10,10,2,7,5,0.5215,0.5442,0.0227,536,EXACT,,A4_T05_abcdefg_H_packed_b10.png
T05_abcdefg_H,T05,abcdefg,7,H,3,A3_PACKED,12,12,2,7,6,0.5215,0.5488,0.0272,563,EXACT,,A4_T05_abcdefg_H_packed_b12.png
T05_abcdefg_H,T05,abcdefg,7,H,3,A3_PACKED,16,16,3,7,5.333333,0.5215,0.5578,0.0363,577,EXACT,,A4_T05_abcdefg_H_packed_b16.png
T05_abcdefg_H,T05,abcdefg,7,H,3,A3_PACKED,20,20,4,7,5,0.5215,0.5669,0.0454,592,EXACT,,A4_T05_abcdefg_H_packed_b20.png
T05_abcdefg_H,T05,abcdefg,7,H,3,A3_PACKED,24,24,5,7,4.8,0.5215,0.576,0.0544,627,EXACT,,A4_T05_abcdefg_H_packed_b24.png
T05_abcdefg_H,T05,abcdefg,7,H,3,A3_PACKED,32,32,6,7,5.333333,0.5215,0.5941,0.0726,717,EXACT,,A4_T05_abcdefg_H_packed_b32.png
T05_abcdefg_H,T05,abcdefg,7,H,3,A3_PACKED,40,40,8,7,5,0.5215,0.6122,0.0907,753,EXACT,,A4_T05_abcdefg_H_packed_b40.png
T05_abcdefg_H,T05,abcdefg,7,H,3,A3_PACKED,48,48,10,7,4.8,0.5215,0.6304,0.1088,812,NO_DETECTION,,A4_T05_abcdefg_H_packed_b48.png
T05_abcdefg_H,T05,abcdefg,7,H,3,A3_PACKED,64,64,16,7,4,0.5215,0.6667,0.1451,782,NO_DETECTION,,A4_T05_abcdefg_H_packed_b64.png
T05_abcdefg_H,T05,abcdefg,7,H,3,A3_PACKED,80,80,21,7,3.809524,0.5215,0.7029,0.1814,940,NO_DETECTION,,A4_T05_abcdefg_H_packed_b80.png
T05_abcdefg_H,T05,abcdefg,7,H,3,A3_PACKED,91,91,26,7,3.5,0.5215,0.7279,0.2063,1089,NO_DETECTION,,A4_T05_abcdefg_H_packed_b91.png
T06_a_L,T06,a,1,L,3,A3_PACKED,0,0,0,0,0,0.5397,0.5397,0,372,EXACT,,A4_T06_a_L_packed_b0.png
T06_a_L,T06,a,1,L,3,A3_PACKED,1,1,1,1,1,0.5397,0.542,0.0023,356,EXACT,,A4_T06_a_L_packed_b1.png
T06_a_L,T06,a,1,L,3,A3_PACKED,2,2,1,2,2,0.5397,0.5442,0.0045,350,EXACT,,A4_T06_a_L_packed_b2.png
T06_a_L,T06,a,1,L,3,A3_PACKED,4,4,1,4,4,0.5397,0.5488,0.0091,351,EXACT,,A4_T06_a_L_packed_b4.png
T06_a_L,T06,a,1,L,3,A3_PACKED,6,6,1,6,6,0.5397,0.5533,0.0136,360,EXACT,,A4_T06_a_L_packed_b6.png
T06_a_L,T06,a,1,L,3,A3_PACKED,8,8,2,7,4,0.5397,0.5578,0.0181,368,EXACT,,A4_T06_a_L_packed_b8.png
T06_a_L,T06,a,1,L,3,A3_PACKED,10,10,2,7,5,0.5397,0.5624,0.0227,362,EXACT,,A4_T06_a_L_packed_b10.png
T06_a_L,T06,a,1,L,3,A3_PACKED,12,12,2,7,6,0.5397,0.5669,0.0272,366,EXACT,,A4_T06_a_L_packed_b12.png
T06_a_L,T06,a,1,L,3,A3_PACKED,16,16,3,7,5.333333,0.5397,0.576,0.0363,419,EXACT,,A4_T06_a_L_packed_b16.png
T06_a_L,T06,a,1,L,3,A3_PACKED,20,20,3,7,6.666667,0.5397,0.585,0.0454,435,EXACT,,A4_T06_a_L_packed_b20.png
T06_a_L,T06,a,1,L,3,A3_PACKED,24,24,4,7,6,0.5397,0.5941,0.0544,437,NO_DETECTION,,A4_T06_a_L_packed_b24.png
T06_a_L,T06,a,1,L,3,A3_PACKED,32,32,6,7,5.333333,0.5397,0.6122,0.0726,478,NO_DETECTION,,A4_T06_a_L_packed_b32.png
T06_a_L,T06,a,1,L,3,A3_PACKED,40,40,7,7,5.714286,0.5397,0.6304,0.0907,601,NO_DETECTION,,A4_T06_a_L_packed_b40.png
T06_a_L,T06,a,1,L,3,A3_PACKED,48,48,9,7,5.333333,0.5397,0.6485,0.1088,630,NO_DETECTION,,A4_T06_a_L_packed_b48.png
T06_a_L,T06,a,1,L,3,A3_PACKED,64,64,13,7,4.923077,0.5397,0.6848,0.1451,876,NO_DETECTION,,A4_T06_a_L_packed_b64.png
T06_a_L,T06,a,1,L,3,A3_PACKED,80,80,19,7,4.210526,0.5397,0.7211,0.1814,1045,NO_DETECTION,,A4_T06_a_L_packed_b80.png
T06_a_L,T06,a,1,L,3,A3_PACKED,94,94,26,7,3.615385,0.5397,0.7528,0.2132,1290,NO_DETECTION,,A4_T06_a_L_packed_b94.png
T06_a_M,T06,a,1,M,0,A3_PACKED,0,0,0,0,0,0.5624,0.5624,0,526,EXACT,,A4_T06_a_M_packed_b0.png
T06_a_M,T06,a,1,M,0,A3_PACKED,1,1,1,1,1,0.5624,0.5646,0.0023,486,EXACT,,A4_T06_a_M_packed_b1.png
T06_a_M,T06,a,1,M,0,A3_PACKED,2,2,1,2,2,0.5624,0.5669,0.0045,486,EXACT,,A4_T06_a_M_packed_b2.png
T06_a_M,T06,a,1,M,0,A3_PACKED,4,4,1,4,4,0.5624,0.5714,0.0091,492,EXACT,,A4_T06_a_M_packed_b4.png
T06_a_M,T06,a,1,M,0,A3_PACKED,6,6,1,6,6,0.5624,0.576,0.0136,512,EXACT,,A4_T06_a_M_packed_b6.png
T06_a_M,T06,a,1,M,0,A3_PACKED,8,8,2,6,4,0.5624,0.5805,0.0181,509,EXACT,,A4_T06_a_M_packed_b8.png
T06_a_M,T06,a,1,M,0,A3_PACKED,10,10,2,6,5,0.5624,0.585,0.0227,518,EXACT,,A4_T06_a_M_packed_b10.png
T06_a_M,T06,a,1,M,0,A3_PACKED,12,12,3,6,4,0.5624,0.5896,0.0272,523,EXACT,,A4_T06_a_M_packed_b12.png
T06_a_M,T06,a,1,M,0,A3_PACKED,16,16,3,6,5.333333,0.5624,0.5986,0.0363,552,EXACT,,A4_T06_a_M_packed_b16.png
T06_a_M,T06,a,1,M,0,A3_PACKED,20,20,4,6,5,0.5624,0.6077,0.0454,567,EXACT,,A4_T06_a_M_packed_b20.png
T06_a_M,T06,a,1,M,0,A3_PACKED,24,24,5,6,4.8,0.5624,0.6168,0.0544,575,EXACT,,A4_T06_a_M_packed_b24.png
T06_a_M,T06,a,1,M,0,A3_PACKED,32,32,7,6,4.571429,0.5624,0.6349,0.0726,626,NO_DETECTION,,A4_T06_a_M_packed_b32.png
T06_a_M,T06,a,1,M,0,A3_PACKED,40,40,8,6,5,0.5624,0.6531,0.0907,691,NO_DETECTION,,A4_T06_a_M_packed_b40.png
T06_a_M,T06,a,1,M,0,A3_PACKED,48,48,10,6,4.8,0.5624,0.6712,0.1088,763,NO_DETECTION,,A4_T06_a_M_packed_b48.png
T06_a_M,T06,a,1,M,0,A3_PACKED,64,64,15,6,4.266667,0.5624,0.7075,0.1451,1019,NO_DETECTION,,A4_T06_a_M_packed_b64.png
T06_a_M,T06,a,1,M,0,A3_PACKED,80,80,20,6,4,0.5624,0.7438,0.1814,1192,NO_DETECTION,,A4_T06_a_M_packed_b80.png
T06_a_M,T06,a,1,M,0,A3_PACKED,92,92,26,6,3.538462,0.5624,0.771,0.2086,1497,NO_DETECTION,,A4_T06_a_M_packed_b92.png
T06_a_Q,T06,a,1,Q,3,A3_PACKED,0,0,0,0,0,0.5488,0.5488,0,491,EXACT,,A4_T06_a_Q_packed_b0.png
T06_a_Q,T06,a,1,Q,3,A3_PACKED,1,1,1,1,1,0.5488,0.551,0.0023,484,EXACT,,A4_T06_a_Q_packed_b1.png
T06_a_Q,T06,a,1,Q,3,A3_PACKED,2,2,1,2,2,0.5488,0.5533,0.0045,481,EXACT,,A4_T06_a_Q_packed_b2.png
T06_a_Q,T06,a,1,Q,3,A3_PACKED,4,4,1,4,4,0.5488,0.5578,0.0091,482,EXACT,,A4_T06_a_Q_packed_b4.png
T06_a_Q,T06,a,1,Q,3,A3_PACKED,6,6,1,6,6,0.5488,0.5624,0.0136,500,EXACT,,A4_T06_a_Q_packed_b6.png
T06_a_Q,T06,a,1,Q,3,A3_PACKED,8,8,2,7,4,0.5488,0.5669,0.0181,514,EXACT,,A4_T06_a_Q_packed_b8.png
T06_a_Q,T06,a,1,Q,3,A3_PACKED,10,10,2,7,5,0.5488,0.5714,0.0227,514,EXACT,,A4_T06_a_Q_packed_b10.png
T06_a_Q,T06,a,1,Q,3,A3_PACKED,12,12,2,7,6,0.5488,0.576,0.0272,531,EXACT,,A4_T06_a_Q_packed_b12.png
T06_a_Q,T06,a,1,Q,3,A3_PACKED,16,16,3,7,5.333333,0.5488,0.585,0.0363,542,EXACT,,A4_T06_a_Q_packed_b16.png
T06_a_Q,T06,a,1,Q,3,A3_PACKED,20,20,4,7,5,0.5488,0.5941,0.0454,622,EXACT,,A4_T06_a_Q_packed_b20.png
T06_a_Q,T06,a,1,Q,3,A3_PACKED,24,24,4,7,6,0.5488,0.6032,0.0544,632,EXACT,,A4_T06_a_Q_packed_b24.png
T06_a_Q,T06,a,1,Q,3,A3_PACKED,32,32,6,7,5.333333,0.5488,0.6213,0.0726,646,EXACT,,A4_T06_a_Q_packed_b32.png
T06_a_Q,T06,a,1,Q,3,A3_PACKED,40,40,8,7,5,0.5488,0.6395,0.0907,729,NO_DETECTION,,A4_T06_a_Q_packed_b40.png
T06_a_Q,T06,a,1,Q,3,A3_PACKED,48,48,9,7,5.333333,0.5488,0.6576,0.1088,860,NO_DETECTION,,A4_T06_a_Q_packed_b48.png
T06_a_Q,T06,a,1,Q,3,A3_PACKED,64,64,13,7,4.923077,0.5488,0.6939,0.1451,966,NO_DETECTION,,A4_T06_a_Q_packed_b64.png
T06_a_Q,T06,a,1,Q,3,A3_PACKED,80,80,18,7,4.444444,0.5488,0.7302,0.1814,1152,NO_DETECTION,,A4_T06_a_Q_packed_b80.png
T06_a_Q,T06,a,1,Q,3,A3_PACKED,96,96,26,7,3.692308,0.5488,0.7664,0.2177,1501,NO_DETECTION,,A4_T06_a_Q_packed_b96.png
T06_a_H,T06,a,1,H,7,A3_PACKED,0,0,0,0,0,0.5624,0.5624,0,418,EXACT,,A4_T06_a_H_packed_b0.png
T06_a_H,T06,a,1,H,7,A3_PACKED,1,1,1,1,1,0.5624,0.5646,0.0023,415,EXACT,,A4_T06_a_H_packed_b1.png
T06_a_H,T06,a,1,H,7,A3_PACKED,2,2,1,2,2,0.5624,0.5669,0.0045,415,EXACT,,A4_T06_a_H_packed_b2.png
T06_a_H,T06,a,1,H,7,A3_PACKED,4,4,1,4,4,0.5624,0.5714,0.0091,420,EXACT,,A4_T06_a_H_packed_b4.png
T06_a_H,T06,a,1,H,7,A3_PACKED,6,6,1,6,6,0.5624,0.576,0.0136,444,EXACT,,A4_T06_a_H_packed_b6.png
T06_a_H,T06,a,1,H,7,A3_PACKED,8,8,2,6,4,0.5624,0.5805,0.0181,447,EXACT,,A4_T06_a_H_packed_b8.png
T06_a_H,T06,a,1,H,7,A3_PACKED,10,10,2,6,5,0.5624,0.585,0.0227,456,EXACT,,A4_T06_a_H_packed_b10.png
T06_a_H,T06,a,1,H,7,A3_PACKED,12,12,2,6,6,0.5624,0.5896,0.0272,522,EXACT,,A4_T06_a_H_packed_b12.png
T06_a_H,T06,a,1,H,7,A3_PACKED,16,16,3,6,5.333333,0.5624,0.5986,0.0363,510,EXACT,,A4_T06_a_H_packed_b16.png
T06_a_H,T06,a,1,H,7,A3_PACKED,20,20,4,6,5,0.5624,0.6077,0.0454,520,EXACT,,A4_T06_a_H_packed_b20.png
T06_a_H,T06,a,1,H,7,A3_PACKED,24,24,5,6,4.8,0.5624,0.6168,0.0544,530,EXACT,,A4_T06_a_H_packed_b24.png
T06_a_H,T06,a,1,H,7,A3_PACKED,32,32,6,6,5.333333,0.5624,0.6349,0.0726,581,EXACT,,A4_T06_a_H_packed_b32.png
T06_a_H,T06,a,1,H,7,A3_PACKED,40,40,8,6,5,0.5624,0.6531,0.0907,650,EXACT,,A4_T06_a_H_packed_b40.png
T06_a_H,T06,a,1,H,7,A3_PACKED,48,48,10,6,4.8,0.5624,0.6712,0.1088,824,NO_DETECTION,,A4_T06_a_H_packed_b48.png
T06_a_H,T06,a,1,H,7,A3_PACKED,64,64,14,6,4.571429,0.5624,0.7075,0.1451,1014,NO_DETECTION,,A4_T06_a_H_packed_b64.png
T06_a_H,T06,a,1,H,7,A3_PACKED,80,80,19,6,4.210526,0.5624,0.7438,0.1814,1282,NO_DETECTION,,A4_T06_a_H_packed_b80.png
T06_a_H,T06,a,1,H,7,A3_PACKED,90,90,25,6,3.6,0.5624,0.7664,0.2041,1510,NO_DETECTION,,A4_T06_a_H_packed_b90.png
T06_g-co_L,T06,g.co,4,L,2,A3_PACKED,0,0,0,0,0,0.5351,0.5351,0,437,EXACT,,A4_T06_g-co_L_packed_b0.png
T06_g-co_L,T06,g.co,4,L,2,A3_PACKED,1,1,1,1,1,0.5351,0.5374,0.0023,393,EXACT,,A4_T06_g-co_L_packed_b1.png
T06_g-co_L,T06,g.co,4,L,2,A3_PACKED,2,2,1,2,2,0.5351,0.5397,0.0045,430,EXACT,,A4_T06_g-co_L_packed_b2.png
T06_g-co_L,T06,g.co,4,L,2,A3_PACKED,4,4,1,4,4,0.5351,0.5442,0.0091,394,EXACT,,A4_T06_g-co_L_packed_b4.png
T06_g-co_L,T06,g.co,4,L,2,A3_PACKED,6,6,1,6,6,0.5351,0.5488,0.0136,414,EXACT,,A4_T06_g-co_L_packed_b6.png
T06_g-co_L,T06,g.co,4,L,2,A3_PACKED,8,8,2,6,4,0.5351,0.5533,0.0181,407,EXACT,,A4_T06_g-co_L_packed_b8.png
T06_g-co_L,T06,g.co,4,L,2,A3_PACKED,10,10,2,6,5,0.5351,0.5578,0.0227,407,EXACT,,A4_T06_g-co_L_packed_b10.png
T06_g-co_L,T06,g.co,4,L,2,A3_PACKED,12,12,2,6,6,0.5351,0.5624,0.0272,424,EXACT,,A4_T06_g-co_L_packed_b12.png
T06_g-co_L,T06,g.co,4,L,2,A3_PACKED,16,16,3,6,5.333333,0.5351,0.5714,0.0363,426,EXACT,,A4_T06_g-co_L_packed_b16.png
T06_g-co_L,T06,g.co,4,L,2,A3_PACKED,20,20,4,6,5,0.5351,0.5805,0.0454,474,NO_DETECTION,,A4_T06_g-co_L_packed_b20.png
T06_g-co_L,T06,g.co,4,L,2,A3_PACKED,24,24,5,6,4.8,0.5351,0.5896,0.0544,492,NO_DETECTION,,A4_T06_g-co_L_packed_b24.png
T06_g-co_L,T06,g.co,4,L,2,A3_PACKED,32,32,6,6,5.333333,0.5351,0.6077,0.0726,543,NO_DETECTION,,A4_T06_g-co_L_packed_b32.png
T06_g-co_L,T06,g.co,4,L,2,A3_PACKED,40,40,8,6,5,0.5351,0.6259,0.0907,705,NO_DETECTION,,A4_T06_g-co_L_packed_b40.png
T06_g-co_L,T06,g.co,4,L,2,A3_PACKED,48,48,10,6,4.8,0.5351,0.644,0.1088,737,NO_DETECTION,,A4_T06_g-co_L_packed_b48.png
T06_g-co_L,T06,g.co,4,L,2,A3_PACKED,64,64,14,6,4.571429,0.5351,0.6803,0.1451,839,NO_DETECTION,,A4_T06_g-co_L_packed_b64.png
T06_g-co_L,T06,g.co,4,L,2,A3_PACKED,80,80,19,6,4.210526,0.5351,0.7166,0.1814,1045,NO_DETECTION,,A4_T06_g-co_L_packed_b80.png
T06_g-co_L,T06,g.co,4,L,2,A3_PACKED,94,94,26,6,3.615385,0.5351,0.7483,0.2132,1347,NO_DETECTION,,A4_T06_g-co_L_packed_b94.png
T06_g-co_M,T06,g.co,4,M,1,A3_PACKED,0,0,0,0,0,0.5624,0.5624,0,396,EXACT,,A4_T06_g-co_M_packed_b0.png
T06_g-co_M,T06,g.co,4,M,1,A3_PACKED,1,1,1,1,1,0.5624,0.5646,0.0023,388,EXACT,,A4_T06_g-co_M_packed_b1.png
T06_g-co_M,T06,g.co,4,M,1,A3_PACKED,2,2,1,2,2,0.5624,0.5669,0.0045,388,EXACT,,A4_T06_g-co_M_packed_b2.png
T06_g-co_M,T06,g.co,4,M,1,A3_PACKED,4,4,1,4,4,0.5624,0.5714,0.0091,388,EXACT,,A4_T06_g-co_M_packed_b4.png
T06_g-co_M,T06,g.co,4,M,1,A3_PACKED,6,6,1,6,6,0.5624,0.576,0.0136,400,EXACT,,A4_T06_g-co_M_packed_b6.png
T06_g-co_M,T06,g.co,4,M,1,A3_PACKED,8,8,2,6,4,0.5624,0.5805,0.0181,392,EXACT,,A4_T06_g-co_M_packed_b8.png
T06_g-co_M,T06,g.co,4,M,1,A3_PACKED,10,10,2,6,5,0.5624,0.585,0.0227,392,EXACT,,A4_T06_g-co_M_packed_b10.png
T06_g-co_M,T06,g.co,4,M,1,A3_PACKED,12,12,2,6,6,0.5624,0.5896,0.0272,412,EXACT,,A4_T06_g-co_M_packed_b12.png
T06_g-co_M,T06,g.co,4,M,1,A3_PACKED,16,16,3,6,5.333333,0.5624,0.5986,0.0363,436,EXACT,,A4_T06_g-co_M_packed_b16.png
T06_g-co_M,T06,g.co,4,M,1,A3_PACKED,20,20,4,6,5,0.5624,0.6077,0.0454,468,EXACT,,A4_T06_g-co_M_packed_b20.png
T06_g-co_M,T06,g.co,4,M,1,A3_PACKED,24,24,4,6,6,0.5624,0.6168,0.0544,580,EXACT,,A4_T06_g-co_M_packed_b24.png
T06_g-co_M,T06,g.co,4,M,1,A3_PACKED,32,32,6,6,5.333333,0.5624,0.6349,0.0726,614,NO_DETECTION,,A4_T06_g-co_M_packed_b32.png
T06_g-co_M,T06,g.co,4,M,1,A3_PACKED,40,40,8,6,5,0.5624,0.6531,0.0907,681,NO_DETECTION,,A4_T06_g-co_M_packed_b40.png
T06_g-co_M,T06,g.co,4,M,1,A3_PACKED,48,48,10,6,4.8,0.5624,0.6712,0.1088,738,NO_DETECTION,,A4_T06_g-co_M_packed_b48.png
T06_g-co_M,T06,g.co,4,M,1,A3_PACKED,64,64,14,6,4.571429,0.5624,0.7075,0.1451,1161,NO_DETECTION,,A4_T06_g-co_M_packed_b64.png
T06_g-co_M,T06,g.co,4,M,1,A3_PACKED,80,80,20,6,4,0.5624,0.7438,0.1814,1377,NO_DETECTION,,A4_T06_g-co_M_packed_b80.png
T06_g-co_M,T06,g.co,4,M,1,A3_PACKED,90,90,26,6,3.461538,0.5624,0.7664,0.2041,1576,NO_DETECTION,,A4_T06_g-co_M_packed_b90.png
T06_g-co_Q,T06,g.co,4,Q,1,A3_PACKED,0,0,0,0,0,0.5805,0.5805,0,592,EXACT,,A4_T06_g-co_Q_packed_b0.png
T06_g-co_Q,T06,g.co,4,Q,1,A3_PACKED,1,1,1,1,1,0.5805,0.5828,0.0023,585,EXACT,,A4_T06_g-co_Q_packed_b1.png
T06_g-co_Q,T06,g.co,4,Q,1,A3_PACKED,2,2,1,2,2,0.5805,0.585,0.0045,584,EXACT,,A4_T06_g-co_Q_packed_b2.png
T06_g-co_Q,T06,g.co,4,Q,1,A3_PACKED,4,4,1,4,4,0.5805,0.5896,0.0091,589,EXACT,,A4_T06_g-co_Q_packed_b4.png
T06_g-co_Q,T06,g.co,4,Q,1,A3_PACKED,6,6,1,6,6,0.5805,0.5941,0.0136,603,EXACT,,A4_T06_g-co_Q_packed_b6.png
T06_g-co_Q,T06,g.co,4,Q,1,A3_PACKED,8,8,2,6,4,0.5805,0.5986,0.0181,595,EXACT,,A4_T06_g-co_Q_packed_b8.png
T06_g-co_Q,T06,g.co,4,Q,1,A3_PACKED,10,10,2,6,5,0.5805,0.6032,0.0227,600,EXACT,,A4_T06_g-co_Q_packed_b10.png
T06_g-co_Q,T06,g.co,4,Q,1,A3_PACKED,12,12,2,6,6,0.5805,0.6077,0.0272,615,EXACT,,A4_T06_g-co_Q_packed_b12.png
T06_g-co_Q,T06,g.co,4,Q,1,A3_PACKED,16,16,3,6,5.333333,0.5805,0.6168,0.0363,618,EXACT,,A4_T06_g-co_Q_packed_b16.png
T06_g-co_Q,T06,g.co,4,Q,1,A3_PACKED,20,20,4,6,5,0.5805,0.6259,0.0454,638,EXACT,,A4_T06_g-co_Q_packed_b20.png
T06_g-co_Q,T06,g.co,4,Q,1,A3_PACKED,24,24,4,6,6,0.5805,0.6349,0.0544,667,EXACT,,A4_T06_g-co_Q_packed_b24.png
T06_g-co_Q,T06,g.co,4,Q,1,A3_PACKED,32,32,6,6,5.333333,0.5805,0.6531,0.0726,736,EXACT,,A4_T06_g-co_Q_packed_b32.png
T06_g-co_Q,T06,g.co,4,Q,1,A3_PACKED,40,40,7,6,5.714286,0.5805,0.6712,0.0907,941,NO_DETECTION,,A4_T06_g-co_Q_packed_b40.png
T06_g-co_Q,T06,g.co,4,Q,1,A3_PACKED,48,48,9,6,5.333333,0.5805,0.6893,0.1088,981,NO_DETECTION,,A4_T06_g-co_Q_packed_b48.png
T06_g-co_Q,T06,g.co,4,Q,1,A3_PACKED,64,64,15,6,4.266667,0.5805,0.7256,0.1451,1170,NO_DETECTION,,A4_T06_g-co_Q_packed_b64.png
T06_g-co_Q,T06,g.co,4,Q,1,A3_PACKED,80,80,23,6,3.478261,0.5805,0.7619,0.1814,1472,NO_DETECTION,,A4_T06_g-co_Q_packed_b80.png
T06_g-co_Q,T06,g.co,4,Q,1,A3_PACKED,84,84,26,6,3.230769,0.5805,0.771,0.1905,1591,NO_DETECTION,,A4_T06_g-co_Q_packed_b84.png
T06_g-co_H,T06,g.co,4,H,5,A3_PACKED,0,0,0,0,0,0.5578,0.5578,0,475,EXACT,,A4_T06_g-co_H_packed_b0.png
T06_g-co_H,T06,g.co,4,H,5,A3_PACKED,1,1,1,1,1,0.5578,0.5601,0.0023,465,EXACT,,A4_T06_g-co_H_packed_b1.png
T06_g-co_H,T06,g.co,4,H,5,A3_PACKED,2,2,1,2,2,0.5578,0.5624,0.0045,462,EXACT,,A4_T06_g-co_H_packed_b2.png
T06_g-co_H,T06,g.co,4,H,5,A3_PACKED,4,4,1,4,4,0.5578,0.5669,0.0091,467,EXACT,,A4_T06_g-co_H_packed_b4.png
T06_g-co_H,T06,g.co,4,H,5,A3_PACKED,6,6,1,6,6,0.5578,0.5714,0.0136,484,EXACT,,A4_T06_g-co_H_packed_b6.png
T06_g-co_H,T06,g.co,4,H,5,A3_PACKED,8,8,2,6,4,0.5578,0.576,0.0181,472,EXACT,,A4_T06_g-co_H_packed_b8.png
T06_g-co_H,T06,g.co,4,H,5,A3_PACKED,10,10,2,6,5,0.5578,0.5805,0.0227,476,EXACT,,A4_T06_g-co_H_packed_b10.png
T06_g-co_H,T06,g.co,4,H,5,A3_PACKED,12,12,2,6,6,0.5578,0.585,0.0272,501,EXACT,,A4_T06_g-co_H_packed_b12.png
T06_g-co_H,T06,g.co,4,H,5,A3_PACKED,16,16,3,6,5.333333,0.5578,0.5941,0.0363,519,EXACT,,A4_T06_g-co_H_packed_b16.png
T06_g-co_H,T06,g.co,4,H,5,A3_PACKED,20,20,4,6,5,0.5578,0.6032,0.0454,544,EXACT,,A4_T06_g-co_H_packed_b20.png
T06_g-co_H,T06,g.co,4,H,5,A3_PACKED,24,24,5,6,4.8,0.5578,0.6122,0.0544,579,EXACT,,A4_T06_g-co_H_packed_b24.png
T06_g-co_H,T06,g.co,4,H,5,A3_PACKED,32,32,6,6,5.333333,0.5578,0.6304,0.0726,674,EXACT,,A4_T06_g-co_H_packed_b32.png
T06_g-co_H,T06,g.co,4,H,5,A3_PACKED,40,40,8,6,5,0.5578,0.6485,0.0907,866,EXACT,,A4_T06_g-co_H_packed_b40.png
T06_g-co_H,T06,g.co,4,H,5,A3_PACKED,48,48,10,6,4.8,0.5578,0.6667,0.1088,932,NO_DETECTION,,A4_T06_g-co_H_packed_b48.png
T06_g-co_H,T06,g.co,4,H,5,A3_PACKED,64,64,15,6,4.266667,0.5578,0.7029,0.1451,1159,NO_DETECTION,,A4_T06_g-co_H_packed_b64.png
T06_g-co_H,T06,g.co,4,H,5,A3_PACKED,80,80,20,6,4,0.5578,0.7392,0.1814,1331,NO_DETECTION,,A4_T06_g-co_H_packed_b80.png
T06_g-co_H,T06,g.co,4,H,5,A3_PACKED,94,94,26,6,3.615385,0.5578,0.771,0.2132,1591,NO_DETECTION,,A4_T06_g-co_H_packed_b94.png
T06_abcdefg_L,T06,abcdefg,7,L,3,A3_PACKED,0,0,0,0,0,0.5533,0.5533,0,372,EXACT,,A4_T06_abcdefg_L_packed_b0.png
T06_abcdefg_L,T06,abcdefg,7,L,3,A3_PACKED,1,1,1,1,1,0.5533,0.5556,0.0023,356,EXACT,,A4_T06_abcdefg_L_packed_b1.png
T06_abcdefg_L,T06,abcdefg,7,L,3,A3_PACKED,2,2,1,2,2,0.5533,0.5578,0.0045,350,EXACT,,A4_T06_abcdefg_L_packed_b2.png
T06_abcdefg_L,T06,abcdefg,7,L,3,A3_PACKED,4,4,1,4,4,0.5533,0.5624,0.0091,351,EXACT,,A4_T06_abcdefg_L_packed_b4.png
T06_abcdefg_L,T06,abcdefg,7,L,3,A3_PACKED,6,6,1,6,6,0.5533,0.5669,0.0136,360,EXACT,,A4_T06_abcdefg_L_packed_b6.png
T06_abcdefg_L,T06,abcdefg,7,L,3,A3_PACKED,8,8,2,7,4,0.5533,0.5714,0.0181,357,EXACT,,A4_T06_abcdefg_L_packed_b8.png
T06_abcdefg_L,T06,abcdefg,7,L,3,A3_PACKED,10,10,2,7,5,0.5533,0.576,0.0227,351,EXACT,,A4_T06_abcdefg_L_packed_b10.png
T06_abcdefg_L,T06,abcdefg,7,L,3,A3_PACKED,12,12,2,7,6,0.5533,0.5805,0.0272,355,EXACT,,A4_T06_abcdefg_L_packed_b12.png
T06_abcdefg_L,T06,abcdefg,7,L,3,A3_PACKED,16,16,3,7,5.333333,0.5533,0.5896,0.0363,419,EXACT,,A4_T06_abcdefg_L_packed_b16.png
T06_abcdefg_L,T06,abcdefg,7,L,3,A3_PACKED,20,20,4,7,5,0.5533,0.5986,0.0454,532,NO_DETECTION,,A4_T06_abcdefg_L_packed_b20.png
T06_abcdefg_L,T06,abcdefg,7,L,3,A3_PACKED,24,24,4,7,6,0.5533,0.6077,0.0544,664,NO_DETECTION,,A4_T06_abcdefg_L_packed_b24.png
T06_abcdefg_L,T06,abcdefg,7,L,3,A3_PACKED,32,32,6,7,5.333333,0.5533,0.6259,0.0726,697,NO_DETECTION,,A4_T06_abcdefg_L_packed_b32.png
T06_abcdefg_L,T06,abcdefg,7,L,3,A3_PACKED,40,40,8,7,5,0.5533,0.644,0.0907,736,NO_DETECTION,,A4_T06_abcdefg_L_packed_b40.png
T06_abcdefg_L,T06,abcdefg,7,L,3,A3_PACKED,48,48,10,7,4.8,0.5533,0.6621,0.1088,791,NO_DETECTION,,A4_T06_abcdefg_L_packed_b48.png
T06_abcdefg_L,T06,abcdefg,7,L,3,A3_PACKED,64,64,15,7,4.266667,0.5533,0.6984,0.1451,974,NO_DETECTION,,A4_T06_abcdefg_L_packed_b64.png
T06_abcdefg_L,T06,abcdefg,7,L,3,A3_PACKED,80,80,21,7,3.809524,0.5533,0.7347,0.1814,1126,NO_DETECTION,,A4_T06_abcdefg_L_packed_b80.png
T06_abcdefg_L,T06,abcdefg,7,L,3,A3_PACKED,88,88,26,7,3.384615,0.5533,0.7528,0.1995,1290,NO_DETECTION,,A4_T06_abcdefg_L_packed_b88.png
T06_abcdefg_M,T06,abcdefg,7,M,7,A3_PACKED,0,0,0,0,0,0.5533,0.5533,0,528,EXACT,,A4_T06_abcdefg_M_packed_b0.png
T06_abcdefg_M,T06,abcdefg,7,M,7,A3_PACKED,1,1,1,1,1,0.5533,0.5556,0.0023,523,EXACT,,A4_T06_abcdefg_M_packed_b1.png
T06_abcdefg_M,T06,abcdefg,7,M,7,A3_PACKED,2,2,1,2,2,0.5533,0.5578,0.0045,523,EXACT,,A4_T06_abcdefg_M_packed_b2.png
T06_abcdefg_M,T06,abcdefg,7,M,7,A3_PACKED,4,4,1,4,4,0.5533,0.5624,0.0091,523,EXACT,,A4_T06_abcdefg_M_packed_b4.png
T06_abcdefg_M,T06,abcdefg,7,M,7,A3_PACKED,6,6,1,6,6,0.5533,0.5669,0.0136,535,EXACT,,A4_T06_abcdefg_M_packed_b6.png
T06_abcdefg_M,T06,abcdefg,7,M,7,A3_PACKED,8,8,2,7,4,0.5533,0.5714,0.0181,538,EXACT,,A4_T06_abcdefg_M_packed_b8.png
T06_abcdefg_M,T06,abcdefg,7,M,7,A3_PACKED,10,10,2,7,5,0.5533,0.576,0.0227,530,EXACT,,A4_T06_abcdefg_M_packed_b10.png
T06_abcdefg_M,T06,abcdefg,7,M,7,A3_PACKED,12,12,2,7,6,0.5533,0.5805,0.0272,536,EXACT,,A4_T06_abcdefg_M_packed_b12.png
T06_abcdefg_M,T06,abcdefg,7,M,7,A3_PACKED,16,16,3,7,5.333333,0.5533,0.5896,0.0363,544,EXACT,,A4_T06_abcdefg_M_packed_b16.png
T06_abcdefg_M,T06,abcdefg,7,M,7,A3_PACKED,20,20,4,7,5,0.5533,0.5986,0.0454,552,EXACT,,A4_T06_abcdefg_M_packed_b20.png
T06_abcdefg_M,T06,abcdefg,7,M,7,A3_PACKED,24,24,5,7,4.8,0.5533,0.6077,0.0544,589,EXACT,,A4_T06_abcdefg_M_packed_b24.png
T06_abcdefg_M,T06,abcdefg,7,M,7,A3_PACKED,32,32,6,7,5.333333,0.5533,0.6259,0.0726,783,NO_DETECTION,,A4_T06_abcdefg_M_packed_b32.png
T06_abcdefg_M,T06,abcdefg,7,M,7,A3_PACKED,40,40,8,7,5,0.5533,0.644,0.0907,953,NO_DETECTION,,A4_T06_abcdefg_M_packed_b40.png
T06_abcdefg_M,T06,abcdefg,7,M,7,A3_PACKED,48,48,10,7,4.8,0.5533,0.6621,0.1088,981,NO_DETECTION,,A4_T06_abcdefg_M_packed_b48.png
T06_abcdefg_M,T06,abcdefg,7,M,7,A3_PACKED,64,64,14,7,4.571429,0.5533,0.6984,0.1451,1092,NO_DETECTION,,A4_T06_abcdefg_M_packed_b64.png
T06_abcdefg_M,T06,abcdefg,7,M,7,A3_PACKED,80,80,19,7,4.210526,0.5533,0.7347,0.1814,1332,NO_DETECTION,,A4_T06_abcdefg_M_packed_b80.png
T06_abcdefg_M,T06,abcdefg,7,M,7,A3_PACKED,96,96,26,7,3.692308,0.5533,0.771,0.2177,1668,NO_DETECTION,,A4_T06_abcdefg_M_packed_b96.png
T06_abcdefg_Q,T06,abcdefg,7,Q,4,A3_PACKED,0,0,0,0,0,0.5397,0.5397,0,411,EXACT,,A4_T06_abcdefg_Q_packed_b0.png
T06_abcdefg_Q,T06,abcdefg,7,Q,4,A3_PACKED,1,1,1,1,1,0.5397,0.542,0.0023,401,EXACT,,A4_T06_abcdefg_Q_packed_b1.png
T06_abcdefg_Q,T06,abcdefg,7,Q,4,A3_PACKED,2,2,1,2,2,0.5397,0.5442,0.0045,397,EXACT,,A4_T06_abcdefg_Q_packed_b2.png
T06_abcdefg_Q,T06,abcdefg,7,Q,4,A3_PACKED,4,4,1,4,4,0.5397,0.5488,0.0091,394,EXACT,,A4_T06_abcdefg_Q_packed_b4.png
T06_abcdefg_Q,T06,abcdefg,7,Q,4,A3_PACKED,6,6,1,6,6,0.5397,0.5533,0.0136,397,EXACT,,A4_T06_abcdefg_Q_packed_b6.png
T06_abcdefg_Q,T06,abcdefg,7,Q,4,A3_PACKED,8,8,2,7,4,0.5397,0.5578,0.0181,404,EXACT,,A4_T06_abcdefg_Q_packed_b8.png
T06_abcdefg_Q,T06,abcdefg,7,Q,4,A3_PACKED,10,10,2,7,5,0.5397,0.5624,0.0227,407,EXACT,,A4_T06_abcdefg_Q_packed_b10.png
T06_abcdefg_Q,T06,abcdefg,7,Q,4,A3_PACKED,12,12,2,7,6,0.5397,0.5669,0.0272,423,EXACT,,A4_T06_abcdefg_Q_packed_b12.png
T06_abcdefg_Q,T06,abcdefg,7,Q,4,A3_PACKED,16,16,3,7,5.333333,0.5397,0.576,0.0363,447,EXACT,,A4_T06_abcdefg_Q_packed_b16.png
T06_abcdefg_Q,T06,abcdefg,7,Q,4,A3_PACKED,20,20,4,7,5,0.5397,0.585,0.0454,556,EXACT,,A4_T06_abcdefg_Q_packed_b20.png
T06_abcdefg_Q,T06,abcdefg,7,Q,4,A3_PACKED,24,24,4,7,6,0.5397,0.5941,0.0544,576,EXACT,,A4_T06_abcdefg_Q_packed_b24.png
T06_abcdefg_Q,T06,abcdefg,7,Q,4,A3_PACKED,32,32,6,7,5.333333,0.5397,0.6122,0.0726,598,EXACT,,A4_T06_abcdefg_Q_packed_b32.png
T06_abcdefg_Q,T06,abcdefg,7,Q,4,A3_PACKED,40,40,8,7,5,0.5397,0.6304,0.0907,630,NO_DETECTION,,A4_T06_abcdefg_Q_packed_b40.png
T06_abcdefg_Q,T06,abcdefg,7,Q,4,A3_PACKED,48,48,9,7,5.333333,0.5397,0.6485,0.1088,679,NO_DETECTION,,A4_T06_abcdefg_Q_packed_b48.png
T06_abcdefg_Q,T06,abcdefg,7,Q,4,A3_PACKED,64,64,13,7,4.923077,0.5397,0.6848,0.1451,844,NO_DETECTION,,A4_T06_abcdefg_Q_packed_b64.png
T06_abcdefg_Q,T06,abcdefg,7,Q,4,A3_PACKED,80,80,18,7,4.444444,0.5397,0.7211,0.1814,1180,NO_DETECTION,,A4_T06_abcdefg_Q_packed_b80.png
T06_abcdefg_Q,T06,abcdefg,7,Q,4,A3_PACKED,96,96,24,7,4,0.5397,0.7574,0.2177,1462,NO_DETECTION,,A4_T06_abcdefg_Q_packed_b96.png
T06_abcdefg_Q,T06,abcdefg,7,Q,4,A3_PACKED,100,100,26,7,3.846154,0.5397,0.7664,0.2268,1508,NO_DETECTION,,A4_T06_abcdefg_Q_packed_b100.png
T06_abcdefg_H,T06,abcdefg,7,H,3,A3_PACKED,0,0,0,0,0,0.5578,0.5578,0,543,EXACT,,A4_T06_abcdefg_H_packed_b0.png
T06_abcdefg_H,T06,abcdefg,7,H,3,A3_PACKED,1,1,1,1,1,0.5578,0.5601,0.0023,533,EXACT,,A4_T06_abcdefg_H_packed_b1.png
T06_abcdefg_H,T06,abcdefg,7,H,3,A3_PACKED,2,2,1,2,2,0.5578,0.5624,0.0045,518,EXACT,,A4_T06_abcdefg_H_packed_b2.png
T06_abcdefg_H,T06,abcdefg,7,H,3,A3_PACKED,4,4,1,4,4,0.5578,0.5669,0.0091,515,EXACT,,A4_T06_abcdefg_H_packed_b4.png
T06_abcdefg_H,T06,abcdefg,7,H,3,A3_PACKED,6,6,1,6,6,0.5578,0.5714,0.0136,524,EXACT,,A4_T06_abcdefg_H_packed_b6.png
T06_abcdefg_H,T06,abcdefg,7,H,3,A3_PACKED,8,8,2,7,4,0.5578,0.576,0.0181,528,EXACT,,A4_T06_abcdefg_H_packed_b8.png
T06_abcdefg_H,T06,abcdefg,7,H,3,A3_PACKED,10,10,2,7,5,0.5578,0.5805,0.0227,522,EXACT,,A4_T06_abcdefg_H_packed_b10.png
T06_abcdefg_H,T06,abcdefg,7,H,3,A3_PACKED,12,12,2,7,6,0.5578,0.585,0.0272,529,EXACT,,A4_T06_abcdefg_H_packed_b12.png
T06_abcdefg_H,T06,abcdefg,7,H,3,A3_PACKED,16,16,3,7,5.333333,0.5578,0.5941,0.0363,565,EXACT,,A4_T06_abcdefg_H_packed_b16.png
T06_abcdefg_H,T06,abcdefg,7,H,3,A3_PACKED,20,20,4,7,5,0.5578,0.6032,0.0454,577,EXACT,,A4_T06_abcdefg_H_packed_b20.png
T06_abcdefg_H,T06,abcdefg,7,H,3,A3_PACKED,24,24,4,7,6,0.5578,0.6122,0.0544,595,EXACT,,A4_T06_abcdefg_H_packed_b24.png
T06_abcdefg_H,T06,abcdefg,7,H,3,A3_PACKED,32,32,6,7,5.333333,0.5578,0.6304,0.0726,680,EXACT,,A4_T06_abcdefg_H_packed_b32.png
T06_abcdefg_H,T06,abcdefg,7,H,3,A3_PACKED,40,40,8,7,5,0.5578,0.6485,0.0907,726,EXACT,,A4_T06_abcdefg_H_packed_b40.png
T06_abcdefg_H,T06,abcdefg,7,H,3,A3_PACKED,48,48,10,7,4.8,0.5578,0.6667,0.1088,784,NO_DETECTION,,A4_T06_abcdefg_H_packed_b48.png
T06_abcdefg_H,T06,abcdefg,7,H,3,A3_PACKED,64,64,15,7,4.266667,0.5578,0.7029,0.1451,1047,NO_DETECTION,,A4_T06_abcdefg_H_packed_b64.png
T06_abcdefg_H,T06,abcdefg,7,H,3,A3_PACKED,80,80,20,7,4,0.5578,0.7392,0.1814,1222,NO_DETECTION,,A4_T06_abcdefg_H_packed_b80.png
T06_abcdefg_H,T06,abcdefg,7,H,3,A3_PACKED,92,92,26,7,3.538462,0.5578,0.7664,0.2086,1496,NO_DETECTION,,A4_T06_abcdefg_H_packed_b92.png
T07_a_L,T07,a,1,L,0,A3_PACKED,0,0,0,0,0,0.5714,0.5714,0,378,EXACT,,A4_T07_a_L_packed_b0.png
T07_a_L,T07,a,1,L,0,A3_PACKED,1,1,1,1,1,0.5714,0.5737,0.0023,378,EXACT,,A4_T07_a_L_packed_b1.png
T07_a_L,T07,a,1,L,0,A3_PACKED,2,2,1,2,2,0.5714,0.576,0.0045,375,EXACT,,A4_T07_a_L_packed_b2.png
T07_a_L,T07,a,1,L,0,A3_PACKED,4,4,1,4,4,0.5714,0.5805,0.0091,378,EXACT,,A4_T07_a_L_packed_b4.png
T07_a_L,T07,a,1,L,0,A3_PACKED,6,6,1,6,6,0.5714,0.585,0.0136,412,EXACT,,A4_T07_a_L_packed_b6.png
T07_a_L,T07,a,1,L,0,A3_PACKED,8,8,2,6,4,0.5714,0.5896,0.0181,292,EXACT,,A4_T07_a_L_packed_b8.png
T07_a_L,T07,a,1,L,0,A3_PACKED,10,10,2,6,5,0.5714,0.5941,0.0227,289,EXACT,,A4_T07_a_L_packed_b10.png
T07_a_L,T07,a,1,L,0,A3_PACKED,12,12,3,6,4,0.5714,0.5986,0.0272,290,EXACT,,A4_T07_a_L_packed_b12.png
T07_a_L,T07,a,1,L,0,A3_PACKED,16,16,3,6,5.333333,0.5714,0.6077,0.0363,286,EXACT,,A4_T07_a_L_packed_b16.png
T07_a_L,T07,a,1,L,0,A3_PACKED,20,20,4,6,5,0.5714,0.6168,0.0454,278,NO_DETECTION,,A4_T07_a_L_packed_b20.png
T07_a_L,T07,a,1,L,0,A3_PACKED,24,24,5,6,4.8,0.5714,0.6259,0.0544,281,NO_DETECTION,,A4_T07_a_L_packed_b24.png
T07_a_L,T07,a,1,L,0,A3_PACKED,32,32,7,6,4.571429,0.5714,0.644,0.0726,281,NO_DETECTION,,A4_T07_a_L_packed_b32.png
T07_a_L,T07,a,1,L,0,A3_PACKED,40,40,8,6,5,0.5714,0.6621,0.0907,284,NO_DETECTION,,A4_T07_a_L_packed_b40.png
T07_a_L,T07,a,1,L,0,A3_PACKED,48,48,10,6,4.8,0.5714,0.6803,0.1088,243,NO_DETECTION,,A4_T07_a_L_packed_b48.png
T07_a_L,T07,a,1,L,0,A3_PACKED,64,64,14,6,4.571429,0.5714,0.7166,0.1451,249,NO_DETECTION,,A4_T07_a_L_packed_b64.png
T07_a_L,T07,a,1,L,0,A3_PACKED,80,80,19,6,4.210526,0.5714,0.7528,0.1814,236,NO_DETECTION,,A4_T07_a_L_packed_b80.png
T07_a_L,T07,a,1,L,0,A3_PACKED,92,92,26,6,3.538462,0.5714,0.78,0.2086,206,NO_DETECTION,,A4_T07_a_L_packed_b92.png
T07_a_M,T07,a,1,M,2,A3_PACKED,0,0,0,0,0,0.576,0.576,0,348,EXACT,,A4_T07_a_M_packed_b0.png
T07_a_M,T07,a,1,M,2,A3_PACKED,1,1,1,1,1,0.576,0.5782,0.0023,345,EXACT,,A4_T07_a_M_packed_b1.png
T07_a_M,T07,a,1,M,2,A3_PACKED,2,2,1,2,2,0.576,0.5805,0.0045,345,EXACT,,A4_T07_a_M_packed_b2.png
T07_a_M,T07,a,1,M,2,A3_PACKED,4,4,1,4,4,0.576,0.585,0.0091,342,EXACT,,A4_T07_a_M_packed_b4.png
T07_a_M,T07,a,1,M,2,A3_PACKED,6,6,1,6,6,0.576,0.5896,0.0136,342,EXACT,,A4_T07_a_M_packed_b6.png
T07_a_M,T07,a,1,M,2,A3_PACKED,8,8,1,8,8,0.576,0.5941,0.0181,350,EXACT,,A4_T07_a_M_packed_b8.png
T07_a_M,T07,a,1,M,2,A3_PACKED,10,10,2,8,5,0.576,0.5986,0.0227,344,EXACT,,A4_T07_a_M_packed_b10.png
T07_a_M,T07,a,1,M,2,A3_PACKED,12,12,2,8,6,0.576,0.6032,0.0272,341,EXACT,,A4_T07_a_M_packed_b12.png
T07_a_M,T07,a,1,M,2,A3_PACKED,16,16,3,8,5.333333,0.576,0.6122,0.0363,335,EXACT,,A4_T07_a_M_packed_b16.png
T07_a_M,T07,a,1,M,2,A3_PACKED,20,20,4,8,5,0.576,0.6213,0.0454,312,EXACT,,A4_T07_a_M_packed_b20.png
T07_a_M,T07,a,1,M,2,A3_PACKED,24,24,4,8,6,0.576,0.6304,0.0544,312,EXACT,,A4_T07_a_M_packed_b24.png
T07_a_M,T07,a,1,M,2,A3_PACKED,32,32,6,8,5.333333,0.576,0.6485,0.0726,306,NO_DETECTION,,A4_T07_a_M_packed_b32.png
T07_a_M,T07,a,1,M,2,A3_PACKED,40,40,8,8,5,0.576,0.6667,0.0907,308,NO_DETECTION,,A4_T07_a_M_packed_b40.png
T07_a_M,T07,a,1,M,2,A3_PACKED,48,48,9,8,5.333333,0.576,0.6848,0.1088,307,NO_DETECTION,,A4_T07_a_M_packed_b48.png
T07_a_M,T07,a,1,M,2,A3_PACKED,64,64,15,8,4.266667,0.576,0.7211,0.1451,219,NO_DETECTION,,A4_T07_a_M_packed_b64.png
T07_a_M,T07,a,1,M,2,A3_PACKED,80,80,21,8,3.809524,0.576,0.7574,0.1814,200,NO_DETECTION,,A4_T07_a_M_packed_b80.png
T07_a_M,T07,a,1,M,2,A3_PACKED,88,88,26,8,3.384615,0.576,0.7755,0.1995,197,NO_DETECTION,,A4_T07_a_M_packed_b88.png
T07_a_Q,T07,a,1,Q,1,A3_PACKED,0,0,0,0,0,0.5624,0.5624,0,445,EXACT,,A4_T07_a_Q_packed_b0.png
T07_a_Q,T07,a,1,Q,1,A3_PACKED,1,1,1,1,1,0.5624,0.5646,0.0023,405,EXACT,,A4_T07_a_Q_packed_b1.png
T07_a_Q,T07,a,1,Q,1,A3_PACKED,2,2,1,2,2,0.5624,0.5669,0.0045,398,EXACT,,A4_T07_a_Q_packed_b2.png
T07_a_Q,T07,a,1,Q,1,A3_PACKED,4,4,1,4,4,0.5624,0.5714,0.0091,394,EXACT,,A4_T07_a_Q_packed_b4.png
T07_a_Q,T07,a,1,Q,1,A3_PACKED,6,6,2,5,3,0.5624,0.576,0.0136,378,EXACT,,A4_T07_a_Q_packed_b6.png
T07_a_Q,T07,a,1,Q,1,A3_PACKED,8,8,2,5,4,0.5624,0.5805,0.0181,378,EXACT,,A4_T07_a_Q_packed_b8.png
T07_a_Q,T07,a,1,Q,1,A3_PACKED,10,10,2,5,5,0.5624,0.585,0.0227,372,EXACT,,A4_T07_a_Q_packed_b10.png
T07_a_Q,T07,a,1,Q,1,A3_PACKED,12,12,3,5,4,0.5624,0.5896,0.0272,360,EXACT,,A4_T07_a_Q_packed_b12.png
T07_a_Q,T07,a,1,Q,1,A3_PACKED,16,16,4,5,4,0.5624,0.5986,0.0363,348,EXACT,,A4_T07_a_Q_packed_b16.png
T07_a_Q,T07,a,1,Q,1,A3_PACKED,20,20,4,5,5,0.5624,0.6077,0.0454,344,EXACT,,A4_T07_a_Q_packed_b20.png
T07_a_Q,T07,a,1,Q,1,A3_PACKED,24,24,5,5,4.8,0.5624,0.6168,0.0544,335,EXACT,,A4_T07_a_Q_packed_b24.png
T07_a_Q,T07,a,1,Q,1,A3_PACKED,32,32,7,5,4.571429,0.5624,0.6349,0.0726,326,NO_DETECTION,,A4_T07_a_Q_packed_b32.png
T07_a_Q,T07,a,1,Q,1,A3_PACKED,40,40,8,5,5,0.5624,0.6531,0.0907,319,NO_DETECTION,,A4_T07_a_Q_packed_b40.png
T07_a_Q,T07,a,1,Q,1,A3_PACKED,48,48,10,5,4.8,0.5624,0.6712,0.1088,302,NO_DETECTION,,A4_T07_a_Q_packed_b48.png
T07_a_Q,T07,a,1,Q,1,A3_PACKED,64,64,15,5,4.266667,0.5624,0.7075,0.1451,276,NO_DETECTION,,A4_T07_a_Q_packed_b64.png
T07_a_Q,T07,a,1,Q,1,A3_PACKED,80,80,21,5,3.809524,0.5624,0.7438,0.1814,212,NO_DETECTION,,A4_T07_a_Q_packed_b80.png
T07_a_Q,T07,a,1,Q,1,A3_PACKED,88,88,26,5,3.384615,0.5624,0.7619,0.1995,205,NO_DETECTION,,A4_T07_a_Q_packed_b88.png
T07_a_H,T07,a,1,H,4,A3_PACKED,0,0,0,0,0,0.5624,0.5624,0,596,EXACT,,A4_T07_a_H_packed_b0.png
T07_a_H,T07,a,1,H,4,A3_PACKED,1,1,1,1,1,0.5624,0.5646,0.0023,593,EXACT,,A4_T07_a_H_packed_b1.png
T07_a_H,T07,a,1,H,4,A3_PACKED,2,2,1,2,2,0.5624,0.5669,0.0045,590,EXACT,,A4_T07_a_H_packed_b2.png
T07_a_H,T07,a,1,H,4,A3_PACKED,4,4,1,4,4,0.5624,0.5714,0.0091,585,EXACT,,A4_T07_a_H_packed_b4.png
T07_a_H,T07,a,1,H,4,A3_PACKED,6,6,1,6,6,0.5624,0.576,0.0136,590,EXACT,,A4_T07_a_H_packed_b6.png
T07_a_H,T07,a,1,H,4,A3_PACKED,8,8,2,6,4,0.5624,0.5805,0.0181,584,EXACT,,A4_T07_a_H_packed_b8.png
T07_a_H,T07,a,1,H,4,A3_PACKED,10,10,2,6,5,0.5624,0.585,0.0227,579,EXACT,,A4_T07_a_H_packed_b10.png
T07_a_H,T07,a,1,H,4,A3_PACKED,12,12,2,6,6,0.5624,0.5896,0.0272,618,EXACT,,A4_T07_a_H_packed_b12.png
T07_a_H,T07,a,1,H,4,A3_PACKED,16,16,3,6,5.333333,0.5624,0.5986,0.0363,477,EXACT,,A4_T07_a_H_packed_b16.png
T07_a_H,T07,a,1,H,4,A3_PACKED,20,20,4,6,5,0.5624,0.6077,0.0454,385,EXACT,,A4_T07_a_H_packed_b20.png
T07_a_H,T07,a,1,H,4,A3_PACKED,24,24,5,6,4.8,0.5624,0.6168,0.0544,363,EXACT,,A4_T07_a_H_packed_b24.png
T07_a_H,T07,a,1,H,4,A3_PACKED,32,32,6,6,5.333333,0.5624,0.6349,0.0726,360,EXACT,,A4_T07_a_H_packed_b32.png
T07_a_H,T07,a,1,H,4,A3_PACKED,40,40,9,6,4.444444,0.5624,0.6531,0.0907,284,NO_DETECTION,,A4_T07_a_H_packed_b40.png
T07_a_H,T07,a,1,H,4,A3_PACKED,48,48,11,6,4.363636,0.5624,0.6712,0.1088,252,NO_DETECTION,,A4_T07_a_H_packed_b48.png
T07_a_H,T07,a,1,H,4,A3_PACKED,64,64,17,6,3.764706,0.5624,0.7075,0.1451,233,NO_DETECTION,,A4_T07_a_H_packed_b64.png
T07_a_H,T07,a,1,H,4,A3_PACKED,80,80,22,6,3.636364,0.5624,0.7438,0.1814,221,NO_DETECTION,,A4_T07_a_H_packed_b80.png
T07_a_H,T07,a,1,H,4,A3_PACKED,88,88,26,6,3.384615,0.5624,0.7619,0.1995,207,NO_DETECTION,,A4_T07_a_H_packed_b88.png
T07_g-co_L,T07,g.co,4,L,0,A3_PACKED,0,0,0,0,0,0.5805,0.5805,0,445,EXACT,,A4_T07_g-co_L_packed_b0.png
T07_g-co_L,T07,g.co,4,L,0,A3_PACKED,1,1,1,1,1,0.5805,0.5828,0.0023,396,EXACT,,A4_T07_g-co_L_packed_b1.png
T07_g-co_L,T07,g.co,4,L,0,A3_PACKED,2,2,1,2,2,0.5805,0.585,0.0045,396,EXACT,,A4_T07_g-co_L_packed_b2.png
T07_g-co_L,T07,g.co,4,L,0,A3_PACKED,4,4,1,4,4,0.5805,0.5896,0.0091,396,EXACT,,A4_T07_g-co_L_packed_b4.png
T07_g-co_L,T07,g.co,4,L,0,A3_PACKED,6,6,1,6,6,0.5805,0.5941,0.0136,399,EXACT,,A4_T07_g-co_L_packed_b6.png
T07_g-co_L,T07,g.co,4,L,0,A3_PACKED,8,8,2,6,4,0.5805,0.5986,0.0181,399,EXACT,,A4_T07_g-co_L_packed_b8.png
T07_g-co_L,T07,g.co,4,L,0,A3_PACKED,10,10,2,6,5,0.5805,0.6032,0.0227,399,EXACT,,A4_T07_g-co_L_packed_b10.png
T07_g-co_L,T07,g.co,4,L,0,A3_PACKED,12,12,2,6,6,0.5805,0.6077,0.0272,408,EXACT,,A4_T07_g-co_L_packed_b12.png
T07_g-co_L,T07,g.co,4,L,0,A3_PACKED,16,16,3,6,5.333333,0.5805,0.6168,0.0363,403,EXACT,,A4_T07_g-co_L_packed_b16.png
T07_g-co_L,T07,g.co,4,L,0,A3_PACKED,20,20,4,6,5,0.5805,0.6259,0.0454,400,NO_DETECTION,,A4_T07_g-co_L_packed_b20.png
T07_g-co_L,T07,g.co,4,L,0,A3_PACKED,24,24,5,6,4.8,0.5805,0.6349,0.0544,401,NO_DETECTION,,A4_T07_g-co_L_packed_b24.png
T07_g-co_L,T07,g.co,4,L,0,A3_PACKED,32,32,6,6,5.333333,0.5805,0.6531,0.0726,410,NO_DETECTION,,A4_T07_g-co_L_packed_b32.png
T07_g-co_L,T07,g.co,4,L,0,A3_PACKED,40,40,8,6,5,0.5805,0.6712,0.0907,314,NO_DETECTION,,A4_T07_g-co_L_packed_b40.png
T07_g-co_L,T07,g.co,4,L,0,A3_PACKED,48,48,10,6,4.8,0.5805,0.6893,0.1088,303,NO_DETECTION,,A4_T07_g-co_L_packed_b48.png
T07_g-co_L,T07,g.co,4,L,0,A3_PACKED,64,64,15,6,4.266667,0.5805,0.7256,0.1451,245,NO_DETECTION,,A4_T07_g-co_L_packed_b64.png
T07_g-co_L,T07,g.co,4,L,0,A3_PACKED,80,80,21,6,3.809524,0.5805,0.7619,0.1814,212,NO_DETECTION,,A4_T07_g-co_L_packed_b80.png
T07_g-co_L,T07,g.co,4,L,0,A3_PACKED,88,88,26,6,3.384615,0.5805,0.78,0.1995,206,NO_DETECTION,,A4_T07_g-co_L_packed_b88.png
T07_g-co_M,T07,g.co,4,M,0,A3_PACKED,0,0,0,0,0,0.5669,0.5669,0,312,EXACT,,A4_T07_g-co_M_packed_b0.png
T07_g-co_M,T07,g.co,4,M,0,A3_PACKED,1,1,1,1,1,0.5669,0.5692,0.0023,312,EXACT,,A4_T07_g-co_M_packed_b1.png
T07_g-co_M,T07,g.co,4,M,0,A3_PACKED,2,2,1,2,2,0.5669,0.5714,0.0045,312,EXACT,,A4_T07_g-co_M_packed_b2.png
T07_g-co_M,T07,g.co,4,M,0,A3_PACKED,4,4,1,4,4,0.5669,0.576,0.0091,312,EXACT,,A4_T07_g-co_M_packed_b4.png
T07_g-co_M,T07,g.co,4,M,0,A3_PACKED,6,6,1,6,6,0.5669,0.5805,0.0136,312,EXACT,,A4_T07_g-co_M_packed_b6.png
T07_g-co_M,T07,g.co,4,M,0,A3_PACKED,8,8,2,7,4,0.5669,0.585,0.0181,315,EXACT,,A4_T07_g-co_M_packed_b8.png
T07_g-co_M,T07,g.co,4,M,0,A3_PACKED,10,10,2,7,5,0.5669,0.5896,0.0227,315,EXACT,,A4_T07_g-co_M_packed_b10.png
T07_g-co_M,T07,g.co,4,M,0,A3_PACKED,12,12,2,7,6,0.5669,0.5941,0.0272,318,EXACT,,A4_T07_g-co_M_packed_b12.png
T07_g-co_M,T07,g.co,4,M,0,A3_PACKED,16,16,3,7,5.333333,0.5669,0.6032,0.0363,318,EXACT,,A4_T07_g-co_M_packed_b16.png
T07_g-co_M,T07,g.co,4,M,0,A3_PACKED,20,20,4,7,5,0.5669,0.6122,0.0454,310,EXACT,,A4_T07_g-co_M_packed_b20.png
T07_g-co_M,T07,g.co,4,M,0,A3_PACKED,24,24,5,7,4.8,0.5669,0.6213,0.0544,307,EXACT,,A4_T07_g-co_M_packed_b24.png
T07_g-co_M,T07,g.co,4,M,0,A3_PACKED,32,32,6,7,5.333333,0.5669,0.6395,0.0726,307,NO_DETECTION,,A4_T07_g-co_M_packed_b32.png
T07_g-co_M,T07,g.co,4,M,0,A3_PACKED,40,40,8,7,5,0.5669,0.6576,0.0907,263,NO_DETECTION,,A4_T07_g-co_M_packed_b40.png
T07_g-co_M,T07,g.co,4,M,0,A3_PACKED,48,48,10,7,4.8,0.5669,0.6757,0.1088,243,NO_DETECTION,,A4_T07_g-co_M_packed_b48.png
T07_g-co_M,T07,g.co,4,M,0,A3_PACKED,64,64,14,7,4.571429,0.5669,0.712,0.1451,237,NO_DETECTION,,A4_T07_g-co_M_packed_b64.png
T07_g-co_M,T07,g.co,4,M,0,A3_PACKED,80,80,18,7,4.444444,0.5669,0.7483,0.1814,223,NO_DETECTION,,A4_T07_g-co_M_packed_b80.png
T07_g-co_M,T07,g.co,4,M,0,A3_PACKED,96,96,26,7,3.692308,0.5669,0.7846,0.2177,194,NO_DETECTION,,A4_T07_g-co_M_packed_b96.png
T07_g-co_Q,T07,g.co,4,Q,0,A3_PACKED,0,0,0,0,0,0.5442,0.5442,0,287,EXACT,,A4_T07_g-co_Q_packed_b0.png
T07_g-co_Q,T07,g.co,4,Q,0,A3_PACKED,1,1,1,1,1,0.5442,0.5465,0.0023,278,EXACT,,A4_T07_g-co_Q_packed_b1.png
T07_g-co_Q,T07,g.co,4,Q,0,A3_PACKED,2,2,1,2,2,0.5442,0.5488,0.0045,278,EXACT,,A4_T07_g-co_Q_packed_b2.png
T07_g-co_Q,T07,g.co,4,Q,0,A3_PACKED,4,4,1,4,4,0.5442,0.5533,0.0091,275,EXACT,,A4_T07_g-co_Q_packed_b4.png
T07_g-co_Q,T07,g.co,4,Q,0,A3_PACKED,6,6,1,6,6,0.5442,0.5578,0.0136,276,EXACT,,A4_T07_g-co_Q_packed_b6.png
T07_g-co_Q,T07,g.co,4,Q,0,A3_PACKED,8,8,1,8,8,0.5442,0.5624,0.0181,276,EXACT,,A4_T07_g-co_Q_packed_b8.png
T07_g-co_Q,T07,g.co,4,Q,0,A3_PACKED,10,10,2,8,5,0.5442,0.5669,0.0227,267,EXACT,,A4_T07_g-co_Q_packed_b10.png
T07_g-co_Q,T07,g.co,4,Q,0,A3_PACKED,12,12,2,8,6,0.5442,0.5714,0.0272,267,EXACT,,A4_T07_g-co_Q_packed_b12.png
T07_g-co_Q,T07,g.co,4,Q,0,A3_PACKED,16,16,3,8,5.333333,0.5442,0.5805,0.0363,264,EXACT,,A4_T07_g-co_Q_packed_b16.png
T07_g-co_Q,T07,g.co,4,Q,0,A3_PACKED,20,20,3,8,6.666667,0.5442,0.5896,0.0454,262,EXACT,,A4_T07_g-co_Q_packed_b20.png
T07_g-co_Q,T07,g.co,4,Q,0,A3_PACKED,24,24,4,8,6,0.5442,0.5986,0.0544,240,EXACT,,A4_T07_g-co_Q_packed_b24.png
T07_g-co_Q,T07,g.co,4,Q,0,A3_PACKED,32,32,6,8,5.333333,0.5442,0.6168,0.0726,237,EXACT,,A4_T07_g-co_Q_packed_b32.png
T07_g-co_Q,T07,g.co,4,Q,0,A3_PACKED,40,40,7,8,5.714286,0.5442,0.6349,0.0907,247,NO_DETECTION,,A4_T07_g-co_Q_packed_b40.png
T07_g-co_Q,T07,g.co,4,Q,0,A3_PACKED,48,48,9,8,5.333333,0.5442,0.6531,0.1088,253,NO_DETECTION,,A4_T07_g-co_Q_packed_b48.png
T07_g-co_Q,T07,g.co,4,Q,0,A3_PACKED,64,64,13,8,4.923077,0.5442,0.6893,0.1451,229,NO_DETECTION,,A4_T07_g-co_Q_packed_b64.png
T07_g-co_Q,T07,g.co,4,Q,0,A3_PACKED,80,80,17,8,4.705882,0.5442,0.7256,0.1814,229,NO_DETECTION,,A4_T07_g-co_Q_packed_b80.png
T07_g-co_Q,T07,g.co,4,Q,0,A3_PACKED,96,96,22,8,4.363636,0.5442,0.7619,0.2177,202,NO_DETECTION,,A4_T07_g-co_Q_packed_b96.png
T07_g-co_Q,T07,g.co,4,Q,0,A3_PACKED,104,104,26,8,4,0.5442,0.78,0.2358,192,NO_DETECTION,,A4_T07_g-co_Q_packed_b104.png
T07_g-co_H,T07,g.co,4,H,0,A3_PACKED,0,0,0,0,0,0.5669,0.5669,0,413,EXACT,,A4_T07_g-co_H_packed_b0.png
T07_g-co_H,T07,g.co,4,H,0,A3_PACKED,1,1,1,1,1,0.5669,0.5692,0.0023,407,EXACT,,A4_T07_g-co_H_packed_b1.png
T07_g-co_H,T07,g.co,4,H,0,A3_PACKED,2,2,1,2,2,0.5669,0.5714,0.0045,404,EXACT,,A4_T07_g-co_H_packed_b2.png
T07_g-co_H,T07,g.co,4,H,0,A3_PACKED,4,4,1,4,4,0.5669,0.576,0.0091,404,EXACT,,A4_T07_g-co_H_packed_b4.png
T07_g-co_H,T07,g.co,4,H,0,A3_PACKED,6,6,1,6,6,0.5669,0.5805,0.0136,407,EXACT,,A4_T07_g-co_H_packed_b6.png
T07_g-co_H,T07,g.co,4,H,0,A3_PACKED,8,8,2,6,4,0.5669,0.585,0.0181,399,EXACT,,A4_T07_g-co_H_packed_b8.png
T07_g-co_H,T07,g.co,4,H,0,A3_PACKED,10,10,2,6,5,0.5669,0.5896,0.0227,397,EXACT,,A4_T07_g-co_H_packed_b10.png
T07_g-co_H,T07,g.co,4,H,0,A3_PACKED,12,12,3,6,4,0.5669,0.5941,0.0272,389,EXACT,,A4_T07_g-co_H_packed_b12.png
T07_g-co_H,T07,g.co,4,H,0,A3_PACKED,16,16,3,6,5.333333,0.5669,0.6032,0.0363,394,EXACT,,A4_T07_g-co_H_packed_b16.png
T07_g-co_H,T07,g.co,4,H,0,A3_PACKED,20,20,4,6,5,0.5669,0.6122,0.0454,386,EXACT,,A4_T07_g-co_H_packed_b20.png
T07_g-co_H,T07,g.co,4,H,0,A3_PACKED,24,24,5,6,4.8,0.5669,0.6213,0.0544,389,EXACT,,A4_T07_g-co_H_packed_b24.png
T07_g-co_H,T07,g.co,4,H,0,A3_PACKED,32,32,7,6,4.571429,0.5669,0.6395,0.0726,309,EXACT,,A4_T07_g-co_H_packed_b32.png
T07_g-co_H,T07,g.co,4,H,0,A3_PACKED,40,40,9,6,4.444444,0.5669,0.6576,0.0907,292,NO_DETECTION,,A4_T07_g-co_H_packed_b40.png
T07_g-co_H,T07,g.co,4,H,0,A3_PACKED,48,48,11,6,4.363636,0.5669,0.6757,0.1088,281,NO_DETECTION,,A4_T07_g-co_H_packed_b48.png
T07_g-co_H,T07,g.co,4,H,0,A3_PACKED,64,64,15,6,4.266667,0.5669,0.712,0.1451,275,NO_DETECTION,,A4_T07_g-co_H_packed_b64.png
T07_g-co_H,T07,g.co,4,H,0,A3_PACKED,80,80,20,6,4,0.5669,0.7483,0.1814,205,NO_DETECTION,,A4_T07_g-co_H_packed_b80.png
T07_g-co_H,T07,g.co,4,H,0,A3_PACKED,92,92,26,6,3.538462,0.5669,0.7755,0.2086,199,NO_DETECTION,,A4_T07_g-co_H_packed_b92.png
T07_abcdefg_L,T07,abcdefg,7,L,0,A3_PACKED,0,0,0,0,0,0.576,0.576,0,357,EXACT,,A4_T07_abcdefg_L_packed_b0.png
T07_abcdefg_L,T07,abcdefg,7,L,0,A3_PACKED,1,1,1,1,1,0.576,0.5782,0.0023,360,EXACT,,A4_T07_abcdefg_L_packed_b1.png
T07_abcdefg_L,T07,abcdefg,7,L,0,A3_PACKED,2,2,1,2,2,0.576,0.5805,0.0045,357,EXACT,,A4_T07_abcdefg_L_packed_b2.png
T07_abcdefg_L,T07,abcdefg,7,L,0,A3_PACKED,4,4,1,4,4,0.576,0.585,0.0091,357,EXACT,,A4_T07_abcdefg_L_packed_b4.png
T07_abcdefg_L,T07,abcdefg,7,L,0,A3_PACKED,6,6,1,6,6,0.576,0.5896,0.0136,363,EXACT,,A4_T07_abcdefg_L_packed_b6.png
T07_abcdefg_L,T07,abcdefg,7,L,0,A3_PACKED,8,8,2,6,4,0.576,0.5941,0.0181,352,EXACT,,A4_T07_abcdefg_L_packed_b8.png
T07_abcdefg_L,T07,abcdefg,7,L,0,A3_PACKED,10,10,2,6,5,0.576,0.5986,0.0227,346,EXACT,,A4_T07_abcdefg_L_packed_b10.png
T07_abcdefg_L,T07,abcdefg,7,L,0,A3_PACKED,12,12,3,6,4,0.576,0.6032,0.0272,340,EXACT,,A4_T07_abcdefg_L_packed_b12.png
T07_abcdefg_L,T07,abcdefg,7,L,0,A3_PACKED,16,16,3,6,5.333333,0.576,0.6122,0.0363,343,EXACT,,A4_T07_abcdefg_L_packed_b16.png
T07_abcdefg_L,T07,abcdefg,7,L,0,A3_PACKED,20,20,4,6,5,0.576,0.6213,0.0454,343,NO_DETECTION,,A4_T07_abcdefg_L_packed_b20.png
T07_abcdefg_L,T07,abcdefg,7,L,0,A3_PACKED,24,24,5,6,4.8,0.576,0.6304,0.0544,343,NO_DETECTION,,A4_T07_abcdefg_L_packed_b24.png
T07_abcdefg_L,T07,abcdefg,7,L,0,A3_PACKED,32,32,7,6,4.571429,0.576,0.6485,0.0726,333,NO_DETECTION,,A4_T07_abcdefg_L_packed_b32.png
T07_abcdefg_L,T07,abcdefg,7,L,0,A3_PACKED,40,40,9,6,4.444444,0.576,0.6667,0.0907,304,NO_DETECTION,,A4_T07_abcdefg_L_packed_b40.png
T07_abcdefg_L,T07,abcdefg,7,L,0,A3_PACKED,48,48,11,6,4.363636,0.576,0.6848,0.1088,293,NO_DETECTION,,A4_T07_abcdefg_L_packed_b48.png
T07_abcdefg_L,T07,abcdefg,7,L,0,A3_PACKED,64,64,15,6,4.266667,0.576,0.7211,0.1451,284,NO_DETECTION,,A4_T07_abcdefg_L_packed_b64.png
T07_abcdefg_L,T07,abcdefg,7,L,0,A3_PACKED,80,80,20,6,4,0.576,0.7574,0.1814,266,NO_DETECTION,,A4_T07_abcdefg_L_packed_b80.png
T07_abcdefg_L,T07,abcdefg,7,L,0,A3_PACKED,90,90,26,6,3.461538,0.576,0.78,0.2041,206,NO_DETECTION,,A4_T07_abcdefg_L_packed_b90.png
T07_abcdefg_M,T07,abcdefg,7,M,1,A3_PACKED,0,0,0,0,0,0.576,0.576,0,360,EXACT,,A4_T07_abcdefg_M_packed_b0.png
T07_abcdefg_M,T07,abcdefg,7,M,1,A3_PACKED,1,1,1,1,1,0.576,0.5782,0.0023,353,EXACT,,A4_T07_abcdefg_M_packed_b1.png
T07_abcdefg_M,T07,abcdefg,7,M,1,A3_PACKED,2,2,1,2,2,0.576,0.5805,0.0045,349,EXACT,,A4_T07_abcdefg_M_packed_b2.png
T07_abcdefg_M,T07,abcdefg,7,M,1,A3_PACKED,4,4,1,4,4,0.576,0.585,0.0091,344,EXACT,,A4_T07_abcdefg_M_packed_b4.png
T07_abcdefg_M,T07,abcdefg,7,M,1,A3_PACKED,6,6,1,6,6,0.576,0.5896,0.0136,381,EXACT,,A4_T07_abcdefg_M_packed_b6.png
T07_abcdefg_M,T07,abcdefg,7,M,1,A3_PACKED,8,8,2,6,4,0.576,0.5941,0.0181,322,EXACT,,A4_T07_abcdefg_M_packed_b8.png
T07_abcdefg_M,T07,abcdefg,7,M,1,A3_PACKED,10,10,2,6,5,0.576,0.5986,0.0227,319,EXACT,,A4_T07_abcdefg_M_packed_b10.png
T07_abcdefg_M,T07,abcdefg,7,M,1,A3_PACKED,12,12,3,6,4,0.576,0.6032,0.0272,316,EXACT,,A4_T07_abcdefg_M_packed_b12.png
T07_abcdefg_M,T07,abcdefg,7,M,1,A3_PACKED,16,16,3,6,5.333333,0.576,0.6122,0.0363,316,EXACT,,A4_T07_abcdefg_M_packed_b16.png
T07_abcdefg_M,T07,abcdefg,7,M,1,A3_PACKED,20,20,4,6,5,0.576,0.6213,0.0454,306,EXACT,,A4_T07_abcdefg_M_packed_b20.png
T07_abcdefg_M,T07,abcdefg,7,M,1,A3_PACKED,24,24,5,6,4.8,0.576,0.6304,0.0544,299,EXACT,,A4_T07_abcdefg_M_packed_b24.png
T07_abcdefg_M,T07,abcdefg,7,M,1,A3_PACKED,32,32,7,6,4.571429,0.576,0.6485,0.0726,254,NO_DETECTION,,A4_T07_abcdefg_M_packed_b32.png
T07_abcdefg_M,T07,abcdefg,7,M,1,A3_PACKED,40,40,9,6,4.444444,0.576,0.6667,0.0907,235,NO_DETECTION,,A4_T07_abcdefg_M_packed_b40.png
T07_abcdefg_M,T07,abcdefg,7,M,1,A3_PACKED,48,48,11,6,4.363636,0.576,0.6848,0.1088,226,NO_DETECTION,,A4_T07_abcdefg_M_packed_b48.png
T07_abcdefg_M,T07,abcdefg,7,M,1,A3_PACKED,64,64,15,6,4.266667,0.576,0.7211,0.1451,216,NO_DETECTION,,A4_T07_abcdefg_M_packed_b64.png
T07_abcdefg_M,T07,abcdefg,7,M,1,A3_PACKED,80,80,21,6,3.809524,0.576,0.7574,0.1814,207,NO_DETECTION,,A4_T07_abcdefg_M_packed_b80.png
T07_abcdefg_M,T07,abcdefg,7,M,1,A3_PACKED,92,92,26,6,3.538462,0.576,0.7846,0.2086,196,NO_DETECTION,,A4_T07_abcdefg_M_packed_b92.png
T07_abcdefg_Q,T07,abcdefg,7,Q,4,A3_PACKED,0,0,0,0,0,0.5533,0.5533,0,411,EXACT,,A4_T07_abcdefg_Q_packed_b0.png
T07_abcdefg_Q,T07,abcdefg,7,Q,4,A3_PACKED,1,1,1,1,1,0.5533,0.5556,0.0023,405,EXACT,,A4_T07_abcdefg_Q_packed_b1.png
T07_abcdefg_Q,T07,abcdefg,7,Q,4,A3_PACKED,2,2,1,2,2,0.5533,0.5578,0.0045,405,EXACT,,A4_T07_abcdefg_Q_packed_b2.png
T07_abcdefg_Q,T07,abcdefg,7,Q,4,A3_PACKED,4,4,1,4,4,0.5533,0.5624,0.0091,405,EXACT,,A4_T07_abcdefg_Q_packed_b4.png
T07_abcdefg_Q,T07,abcdefg,7,Q,4,A3_PACKED,6,6,1,6,6,0.5533,0.5669,0.0136,408,EXACT,,A4_T07_abcdefg_Q_packed_b6.png
T07_abcdefg_Q,T07,abcdefg,7,Q,4,A3_PACKED,8,8,2,7,4,0.5533,0.5714,0.0181,366,EXACT,,A4_T07_abcdefg_Q_packed_b8.png
T07_abcdefg_Q,T07,abcdefg,7,Q,4,A3_PACKED,10,10,2,7,5,0.5533,0.576,0.0227,401,EXACT,,A4_T07_abcdefg_Q_packed_b10.png
T07_abcdefg_Q,T07,abcdefg,7,Q,4,A3_PACKED,12,12,2,7,6,0.5533,0.5805,0.0272,363,EXACT,,A4_T07_abcdefg_Q_packed_b12.png
T07_abcdefg_Q,T07,abcdefg,7,Q,4,A3_PACKED,16,16,3,7,5.333333,0.5533,0.5896,0.0363,350,EXACT,,A4_T07_abcdefg_Q_packed_b16.png
T07_abcdefg_Q,T07,abcdefg,7,Q,4,A3_PACKED,20,20,4,7,5,0.5533,0.5986,0.0454,338,EXACT,,A4_T07_abcdefg_Q_packed_b20.png
T07_abcdefg_Q,T07,abcdefg,7,Q,4,A3_PACKED,24,24,5,7,4.8,0.5533,0.6077,0.0544,338,EXACT,,A4_T07_abcdefg_Q_packed_b24.png
T07_abcdefg_Q,T07,abcdefg,7,Q,4,A3_PACKED,32,32,6,7,5.333333,0.5533,0.6259,0.0726,329,EXACT,,A4_T07_abcdefg_Q_packed_b32.png
T07_abcdefg_Q,T07,abcdefg,7,Q,4,A3_PACKED,40,40,8,7,5,0.5533,0.644,0.0907,327,NO_DETECTION,,A4_T07_abcdefg_Q_packed_b40.png
T07_abcdefg_Q,T07,abcdefg,7,Q,4,A3_PACKED,48,48,10,7,4.8,0.5533,0.6621,0.1088,268,NO_DETECTION,,A4_T07_abcdefg_Q_packed_b48.png
T07_abcdefg_Q,T07,abcdefg,7,Q,4,A3_PACKED,64,64,14,7,4.571429,0.5533,0.6984,0.1451,249,NO_DETECTION,,A4_T07_abcdefg_Q_packed_b64.png
T07_abcdefg_Q,T07,abcdefg,7,Q,4,A3_PACKED,80,80,19,7,4.210526,0.5533,0.7347,0.1814,211,NO_DETECTION,,A4_T07_abcdefg_Q_packed_b80.png
T07_abcdefg_Q,T07,abcdefg,7,Q,4,A3_PACKED,96,96,24,7,4,0.5533,0.771,0.2177,196,NO_DETECTION,,A4_T07_abcdefg_Q_packed_b96.png
T07_abcdefg_Q,T07,abcdefg,7,Q,4,A3_PACKED,98,98,26,7,3.769231,0.5533,0.7755,0.2222,193,NO_DETECTION,,A4_T07_abcdefg_Q_packed_b98.png
T07_abcdefg_H,T07,abcdefg,7,H,0,A3_PACKED,0,0,0,0,0,0.5533,0.5533,0,520,EXACT,,A4_T07_abcdefg_H_packed_b0.png
T07_abcdefg_H,T07,abcdefg,7,H,0,A3_PACKED,1,1,1,1,1,0.5533,0.5556,0.0023,506,EXACT,,A4_T07_abcdefg_H_packed_b1.png
T07_abcdefg_H,T07,abcdefg,7,H,0,A3_PACKED,2,2,1,2,2,0.5533,0.5578,0.0045,506,EXACT,,A4_T07_abcdefg_H_packed_b2.png
T07_abcdefg_H,T07,abcdefg,7,H,0,A3_PACKED,4,4,1,4,4,0.5533,0.5624,0.0091,506,EXACT,,A4_T07_abcdefg_H_packed_b4.png
T07_abcdefg_H,T07,abcdefg,7,H,0,A3_PACKED,6,6,1,6,6,0.5533,0.5669,0.0136,512,EXACT,,A4_T07_abcdefg_H_packed_b6.png
T07_abcdefg_H,T07,abcdefg,7,H,0,A3_PACKED,8,8,2,6,4,0.5533,0.5714,0.0181,500,EXACT,,A4_T07_abcdefg_H_packed_b8.png
T07_abcdefg_H,T07,abcdefg,7,H,0,A3_PACKED,10,10,2,6,5,0.5533,0.576,0.0227,500,EXACT,,A4_T07_abcdefg_H_packed_b10.png
T07_abcdefg_H,T07,abcdefg,7,H,0,A3_PACKED,12,12,2,6,6,0.5533,0.5805,0.0272,503,EXACT,,A4_T07_abcdefg_H_packed_b12.png
T07_abcdefg_H,T07,abcdefg,7,H,0,A3_PACKED,16,16,3,6,5.333333,0.5533,0.5896,0.0363,497,EXACT,,A4_T07_abcdefg_H_packed_b16.png
T07_abcdefg_H,T07,abcdefg,7,H,0,A3_PACKED,20,20,4,6,5,0.5533,0.5986,0.0454,488,EXACT,,A4_T07_abcdefg_H_packed_b20.png
T07_abcdefg_H,T07,abcdefg,7,H,0,A3_PACKED,24,24,5,6,4.8,0.5533,0.6077,0.0544,477,EXACT,,A4_T07_abcdefg_H_packed_b24.png
T07_abcdefg_H,T07,abcdefg,7,H,0,A3_PACKED,32,32,6,6,5.333333,0.5533,0.6259,0.0726,471,EXACT,,A4_T07_abcdefg_H_packed_b32.png
T07_abcdefg_H,T07,abcdefg,7,H,0,A3_PACKED,40,40,8,6,5,0.5533,0.644,0.0907,467,EXACT,,A4_T07_abcdefg_H_packed_b40.png
T07_abcdefg_H,T07,abcdefg,7,H,0,A3_PACKED,48,48,10,6,4.8,0.5533,0.6621,0.1088,322,NO_DETECTION,,A4_T07_abcdefg_H_packed_b48.png
T07_abcdefg_H,T07,abcdefg,7,H,0,A3_PACKED,64,64,14,6,4.571429,0.5533,0.6984,0.1451,234,NO_DETECTION,,A4_T07_abcdefg_H_packed_b64.png
T07_abcdefg_H,T07,abcdefg,7,H,0,A3_PACKED,80,80,18,6,4.444444,0.5533,0.7347,0.1814,209,NO_DETECTION,,A4_T07_abcdefg_H_packed_b80.png
T07_abcdefg_H,T07,abcdefg,7,H,0,A3_PACKED,96,96,24,6,4,0.5533,0.771,0.2177,199,NO_DETECTION,,A4_T07_abcdefg_H_packed_b96.png
T07_abcdefg_H,T07,abcdefg,7,H,0,A3_PACKED,98,98,26,6,3.769231,0.5533,0.7755,0.2222,199,NO_DETECTION,,A4_T07_abcdefg_H_packed_b98.png
T08_a_L,T08,a,1,L,3,A3_PACKED,0,0,0,0,0,0.5488,0.5488,0,372,EXACT,,A4_T08_a_L_packed_b0.png
T08_a_L,T08,a,1,L,3,A3_PACKED,1,1,1,1,1,0.5488,0.551,0.0023,366,EXACT,,A4_T08_a_L_packed_b1.png
T08_a_L,T08,a,1,L,3,A3_PACKED,2,2,1,2,2,0.5488,0.5533,0.0045,366,EXACT,,A4_T08_a_L_packed_b2.png
T08_a_L,T08,a,1,L,3,A3_PACKED,4,4,1,4,4,0.5488,0.5578,0.0091,374,EXACT,,A4_T08_a_L_packed_b4.png
T08_a_L,T08,a,1,L,3,A3_PACKED,6,6,1,6,6,0.5488,0.5624,0.0136,399,EXACT,,A4_T08_a_L_packed_b6.png
T08_a_L,T08,a,1,L,3,A3_PACKED,8,8,2,6,4,0.5488,0.5669,0.0181,393,EXACT,,A4_T08_a_L_packed_b8.png
T08_a_L,T08,a,1,L,3,A3_PACKED,10,10,2,6,5,0.5488,0.5714,0.0227,403,EXACT,,A4_T08_a_L_packed_b10.png
T08_a_L,T08,a,1,L,3,A3_PACKED,12,12,2,6,6,0.5488,0.576,0.0272,439,EXACT,,A4_T08_a_L_packed_b12.png
T08_a_L,T08,a,1,L,3,A3_PACKED,16,16,3,6,5.333333,0.5488,0.585,0.0363,421,EXACT,,A4_T08_a_L_packed_b16.png
T08_a_L,T08,a,1,L,3,A3_PACKED,20,20,4,6,5,0.5488,0.5941,0.0454,421,NO_DETECTION,,A4_T08_a_L_packed_b20.png
T08_a_L,T08,a,1,L,3,A3_PACKED,24,24,5,6,4.8,0.5488,0.6032,0.0544,433,NO_DETECTION,,A4_T08_a_L_packed_b24.png
T08_a_L,T08,a,1,L,3,A3_PACKED,32,32,7,6,4.571429,0.5488,0.6213,0.0726,463,NO_DETECTION,,A4_T08_a_L_packed_b32.png
T08_a_L,T08,a,1,L,3,A3_PACKED,40,40,9,6,4.444444,0.5488,0.6395,0.0907,473,NO_DETECTION,,A4_T08_a_L_packed_b40.png
T08_a_L,T08,a,1,L,3,A3_PACKED,48,48,11,6,4.363636,0.5488,0.6576,0.1088,531,NO_DETECTION,,A4_T08_a_L_packed_b48.png
T08_a_L,T08,a,1,L,3,A3_PACKED,64,64,15,6,4.266667,0.5488,0.6939,0.1451,669,NO_DETECTION,,A4_T08_a_L_packed_b64.png
T08_a_L,T08,a,1,L,3,A3_PACKED,80,80,21,6,3.809524,0.5488,0.7302,0.1814,828,NO_DETECTION,,A4_T08_a_L_packed_b80.png
T08_a_L,T08,a,1,L,3,A3_PACKED,89,89,26,6,3.423077,0.5488,0.7506,0.2018,965,NO_DETECTION,,A4_T08_a_L_packed_b89.png
T08_a_M,T08,a,1,M,7,A3_PACKED,0,0,0,0,0,0.5578,0.5578,0,487,EXACT,,A4_T08_a_M_packed_b0.png
T08_a_M,T08,a,1,M,7,A3_PACKED,1,1,1,1,1,0.5578,0.5601,0.0023,478,EXACT,,A4_T08_a_M_packed_b1.png
T08_a_M,T08,a,1,M,7,A3_PACKED,2,2,1,2,2,0.5578,0.5624,0.0045,475,EXACT,,A4_T08_a_M_packed_b2.png
T08_a_M,T08,a,1,M,7,A3_PACKED,4,4,1,4,4,0.5578,0.5669,0.0091,484,EXACT,,A4_T08_a_M_packed_b4.png
T08_a_M,T08,a,1,M,7,A3_PACKED,6,6,2,5,3,0.5578,0.5714,0.0136,477,EXACT,,A4_T08_a_M_packed_b6.png
T08_a_M,T08,a,1,M,7,A3_PACKED,8,8,2,5,4,0.5578,0.576,0.0181,474,EXACT,,A4_T08_a_M_packed_b8.png
T08_a_M,T08,a,1,M,7,A3_PACKED,10,10,2,5,5,0.5578,0.5805,0.0227,483,EXACT,,A4_T08_a_M_packed_b10.png
T08_a_M,T08,a,1,M,7,A3_PACKED,12,12,3,5,4,0.5578,0.585,0.0272,476,EXACT,,A4_T08_a_M_packed_b12.png
T08_a_M,T08,a,1,M,7,A3_PACKED,16,16,4,5,4,0.5578,0.5941,0.0363,491,EXACT,,A4_T08_a_M_packed_b16.png
T08_a_M,T08,a,1,M,7,A3_PACKED,20,20,4,5,5,0.5578,0.6032,0.0454,514,EXACT,,A4_T08_a_M_packed_b20.png
T08_a_M,T08,a,1,M,7,A3_PACKED,24,24,5,5,4.8,0.5578,0.6122,0.0544,529,EXACT,,A4_T08_a_M_packed_b24.png
T08_a_M,T08,a,1,M,7,A3_PACKED,32,32,7,5,4.571429,0.5578,0.6304,0.0726,507,NO_DETECTION,,A4_T08_a_M_packed_b32.png
T08_a_M,T08,a,1,M,7,A3_PACKED,40,40,9,5,4.444444,0.5578,0.6485,0.0907,566,NO_DETECTION,,A4_T08_a_M_packed_b40.png
T08_a_M,T08,a,1,M,7,A3_PACKED,48,48,11,5,4.363636,0.5578,0.6667,0.1088,604,NO_DETECTION,,A4_T08_a_M_packed_b48.png
T08_a_M,T08,a,1,M,7,A3_PACKED,64,64,15,5,4.266667,0.5578,0.7029,0.1451,731,NO_DETECTION,,A4_T08_a_M_packed_b64.png
T08_a_M,T08,a,1,M,7,A3_PACKED,80,80,20,5,4,0.5578,0.7392,0.1814,986,NO_DETECTION,,A4_T08_a_M_packed_b80.png
T08_a_M,T08,a,1,M,7,A3_PACKED,93,93,26,5,3.576923,0.5578,0.7687,0.2109,1215,NO_DETECTION,,A4_T08_a_M_packed_b93.png
T08_a_Q,T08,a,1,Q,7,A3_PACKED,0,0,0,0,0,0.5533,0.5533,0,462,EXACT,,A4_T08_a_Q_packed_b0.png
T08_a_Q,T08,a,1,Q,7,A3_PACKED,1,1,1,1,1,0.5533,0.5556,0.0023,425,EXACT,,A4_T08_a_Q_packed_b1.png
T08_a_Q,T08,a,1,Q,7,A3_PACKED,2,2,1,2,2,0.5533,0.5578,0.0045,421,EXACT,,A4_T08_a_Q_packed_b2.png
T08_a_Q,T08,a,1,Q,7,A3_PACKED,4,4,1,4,4,0.5533,0.5624,0.0091,423,EXACT,,A4_T08_a_Q_packed_b4.png
T08_a_Q,T08,a,1,Q,7,A3_PACKED,6,6,1,6,6,0.5533,0.5669,0.0136,440,EXACT,,A4_T08_a_Q_packed_b6.png
T08_a_Q,T08,a,1,Q,7,A3_PACKED,8,8,2,6,4,0.5533,0.5714,0.0181,431,EXACT,,A4_T08_a_Q_packed_b8.png
T08_a_Q,T08,a,1,Q,7,A3_PACKED,10,10,2,6,5,0.5533,0.576,0.0227,434,EXACT,,A4_T08_a_Q_packed_b10.png
T08_a_Q,T08,a,1,Q,7,A3_PACKED,12,12,2,6,6,0.5533,0.5805,0.0272,458,EXACT,,A4_T08_a_Q_packed_b12.png
T08_a_Q,T08,a,1,Q,7,A3_PACKED,16,16,3,6,5.333333,0.5533,0.5896,0.0363,461,EXACT,,A4_T08_a_Q_packed_b16.png
T08_a_Q,T08,a,1,Q,7,A3_PACKED,20,20,4,6,5,0.5533,0.5986,0.0454,481,EXACT,,A4_T08_a_Q_packed_b20.png
T08_a_Q,T08,a,1,Q,7,A3_PACKED,24,24,5,6,4.8,0.5533,0.6077,0.0544,532,EXACT,,A4_T08_a_Q_packed_b24.png
T08_a_Q,T08,a,1,Q,7,A3_PACKED,32,32,7,6,4.571429,0.5533,0.6259,0.0726,552,NO_DETECTION,,A4_T08_a_Q_packed_b32.png
T08_a_Q,T08,a,1,Q,7,A3_PACKED,40,40,9,6,4.444444,0.5533,0.644,0.0907,582,NO_DETECTION,,A4_T08_a_Q_packed_b40.png
T08_a_Q,T08,a,1,Q,7,A3_PACKED,48,48,11,6,4.363636,0.5533,0.6621,0.1088,633,NO_DETECTION,,A4_T08_a_Q_packed_b48.png
T08_a_Q,T08,a,1,Q,7,A3_PACKED,64,64,15,6,4.266667,0.5533,0.6984,0.1451,814,NO_DETECTION,,A4_T08_a_Q_packed_b64.png
T08_a_Q,T08,a,1,Q,7,A3_PACKED,80,80,22,6,3.636364,0.5533,0.7347,0.1814,1027,NO_DETECTION,,A4_T08_a_Q_packed_b80.png
T08_a_Q,T08,a,1,Q,7,A3_PACKED,85,85,26,6,3.269231,0.5533,0.746,0.1927,1093,NO_DETECTION,,A4_T08_a_Q_packed_b85.png
T08_a_H,T08,a,1,H,3,A3_PACKED,0,0,0,0,0,0.5578,0.5578,0,466,EXACT,,A4_T08_a_H_packed_b0.png
T08_a_H,T08,a,1,H,3,A3_PACKED,1,1,1,1,1,0.5578,0.5601,0.0023,460,EXACT,,A4_T08_a_H_packed_b1.png
T08_a_H,T08,a,1,H,3,A3_PACKED,2,2,1,2,2,0.5578,0.5624,0.0045,457,EXACT,,A4_T08_a_H_packed_b2.png
T08_a_H,T08,a,1,H,3,A3_PACKED,4,4,1,4,4,0.5578,0.5669,0.0091,457,EXACT,,A4_T08_a_H_packed_b4.png
T08_a_H,T08,a,1,H,3,A3_PACKED,6,6,1,6,6,0.5578,0.5714,0.0136,510,EXACT,,A4_T08_a_H_packed_b6.png
T08_a_H,T08,a,1,H,3,A3_PACKED,8,8,2,7,4,0.5578,0.576,0.0181,529,EXACT,,A4_T08_a_H_packed_b8.png
T08_a_H,T08,a,1,H,3,A3_PACKED,10,10,2,7,5,0.5578,0.5805,0.0227,526,EXACT,,A4_T08_a_H_packed_b10.png
T08_a_H,T08,a,1,H,3,A3_PACKED,12,12,2,7,6,0.5578,0.585,0.0272,541,EXACT,,A4_T08_a_H_packed_b12.png
T08_a_H,T08,a,1,H,3,A3_PACKED,16,16,3,7,5.333333,0.5578,0.5941,0.0363,554,EXACT,,A4_T08_a_H_packed_b16.png
T08_a_H,T08,a,1,H,3,A3_PACKED,20,20,4,7,5,0.5578,0.6032,0.0454,679,EXACT,,A4_T08_a_H_packed_b20.png
T08_a_H,T08,a,1,H,3,A3_PACKED,24,24,4,7,6,0.5578,0.6122,0.0544,658,EXACT,,A4_T08_a_H_packed_b24.png
T08_a_H,T08,a,1,H,3,A3_PACKED,32,32,6,7,5.333333,0.5578,0.6304,0.0726,653,EXACT,,A4_T08_a_H_packed_b32.png
T08_a_H,T08,a,1,H,3,A3_PACKED,40,40,8,7,5,0.5578,0.6485,0.0907,698,EXACT,,A4_T08_a_H_packed_b40.png
T08_a_H,T08,a,1,H,3,A3_PACKED,48,48,10,7,4.8,0.5578,0.6667,0.1088,715,NO_DETECTION,,A4_T08_a_H_packed_b48.png
T08_a_H,T08,a,1,H,3,A3_PACKED,64,64,14,7,4.571429,0.5578,0.7029,0.1451,836,NO_DETECTION,,A4_T08_a_H_packed_b64.png
T08_a_H,T08,a,1,H,3,A3_PACKED,80,80,19,7,4.210526,0.5578,0.7392,0.1814,963,NO_DETECTION,,A4_T08_a_H_packed_b80.png
T08_a_H,T08,a,1,H,3,A3_PACKED,91,91,26,7,3.5,0.5578,0.7642,0.2063,1041,NO_DETECTION,,A4_T08_a_H_packed_b91.png
T08_g-co_L,T08,g.co,4,L,6,A3_PACKED,0,0,0,0,0,0.5533,0.5533,0,381,EXACT,,A4_T08_g-co_L_packed_b0.png
T08_g-co_L,T08,g.co,4,L,6,A3_PACKED,1,1,1,1,1,0.5533,0.5556,0.0023,369,EXACT,,A4_T08_g-co_L_packed_b1.png
T08_g-co_L,T08,g.co,4,L,6,A3_PACKED,2,2,1,2,2,0.5533,0.5578,0.0045,362,EXACT,,A4_T08_g-co_L_packed_b2.png
T08_g-co_L,T08,g.co,4,L,6,A3_PACKED,4,4,1,4,4,0.5533,0.5624,0.0091,362,EXACT,,A4_T08_g-co_L_packed_b4.png
T08_g-co_L,T08,g.co,4,L,6,A3_PACKED,6,6,1,6,6,0.5533,0.5669,0.0136,381,EXACT,,A4_T08_g-co_L_packed_b6.png
T08_g-co_L,T08,g.co,4,L,6,A3_PACKED,8,8,2,7,4,0.5533,0.5714,0.0181,386,EXACT,,A4_T08_g-co_L_packed_b8.png
T08_g-co_L,T08,g.co,4,L,6,A3_PACKED,10,10,2,7,5,0.5533,0.576,0.0227,383,EXACT,,A4_T08_g-co_L_packed_b10.png
T08_g-co_L,T08,g.co,4,L,6,A3_PACKED,12,12,2,7,6,0.5533,0.5805,0.0272,389,EXACT,,A4_T08_g-co_L_packed_b12.png
T08_g-co_L,T08,g.co,4,L,6,A3_PACKED,16,16,3,7,5.333333,0.5533,0.5896,0.0363,437,EXACT,,A4_T08_g-co_L_packed_b16.png
T08_g-co_L,T08,g.co,4,L,6,A3_PACKED,20,20,4,7,5,0.5533,0.5986,0.0454,449,NO_DETECTION,,A4_T08_g-co_L_packed_b20.png
T08_g-co_L,T08,g.co,4,L,6,A3_PACKED,24,24,5,7,4.8,0.5533,0.6077,0.0544,465,NO_DETECTION,,A4_T08_g-co_L_packed_b24.png
T08_g-co_L,T08,g.co,4,L,6,A3_PACKED,32,32,7,7,4.571429,0.5533,0.6259,0.0726,478,NO_DETECTION,,A4_T08_g-co_L_packed_b32.png
T08_g-co_L,T08,g.co,4,L,6,A3_PACKED,40,40,9,7,4.444444,0.5533,0.644,0.0907,509,NO_DETECTION,,A4_T08_g-co_L_packed_b40.png
T08_g-co_L,T08,g.co,4,L,6,A3_PACKED,48,48,11,7,4.363636,0.5533,0.6621,0.1088,584,NO_DETECTION,,A4_T08_g-co_L_packed_b48.png
T08_g-co_L,T08,g.co,4,L,6,A3_PACKED,64,64,15,7,4.266667,0.5533,0.6984,0.1451,781,NO_DETECTION,,A4_T08_g-co_L_packed_b64.png
T08_g-co_L,T08,g.co,4,L,6,A3_PACKED,80,80,20,7,4,0.5533,0.7347,0.1814,895,NO_DETECTION,,A4_T08_g-co_L_packed_b80.png
T08_g-co_L,T08,g.co,4,L,6,A3_PACKED,93,93,25,7,3.72,0.5533,0.7642,0.2109,1145,NO_DETECTION,,A4_T08_g-co_L_packed_b93.png
T08_g-co_M,T08,g.co,4,M,1,A3_PACKED,0,0,0,0,0,0.5624,0.5624,0,396,EXACT,,A4_T08_g-co_M_packed_b0.png
T08_g-co_M,T08,g.co,4,M,1,A3_PACKED,1,1,1,1,1,0.5624,0.5646,0.0023,388,EXACT,,A4_T08_g-co_M_packed_b1.png
T08_g-co_M,T08,g.co,4,M,1,A3_PACKED,2,2,1,2,2,0.5624,0.5669,0.0045,388,EXACT,,A4_T08_g-co_M_packed_b2.png
T08_g-co_M,T08,g.co,4,M,1,A3_PACKED,4,4,1,4,4,0.5624,0.5714,0.0091,388,EXACT,,A4_T08_g-co_M_packed_b4.png
T08_g-co_M,T08,g.co,4,M,1,A3_PACKED,6,6,1,6,6,0.5624,0.576,0.0136,400,EXACT,,A4_T08_g-co_M_packed_b6.png
T08_g-co_M,T08,g.co,4,M,1,A3_PACKED,8,8,2,6,4,0.5624,0.5805,0.0181,392,EXACT,,A4_T08_g-co_M_packed_b8.png
T08_g-co_M,T08,g.co,4,M,1,A3_PACKED,10,10,2,6,5,0.5624,0.585,0.0227,392,EXACT,,A4_T08_g-co_M_packed_b10.png
T08_g-co_M,T08,g.co,4,M,1,A3_PACKED,12,12,2,6,6,0.5624,0.5896,0.0272,422,EXACT,,A4_T08_g-co_M_packed_b12.png
T08_g-co_M,T08,g.co,4,M,1,A3_PACKED,16,16,3,6,5.333333,0.5624,0.5986,0.0363,413,EXACT,,A4_T08_g-co_M_packed_b16.png
T08_g-co_M,T08,g.co,4,M,1,A3_PACKED,20,20,4,6,5,0.5624,0.6077,0.0454,442,EXACT,,A4_T08_g-co_M_packed_b20.png
T08_g-co_M,T08,g.co,4,M,1,A3_PACKED,24,24,4,6,6,0.5624,0.6168,0.0544,493,EXACT,,A4_T08_g-co_M_packed_b24.png
T08_g-co_M,T08,g.co,4,M,1,A3_PACKED,32,32,6,6,5.333333,0.5624,0.6349,0.0726,517,NO_DETECTION,,A4_T08_g-co_M_packed_b32.png
T08_g-co_M,T08,g.co,4,M,1,A3_PACKED,40,40,8,6,5,0.5624,0.6531,0.0907,545,NO_DETECTION,,A4_T08_g-co_M_packed_b40.png
T08_g-co_M,T08,g.co,4,M,1,A3_PACKED,48,48,10,6,4.8,0.5624,0.6712,0.1088,595,NO_DETECTION,,A4_T08_g-co_M_packed_b48.png
T08_g-co_M,T08,g.co,4,M,1,A3_PACKED,64,64,14,6,4.571429,0.5624,0.7075,0.1451,815,NO_DETECTION,,A4_T08_g-co_M_packed_b64.png
T08_g-co_M,T08,g.co,4,M,1,A3_PACKED,80,80,20,6,4,0.5624,0.7438,0.1814,1008,NO_DETECTION,,A4_T08_g-co_M_packed_b80.png
T08_g-co_M,T08,g.co,4,M,1,A3_PACKED,89,89,26,6,3.423077,0.5624,0.7642,0.2018,1128,NO_DETECTION,,A4_T08_g-co_M_packed_b89.png
T08_g-co_Q,T08,g.co,4,Q,5,A3_PACKED,0,0,0,0,0,0.5533,0.5533,0,449,EXACT,,A4_T08_g-co_Q_packed_b0.png
T08_g-co_Q,T08,g.co,4,Q,5,A3_PACKED,1,1,1,1,1,0.5533,0.5556,0.0023,442,EXACT,,A4_T08_g-co_Q_packed_b1.png
T08_g-co_Q,T08,g.co,4,Q,5,A3_PACKED,2,2,1,2,2,0.5533,0.5578,0.0045,437,EXACT,,A4_T08_g-co_Q_packed_b2.png
T08_g-co_Q,T08,g.co,4,Q,5,A3_PACKED,4,4,1,4,4,0.5533,0.5624,0.0091,436,EXACT,,A4_T08_g-co_Q_packed_b4.png
T08_g-co_Q,T08,g.co,4,Q,5,A3_PACKED,6,6,2,5,3,0.5533,0.5669,0.0136,435,EXACT,,A4_T08_g-co_Q_packed_b6.png
T08_g-co_Q,T08,g.co,4,Q,5,A3_PACKED,8,8,2,5,4,0.5533,0.5714,0.0181,441,EXACT,,A4_T08_g-co_Q_packed_b8.png
T08_g-co_Q,T08,g.co,4,Q,5,A3_PACKED,10,10,2,5,5,0.5533,0.576,0.0227,452,EXACT,,A4_T08_g-co_Q_packed_b10.png
T08_g-co_Q,T08,g.co,4,Q,5,A3_PACKED,12,12,3,5,4,0.5533,0.5805,0.0272,440,EXACT,,A4_T08_g-co_Q_packed_b12.png
T08_g-co_Q,T08,g.co,4,Q,5,A3_PACKED,16,16,4,5,4,0.5533,0.5896,0.0363,452,EXACT,,A4_T08_g-co_Q_packed_b16.png
T08_g-co_Q,T08,g.co,4,Q,5,A3_PACKED,20,20,4,5,5,0.5533,0.5986,0.0454,471,EXACT,,A4_T08_g-co_Q_packed_b20.png
T08_g-co_Q,T08,g.co,4,Q,5,A3_PACKED,24,24,5,5,4.8,0.5533,0.6077,0.0544,479,EXACT,,A4_T08_g-co_Q_packed_b24.png
T08_g-co_Q,T08,g.co,4,Q,5,A3_PACKED,32,32,7,5,4.571429,0.5533,0.6259,0.0726,529,NO_DETECTION,,A4_T08_g-co_Q_packed_b32.png
T08_g-co_Q,T08,g.co,4,Q,5,A3_PACKED,40,40,8,5,5,0.5533,0.644,0.0907,652,NO_DETECTION,,A4_T08_g-co_Q_packed_b40.png
T08_g-co_Q,T08,g.co,4,Q,5,A3_PACKED,48,48,10,5,4.8,0.5533,0.6621,0.1088,648,NO_DETECTION,,A4_T08_g-co_Q_packed_b48.png
T08_g-co_Q,T08,g.co,4,Q,5,A3_PACKED,64,64,14,5,4.571429,0.5533,0.6984,0.1451,804,NO_DETECTION,,A4_T08_g-co_Q_packed_b64.png
T08_g-co_Q,T08,g.co,4,Q,5,A3_PACKED,80,80,19,5,4.210526,0.5533,0.7347,0.1814,980,NO_DETECTION,,A4_T08_g-co_Q_packed_b80.png
T08_g-co_Q,T08,g.co,4,Q,5,A3_PACKED,95,95,26,5,3.653846,0.5533,0.7687,0.2154,1267,NO_DETECTION,,A4_T08_g-co_Q_packed_b95.png
T08_g-co_H,T08,g.co,4,H,3,A3_PACKED,0,0,0,0,0,0.5578,0.5578,0,402,EXACT,,A4_T08_g-co_H_packed_b0.png
T08_g-co_H,T08,g.co,4,H,3,A3_PACKED,1,1,1,1,1,0.5578,0.5601,0.0023,392,EXACT,,A4_T08_g-co_H_packed_b1.png
T08_g-co_H,T08,g.co,4,H,3,A3_PACKED,2,2,1,2,2,0.5578,0.5624,0.0045,392,EXACT,,A4_T08_g-co_H_packed_b2.png
T08_g-co_H,T08,g.co,4,H,3,A3_PACKED,4,4,1,4,4,0.5578,0.5669,0.0091,398,EXACT,,A4_T08_g-co_H_packed_b4.png
T08_g-co_H,T08,g.co,4,H,3,A3_PACKED,6,6,2,5,3,0.5578,0.5714,0.0136,398,EXACT,,A4_T08_g-co_H_packed_b6.png
T08_g-co_H,T08,g.co,4,H,3,A3_PACKED,8,8,2,5,4,0.5578,0.576,0.0181,398,EXACT,,A4_T08_g-co_H_packed_b8.png
T08_g-co_H,T08,g.co,4,H,3,A3_PACKED,10,10,2,5,5,0.5578,0.5805,0.0227,416,EXACT,,A4_T08_g-co_H_packed_b10.png
T08_g-co_H,T08,g.co,4,H,3,A3_PACKED,12,12,3,5,4,0.5578,0.585,0.0272,408,EXACT,,A4_T08_g-co_H_packed_b12.png
T08_g-co_H,T08,g.co,4,H,3,A3_PACKED,16,16,4,5,4,0.5578,0.5941,0.0363,420,EXACT,,A4_T08_g-co_H_packed_b16.png
T08_g-co_H,T08,g.co,4,H,3,A3_PACKED,20,20,4,5,5,0.5578,0.6032,0.0454,448,EXACT,,A4_T08_g-co_H_packed_b20.png
T08_g-co_H,T08,g.co,4,H,3,A3_PACKED,24,24,5,5,4.8,0.5578,0.6122,0.0544,456,EXACT,,A4_T08_g-co_H_packed_b24.png
T08_g-co_H,T08,g.co,4,H,3,A3_PACKED,32,32,7,5,4.571429,0.5578,0.6304,0.0726,485,EXACT,,A4_T08_g-co_H_packed_b32.png
T08_g-co_H,T08,g.co,4,H,3,A3_PACKED,40,40,9,5,4.444444,0.5578,0.6485,0.0907,533,NO_DETECTION,,A4_T08_g-co_H_packed_b40.png
T08_g-co_H,T08,g.co,4,H,3,A3_PACKED,48,48,11,5,4.363636,0.5578,0.6667,0.1088,594,NO_DETECTION,,A4_T08_g-co_H_packed_b48.png
T08_g-co_H,T08,g.co,4,H,3,A3_PACKED,64,64,15,5,4.266667,0.5578,0.7029,0.1451,885,NO_DETECTION,,A4_T08_g-co_H_packed_b64.png
T08_g-co_H,T08,g.co,4,H,3,A3_PACKED,80,80,21,5,3.809524,0.5578,0.7392,0.1814,973,NO_DETECTION,,A4_T08_g-co_H_packed_b80.png
T08_g-co_H,T08,g.co,4,H,3,A3_PACKED,91,91,26,5,3.5,0.5578,0.7642,0.2063,1041,NO_DETECTION,,A4_T08_g-co_H_packed_b91.png
T08_abcdefg_L,T08,abcdefg,7,L,3,A3_PACKED,0,0,0,0,0,0.5442,0.5442,0,372,EXACT,,A4_T08_abcdefg_L_packed_b0.png
T08_abcdefg_L,T08,abcdefg,7,L,3,A3_PACKED,1,1,1,1,1,0.5442,0.5465,0.0023,366,EXACT,,A4_T08_abcdefg_L_packed_b1.png
T08_abcdefg_L,T08,abcdefg,7,L,3,A3_PACKED,2,2,1,2,2,0.5442,0.5488,0.0045,366,EXACT,,A4_T08_abcdefg_L_packed_b2.png
T08_abcdefg_L,T08,abcdefg,7,L,3,A3_PACKED,4,4,1,4,4,0.5442,0.5533,0.0091,369,EXACT,,A4_T08_abcdefg_L_packed_b4.png
T08_abcdefg_L,T08,abcdefg,7,L,3,A3_PACKED,6,6,1,6,6,0.5442,0.5578,0.0136,382,EXACT,,A4_T08_abcdefg_L_packed_b6.png
T08_abcdefg_L,T08,abcdefg,7,L,3,A3_PACKED,8,8,2,6,4,0.5442,0.5624,0.0181,327,EXACT,,A4_T08_abcdefg_L_packed_b8.png
T08_abcdefg_L,T08,abcdefg,7,L,3,A3_PACKED,10,10,2,6,5,0.5442,0.5669,0.0227,327,EXACT,,A4_T08_abcdefg_L_packed_b10.png
T08_abcdefg_L,T08,abcdefg,7,L,3,A3_PACKED,12,12,3,6,4,0.5442,0.5714,0.0272,320,EXACT,,A4_T08_abcdefg_L_packed_b12.png
T08_abcdefg_L,T08,abcdefg,7,L,3,A3_PACKED,16,16,3,6,5.333333,0.5442,0.5805,0.0363,324,EXACT,,A4_T08_abcdefg_L_packed_b16.png
T08_abcdefg_L,T08,abcdefg,7,L,3,A3_PACKED,20,20,4,6,5,0.5442,0.5896,0.0454,341,NO_DETECTION,,A4_T08_abcdefg_L_packed_b20.png
T08_abcdefg_L,T08,abcdefg,7,L,3,A3_PACKED,24,24,5,6,4.8,0.5442,0.5986,0.0544,346,NO_DETECTION,,A4_T08_abcdefg_L_packed_b24.png
T08_abcdefg_L,T08,abcdefg,7,L,3,A3_PACKED,32,32,7,6,4.571429,0.5442,0.6168,0.0726,392,NO_DETECTION,,A4_T08_abcdefg_L_packed_b32.png
T08_abcdefg_L,T08,abcdefg,7,L,3,A3_PACKED,40,40,9,6,4.444444,0.5442,0.6349,0.0907,416,NO_DETECTION,,A4_T08_abcdefg_L_packed_b40.png
T08_abcdefg_L,T08,abcdefg,7,L,3,A3_PACKED,48,48,11,6,4.363636,0.5442,0.6531,0.1088,458,NO_DETECTION,,A4_T08_abcdefg_L_packed_b48.png
T08_abcdefg_L,T08,abcdefg,7,L,3,A3_PACKED,64,64,15,6,4.266667,0.5442,0.6893,0.1451,672,NO_DETECTION,,A4_T08_abcdefg_L_packed_b64.png
T08_abcdefg_L,T08,abcdefg,7,L,3,A3_PACKED,80,80,21,6,3.809524,0.5442,0.7256,0.1814,804,NO_DETECTION,,A4_T08_abcdefg_L_packed_b80.png
T08_abcdefg_L,T08,abcdefg,7,L,3,A3_PACKED,91,91,26,6,3.5,0.5442,0.7506,0.2063,965,NO_DETECTION,,A4_T08_abcdefg_L_packed_b91.png
T08_abcdefg_M,T08,abcdefg,7,M,7,A3_PACKED,0,0,0,0,0,0.5669,0.5669,0,528,EXACT,,A4_T08_abcdefg_M_packed_b0.png
T08_abcdefg_M,T08,abcdefg,7,M,7,A3_PACKED,1,1,1,1,1,0.5669,0.5692,0.0023,488,EXACT,,A4_T08_abcdefg_M_packed_b1.png
T08_abcdefg_M,T08,abcdefg,7,M,7,A3_PACKED,2,2,1,2,2,0.5669,0.5714,0.0045,485,EXACT,,A4_T08_abcdefg_M_packed_b2.png
T08_abcdefg_M,T08,abcdefg,7,M,7,A3_PACKED,4,4,1,4,4,0.5669,0.576,0.0091,488,EXACT,,A4_T08_abcdefg_M_packed_b4.png
T08_abcdefg_M,T08,abcdefg,7,M,7,A3_PACKED,6,6,1,6,6,0.5669,0.5805,0.0136,503,EXACT,,A4_T08_abcdefg_M_packed_b6.png
T08_abcdefg_M,T08,abcdefg,7,M,7,A3_PACKED,8,8,2,6,4,0.5669,0.585,0.0181,492,EXACT,,A4_T08_abcdefg_M_packed_b8.png
T08_abcdefg_M,T08,abcdefg,7,M,7,A3_PACKED,10,10,2,6,5,0.5669,0.5896,0.0227,492,EXACT,,A4_T08_abcdefg_M_packed_b10.png
T08_abcdefg_M,T08,abcdefg,7,M,7,A3_PACKED,12,12,3,6,4,0.5669,0.5941,0.0272,498,EXACT,,A4_T08_abcdefg_M_packed_b12.png
T08_abcdefg_M,T08,abcdefg,7,M,7,A3_PACKED,16,16,3,6,5.333333,0.5669,0.6032,0.0363,526,EXACT,,A4_T08_abcdefg_M_packed_b16.png
T08_abcdefg_M,T08,abcdefg,7,M,7,A3_PACKED,20,20,4,6,5,0.5669,0.6122,0.0454,540,EXACT,,A4_T08_abcdefg_M_packed_b20.png
T08_abcdefg_M,T08,abcdefg,7,M,7,A3_PACKED,24,24,5,6,4.8,0.5669,0.6213,0.0544,584,EXACT,,A4_T08_abcdefg_M_packed_b24.png
T08_abcdefg_M,T08,abcdefg,7,M,7,A3_PACKED,32,32,7,6,4.571429,0.5669,0.6395,0.0726,602,NO_DETECTION,,A4_T08_abcdefg_M_packed_b32.png
T08_abcdefg_M,T08,abcdefg,7,M,7,A3_PACKED,40,40,9,6,4.444444,0.5669,0.6576,0.0907,652,NO_DETECTION,,A4_T08_abcdefg_M_packed_b40.png
T08_abcdefg_M,T08,abcdefg,7,M,7,A3_PACKED,48,48,11,6,4.363636,0.5669,0.6757,0.1088,710,NO_DETECTION,,A4_T08_abcdefg_M_packed_b48.png
T08_abcdefg_M,T08,abcdefg,7,M,7,A3_PACKED,64,64,16,6,4,0.5669,0.712,0.1451,842,NO_DETECTION,,A4_T08_abcdefg_M_packed_b64.png
T08_abcdefg_M,T08,abcdefg,7,M,7,A3_PACKED,80,80,21,6,3.809524,0.5669,0.7483,0.1814,1043,NO_DETECTION,,A4_T08_abcdefg_M_packed_b80.png
T08_abcdefg_M,T08,abcdefg,7,M,7,A3_PACKED,89,89,26,6,3.423077,0.5669,0.7687,0.2018,1215,NO_DETECTION,,A4_T08_abcdefg_M_packed_b89.png
T08_abcdefg_Q,T08,abcdefg,7,Q,3,A3_PACKED,0,0,0,0,0,0.5714,0.5714,0,442,EXACT,,A4_T08_abcdefg_Q_packed_b0.png
T08_abcdefg_Q,T08,abcdefg,7,Q,3,A3_PACKED,1,1,1,1,1,0.5714,0.5737,0.0023,439,EXACT,,A4_T08_abcdefg_Q_packed_b1.png
T08_abcdefg_Q,T08,abcdefg,7,Q,3,A3_PACKED,2,2,1,2,2,0.5714,0.576,0.0045,439,EXACT,,A4_T08_abcdefg_Q_packed_b2.png
T08_abcdefg_Q,T08,abcdefg,7,Q,3,A3_PACKED,4,4,1,4,4,0.5714,0.5805,0.0091,442,EXACT,,A4_T08_abcdefg_Q_packed_b4.png
T08_abcdefg_Q,T08,abcdefg,7,Q,3,A3_PACKED,6,6,1,6,6,0.5714,0.585,0.0136,452,EXACT,,A4_T08_abcdefg_Q_packed_b6.png
T08_abcdefg_Q,T08,abcdefg,7,Q,3,A3_PACKED,8,8,2,6,4,0.5714,0.5896,0.0181,449,EXACT,,A4_T08_abcdefg_Q_packed_b8.png
T08_abcdefg_Q,T08,abcdefg,7,Q,3,A3_PACKED,10,10,2,6,5,0.5714,0.5941,0.0227,452,EXACT,,A4_T08_abcdefg_Q_packed_b10.png
T08_abcdefg_Q,T08,abcdefg,7,Q,3,A3_PACKED,12,12,2,6,6,0.5714,0.5986,0.0272,502,EXACT,,A4_T08_abcdefg_Q_packed_b12.png
T08_abcdefg_Q,T08,abcdefg,7,Q,3,A3_PACKED,16,16,3,6,5.333333,0.5714,0.6077,0.0363,499,EXACT,,A4_T08_abcdefg_Q_packed_b16.png
T08_abcdefg_Q,T08,abcdefg,7,Q,3,A3_PACKED,20,20,4,6,5,0.5714,0.6168,0.0454,508,EXACT,,A4_T08_abcdefg_Q_packed_b20.png
T08_abcdefg_Q,T08,abcdefg,7,Q,3,A3_PACKED,24,24,5,6,4.8,0.5714,0.6259,0.0544,547,EXACT,,A4_T08_abcdefg_Q_packed_b24.png
T08_abcdefg_Q,T08,abcdefg,7,Q,3,A3_PACKED,32,32,7,6,4.571429,0.5714,0.644,0.0726,641,NO_DETECTION,,A4_T08_abcdefg_Q_packed_b32.png
T08_abcdefg_Q,T08,abcdefg,7,Q,3,A3_PACKED,40,40,9,6,4.444444,0.5714,0.6621,0.0907,689,NO_DETECTION,,A4_T08_abcdefg_Q_packed_b40.png
T08_abcdefg_Q,T08,abcdefg,7,Q,3,A3_PACKED,48,48,11,6,4.363636,0.5714,0.6803,0.1088,777,NO_DETECTION,,A4_T08_abcdefg_Q_packed_b48.png
T08_abcdefg_Q,T08,abcdefg,7,Q,3,A3_PACKED,64,64,16,6,4,0.5714,0.7166,0.1451,881,NO_DETECTION,,A4_T08_abcdefg_Q_packed_b64.png
T08_abcdefg_Q,T08,abcdefg,7,Q,3,A3_PACKED,80,80,23,6,3.478261,0.5714,0.7528,0.1814,1088,NO_DETECTION,,A4_T08_abcdefg_Q_packed_b80.png
T08_abcdefg_Q,T08,abcdefg,7,Q,3,A3_PACKED,85,85,26,6,3.269231,0.5714,0.7642,0.1927,1175,NO_DETECTION,,A4_T08_abcdefg_Q_packed_b85.png
T08_abcdefg_H,T08,abcdefg,7,H,4,A3_PACKED,0,0,0,0,0,0.5533,0.5533,0,357,EXACT,,A4_T08_abcdefg_H_packed_b0.png
T08_abcdefg_H,T08,abcdefg,7,H,4,A3_PACKED,1,1,1,1,1,0.5533,0.5556,0.0023,351,EXACT,,A4_T08_abcdefg_H_packed_b1.png
T08_abcdefg_H,T08,abcdefg,7,H,4,A3_PACKED,2,2,1,2,2,0.5533,0.5578,0.0045,348,EXACT,,A4_T08_abcdefg_H_packed_b2.png
T08_abcdefg_H,T08,abcdefg,7,H,4,A3_PACKED,4,4,1,4,4,0.5533,0.5624,0.0091,347,EXACT,,A4_T08_abcdefg_H_packed_b4.png
T08_abcdefg_H,T08,abcdefg,7,H,4,A3_PACKED,6,6,2,5,3,0.5533,0.5669,0.0136,350,EXACT,,A4_T08_abcdefg_H_packed_b6.png
T08_abcdefg_H,T08,abcdefg,7,H,4,A3_PACKED,8,8,2,5,4,0.5533,0.5714,0.0181,346,EXACT,,A4_T08_abcdefg_H_packed_b8.png
T08_abcdefg_H,T08,abcdefg,7,H,4,A3_PACKED,10,10,2,5,5,0.5533,0.576,0.0227,359,EXACT,,A4_T08_abcdefg_H_packed_b10.png
T08_abcdefg_H,T08,abcdefg,7,H,4,A3_PACKED,12,12,3,5,4,0.5533,0.5805,0.0272,350,EXACT,,A4_T08_abcdefg_H_packed_b12.png
T08_abcdefg_H,T08,abcdefg,7,H,4,A3_PACKED,16,16,4,5,4,0.5533,0.5896,0.0363,361,EXACT,,A4_T08_abcdefg_H_packed_b16.png
T08_abcdefg_H,T08,abcdefg,7,H,4,A3_PACKED,20,20,4,5,5,0.5533,0.5986,0.0454,375,EXACT,,A4_T08_abcdefg_H_packed_b20.png
T08_abcdefg_H,T08,abcdefg,7,H,4,A3_PACKED,24,24,5,5,4.8,0.5533,0.6077,0.0544,372,EXACT,,A4_T08_abcdefg_H_packed_b24.png
T08_abcdefg_H,T08,abcdefg,7,H,4,A3_PACKED,32,32,7,5,4.571429,0.5533,0.6259,0.0726,410,EXACT,,A4_T08_abcdefg_H_packed_b32.png
T08_abcdefg_H,T08,abcdefg,7,H,4,A3_PACKED,40,40,8,5,5,0.5533,0.644,0.0907,526,EXACT,,A4_T08_abcdefg_H_packed_b40.png
T08_abcdefg_H,T08,abcdefg,7,H,4,A3_PACKED,48,48,10,5,4.8,0.5533,0.6621,0.1088,644,NO_DETECTION,,A4_T08_abcdefg_H_packed_b48.png
T08_abcdefg_H,T08,abcdefg,7,H,4,A3_PACKED,64,64,14,5,4.571429,0.5533,0.6984,0.1451,782,NO_DETECTION,,A4_T08_abcdefg_H_packed_b64.png
T08_abcdefg_H,T08,abcdefg,7,H,4,A3_PACKED,80,80,20,5,4,0.5533,0.7347,0.1814,966,NO_DETECTION,,A4_T08_abcdefg_H_packed_b80.png
T08_abcdefg_H,T08,abcdefg,7,H,4,A3_PACKED,93,93,26,5,3.576923,0.5533,0.7642,0.2109,1258,NO_DETECTION,,A4_T08_abcdefg_H_packed_b93.png
