candidate_id,strategy,base_ecc,base_mask,module_budget,affected_codeword_count,similarity,transform_family,transform_id,transform_parameters,jsqr_detected,jsqr_payload,jsqr_payload_correct,jsqr_decode_status,opencv_detected,opencv_payload,opencv_payload_correct,opencv_decode_status
A1base_H_mask6,A1_BASELINE,H,6,0,0,0.4943,pristine,PRISTINE,{},true,g.co,true,EXACT,true,g.co,true,EXACT
A1base_H_mask6,A1_BASELINE,H,6,0,0,0.4943,resize,RESIZE_8,"{""interpolation"": ""area-downscale"", ""module_pitch"": 8}",true,g.co,true,EXACT,true,g.co,true,EXACT
A1base_H_mask6,A1_BASELINE,H,6,0,0,0.4943,resize,RESIZE_6,"{""interpolation"": ""area-downscale"", ""module_pitch"": 6}",true,g.co,true,EXACT,true,g.co,true,EXACT
A1base_H_mask6,A1_BASELINE,H,6,0,0,0.4943,resize,RESIZE_4,"{""interpolation"": ""area-downscale"", ""module_pitch"": 4}",true,g.co,true,EXACT,true,g.co,true,EXACT
A1base_H_mask6,A1_BASELINE,H,6,0,0,0.4943,resize,RESIZE_3,"{""interpolation"": ""area-downscale"", ""module_pitch"": 3}",true,g.co,true,EXACT,true,g.co,true,EXACT
A1base_H_mask6,A1_BASELINE,H,6,0,0,0.4943,resize,RESIZE_2,"{""interpolation"": ""area-downscale"", ""module_pitch"": 2}",true,g.co,true,EXACT,true,g.co,true,EXACT
A1base_H_mask6,A1_BASELINE,H,6,0,0,0.4943,blur,BLUR_50,"{""blur_sigma"": 0.5}",true,g.co,true,EXACT,true,g.co,true,EXACT
A1base_H_mask6,A1_BASELINE,H,6,0,0,0.4943,blur,BLUR_100,"{""blur_sigma"": 1.0}",true,g.co,true,EXACT,true,g.co,true,EXACT
A1base_H_mask6,A1_BASELINE,H,6,0,0,0.4943,blur,BLUR_150,"{""blur_sigma"": 1.5}",true,g.co,true,EXACT,true,g.co,true,EXACT
A1base_H_mask6,A1_BASELINE,H,6,0,0,0.4943,blur,BLUR_200,"{""blur_sigma"": 2.0}",true,g.co,true,EXACT,true,g.co,true,EXACT
A1base_H_mask6,A1_BASELINE,H,6,0,0,0.4943,jpeg,JPEG_95,"{""jpeg_quality"": 95}",true,g.co,true,EXACT,true,g.co,true,EXACT
A1base_H_mask6,A1_BASELINE,H,6,0,0,0.4943,jpeg,JPEG_85,"{""jpeg_quality"": 85}",true,g.co,true,EXACT,true,g.co,true,EXACT
A1base_H_mask6,A1_BASELINE,H,6,0,0,0.4943,jpeg,JPEG_70,"{""jpeg_quality"": 70}",true,g.co,true,EXACT,true,g.co,true,EXACT
A1base_H_mask6,A1_BASELINE,H,6,0,0,0.4943,jpeg,JPEG_50,"{""jpeg_quality"": 50}",true,g.co,true,EXACT,true,g.co,true,EXACT
A1base_H_mask6,A1_BASELINE,H,6,0,0,0.4943,jpeg,JPEG_30,"{""jpeg_quality"": 30}",true,g.co,true,EXACT,true,g.co,true,EXACT
A1base_H_mask6,A1_BASELINE,H,6,0,0,0.4943,rotation,ROT_M10,"{""angle_deg"": -10, ""background"": ""white"", ""canvas"": ""expanded""}",true,g.co,true,EXACT,true,g.co,true,EXACT
A1base_H_mask6,A1_BASELINE,H,6,0,0,0.4943,rotation,ROT_M5,"{""angle_deg"": -5, ""background"": ""white"", ""canvas"": ""expanded""}",true,g.co,true,EXACT,true,g.co,true,EXACT
A1base_H_mask6,A1_BASELINE,H,6,0,0,0.4943,rotation,ROT_M2,"{""angle_deg"": -2, ""background"": ""white"", ""canvas"": ""expanded""}",true,g.co,true,EXACT,true,g.co,true,EXACT
A1base_H_mask6,A1_BASELINE,H,6,0,0,0.4943,rotation,ROT_P2,"{""angle_deg"": 2, ""background"": ""white"", ""canvas"": ""expanded""}",true,g.co,true,EXACT,true,g.co,true,EXACT
A1base_H_mask6,A1_BASELINE,H,6,0,0,0.4943,rotation,ROT_P5,"{""angle_deg"": 5, ""background"": ""white"", ""canvas"": ""expanded""}",true,g.co,true,EXACT,true,g.co,true,EXACT
A1base_H_mask6,A1_BASELINE,H,6,0,0,0.4943,rotation,ROT_P10,"{""angle_deg"": 10, ""background"": ""white"", ""canvas"": ""expanded""}",true,g.co,true,EXACT,true,g.co,true,EXACT
A1base_H_mask6,A1_BASELINE,H,6,0,0,0.4943,perspective,PERSP_02,"{""background"": ""white"", ""magnitude"": 0.02, ""variant"": ""quad""}",true,g.co,true,EXACT,true,g.co,true,EXACT
A1base_H_mask6,A1_BASELINE,H,6,0,0,0.4943,perspective,PERSP_05,"{""background"": ""white"", ""magnitude"": 0.05, ""variant"": ""quad""}",false,,false,NO_DETECTION,true,g.co,true,EXACT
A1base_H_mask6,A1_BASELINE,H,6,0,0,0.4943,perspective,PERSP_08,"{""background"": ""white"", ""magnitude"": 0.08, ""variant"": ""quad""}",false,,false,NO_DETECTION,true,g.co,true,EXACT
A1base_H_mask6,A1_BASELINE,H,6,0,0,0.4943,perspective,PERSP_12,"{""background"": ""white"", ""magnitude"": 0.12, ""variant"": ""quad""}",false,,false,NO_DETECTION,true,g.co,true,EXACT
A2clean_H_mask6_seed42_b8,A2_RANDOM,H,6,8,5,0.5125,pristine,PRISTINE,{},true,g.co,true,EXACT,true,g.co,true,EXACT
A2clean_H_mask6_seed42_b8,A2_RANDOM,H,6,8,5,0.5125,resize,RESIZE_8,"{""interpolation"": ""area-downscale"", ""module_pitch"": 8}",true,g.co,true,EXACT,true,g.co,true,EXACT
A2clean_H_mask6_seed42_b8,A2_RANDOM,H,6,8,5,0.5125,resize,RESIZE_6,"{""interpolation"": ""area-downscale"", ""module_pitch"": 6}",true,g.co,true,EXACT,true,g.co,true,EXACT
A2clean_H_mask6_seed42_b8,A2_RANDOM,H,6,8,5,0.5125,resize,RESIZE_4,"{""interpolation"": ""area-downscale"", ""module_pitch"": 4}",true,g.co,true,EXACT,true,g.co,true,EXACT
A2clean_H_mask6_seed42_b8,A2_RANDOM,H,6,8,5,0.5125,resize,RESIZE_3,"{""interpolation"": ""area-downscale"", ""module_pitch"": 3}",true,g.co,true,EXACT,true,g.co,true,EXACT
A2clean_H_mask6_seed42_b8,A2_RANDOM,H,6,8,5,0.5125,resize,RESIZE_2,"{""interpolation"": ""area-downscale"", ""module_pitch"": 2}",true,g.co,true,EXACT,true,g.co,true,EXACT
A2clean_H_mask6_seed42_b8,A2_RANDOM,H,6,8,5,0.5125,blur,BLUR_50,"{""blur_sigma"": 0.5}",true,g.co,true,EXACT,true,g.co,true,EXACT
A2clean_H_mask6_seed42_b8,A2_RANDOM,H,6,8,5,0.5125,blur,BLUR_100,"{""blur_sigma"": 1.0}",true,g.co,true,EXACT,true,g.co,true,EXACT
A2clean_H_mask6_seed42_b8,A2_RANDOM,H,6,8,5,0.5125,blur,BLUR_150,"{""blur_sigma"": 1.5}",true,g.co,true,EXACT,true,g.co,true,EXACT
A2clean_H_mask6_seed42_b8,A2_RANDOM,H,6,8,5,0.5125,blur,BLUR_200,"{""blur_sigma"": 2.0}",true,g.co,true,EXACT,true,g.co,true,EXACT
A2clean_H_mask6_seed42_b8,A2_RANDOM,H,6,8,5,0.5125,jpeg,JPEG_95,"{""jpeg_quality"": 95}",true,g.co,true,EXACT,true,g.co,true,EXACT
A2clean_H_mask6_seed42_b8,A2_RANDOM,H,6,8,5,0.5125,jpeg,JPEG_85,"{""jpeg_quality"": 85}",true,g.co,true,EXACT,true,g.co,true,EXACT
A2clean_H_mask6_seed42_b8,A2_RANDOM,H,6,8,5,0.5125,jpeg,JPEG_70,"{""jpeg_quality"": 70}",true,g.co,true,EXACT,true,g.co,true,EXACT
A2clean_H_mask6_seed42_b8,A2_RANDOM,H,6,8,5,0.5125,jpeg,JPEG_50,"{""jpeg_quality"": 50}",true,g.co,true,EXACT,true,g.co,true,EXACT
A2clean_H_mask6_seed42_b8,A2_RANDOM,H,6,8,5,0.5125,jpeg,JPEG_30,"{""jpeg_quality"": 30}",true,g.co,true,EXACT,true,g.co,true,EXACT
A2clean_H_mask6_seed42_b8,A2_RANDOM,H,6,8,5,0.5125,rotation,ROT_M10,"{""angle_deg"": -10, ""background"": ""white"", ""canvas"": ""expanded""}",true,g.co,true,EXACT,true,g.co,true,EXACT
A2clean_H_mask6_seed42_b8,A2_RANDOM,H,6,8,5,0.5125,rotation,ROT_M5,"{""angle_deg"": -5, ""background"": ""white"", ""canvas"": ""expanded""}",true,g.co,true,EXACT,true,g.co,true,EXACT
A2clean_H_mask6_seed42_b8,A2_RANDOM,H,6,8,5,0.5125,rotation,ROT_M2,"{""angle_deg"": -2, ""background"": ""white"", ""canvas"": ""expanded""}",true,g.co,true,EXACT,true,g.co,true,EXACT
A2clean_H_mask6_seed42_b8,A2_RANDOM,H,6,8,5,0.5125,rotation,ROT_P2,"{""angle_deg"": 2, ""background"": ""white"", ""canvas"": ""expanded""}",true,g.co,true,EXACT,true,g.co,true,EXACT
A2clean_H_mask6_seed42_b8,A2_RANDOM,H,6,8,5,0.5125,rotation,ROT_P5,"{""angle_deg"": 5, ""background"": ""white"", ""canvas"": ""expanded""}",true,g.co,true,EXACT,true,g.co,true,EXACT
A2clean_H_mask6_seed42_b8,A2_RANDOM,H,6,8,5,0.5125,rotation,ROT_P10,"{""angle_deg"": 10, ""background"": ""white"", ""canvas"": ""expanded""}",true,g.co,true,EXACT,true,g.co,true,EXACT
A2clean_H_mask6_seed42_b8,A2_RANDOM,H,6,8,5,0.5125,perspective,PERSP_02,"{""background"": ""white"", ""magnitude"": 0.02, ""variant"": ""quad""}",true,g.co,true,EXACT,true,g.co,true,EXACT
A2clean_H_mask6_seed42_b8,A2_RANDOM,H,6,8,5,0.5125,perspective,PERSP_05,"{""background"": ""white"", ""magnitude"": 0.05, ""variant"": ""quad""}",false,,false,NO_DETECTION,true,g.co,true,EXACT
A2clean_H_mask6_seed42_b8,A2_RANDOM,H,6,8,5,0.5125,perspective,PERSP_08,"{""background"": ""white"", ""magnitude"": 0.08, ""variant"": ""quad""}",false,,false,NO_DETECTION,true,g.co,true,EXACT
A2clean_H_mask6_seed42_b8,A2_RANDOM,H,6,8,5,0.5125,perspective,PERSP_12,"{""background"": ""white"", ""magnitude"": 0.12, ""variant"": ""quad""}",false,,false,NO_DETECTION,true,g.co,true,EXACT
A2clean_H_mask6_seed42_b10,A2_RANDOM,H,6,10,5,0.517,pristine,PRISTINE,{},true,g.co,true,EXACT,true,g.co,true,EXACT
A2clean_H_mask6_seed42_b10,A2_RANDOM,H,6,10,5,0.517,resize,RESIZE_8,"{""interpolation"": ""area-downscale"", ""module_pitch"": 8}",true,g.co,true,EXACT,true,g.co,true,EXACT
A2clean_H_mask6_seed42_b10,A2_RANDOM,H,6,10,5,0.517,resize,RESIZE_6,"{""interpolation"": ""area-downscale"", ""module_pitch"": 6}",true,g.co,true,EXACT,true,g.co,true,EXACT
A2clean_H_mask6_seed42_b10,A2_RANDOM,H,6,10,5,0.517,resize,RESIZE_4,"{""interpolation"": ""area-downscale"", ""module_pitch"": 4}",true,g.co,true,EXACT,true,g.co,true,EXACT
A2clean_H_mask6_seed42_b10,A2_RANDOM,H,6,10,5,0.517,resize,RESIZE_3,"{""interpolation"": ""area-downscale"", ""module_pitch"": 3}",true,g.co,true,EXACT,true,g.co,true,EXACT
A2clean_H_mask6_seed42_b10,A2_RANDOM,H,6,10,5,0.517,resize,RESIZE_2,"{""interpolation"": ""area-downscale"", ""module_pitch"": 2}",true,g.co,true,EXACT,true,g.co,true,EXACT
A2clean_H_mask6_seed42_b10,A2_RANDOM,H,6,10,5,0.517,blur,BLUR_50,"{""blur_sigma"": 0.5}",true,g.co,true,EXACT,true,g.co,true,EXACT
A2clean_H_mask6_seed42_b10,A2_RANDOM,H,6,10,5,0.517,blur,BLUR_100,"{""blur_sigma"": 1.0}",true,g.co,true,EXACT,true,g.co,true,EXACT
A2clean_H_mask6_seed42_b10,A2_RANDOM,H,6,10,5,0.517,blur,BLUR_150,"{""blur_sigma"": 1.5}",true,g.co,true,EXACT,true,g.co,true,EXACT
A2clean_H_mask6_seed42_b10,A2_RANDOM,H,6,10,5,0.517,blur,BLUR_200,"{""blur_sigma"": 2.0}",true,g.co,true,EXACT,true,g.co,true,EXACT
A2clean_H_mask6_seed42_b10,A2_RANDOM,H,6,10,5,0.517,jpeg,JPEG_95,"{""jpeg_quality"": 95}",true,g.co,true,EXACT,true,g.co,true,EXACT
A2clean_H_mask6_seed42_b10,A2_RANDOM,H,6,10,5,0.517,jpeg,JPEG_85,"{""jpeg_quality"": 85}",true,g.co,true,EXACT,true,g.co,true,EXACT
A2clean_H_mask6_seed42_b10,A2_RANDOM,H,6,10,5,0.517,jpeg,JPEG_70,"{""jpeg_quality"": 70}",true,g.co,true,EXACT,true,g.co,true,EXACT
A2clean_H_mask6_seed42_b10,A2_RANDOM,H,6,10,5,0.517,jpeg,JPEG_50,"{""jpeg_quality"": 50}",true,g.co,true,EXACT,true,g.co,true,EXACT
A2clean_H_mask6_seed42_b10,A2_RANDOM,H,6,10,5,0.517,jpeg,JPEG_30,"{""jpeg_quality"": 30}",true,g.co,true,EXACT,true,g.co,true,EXACT
A2clean_H_mask6_seed42_b10,A2_RANDOM,H,6,10,5,0.517,rotation,ROT_M10,"{""angle_deg"": -10, ""background"": ""white"", ""canvas"": ""expanded""}",true,g.co,true,EXACT,true,g.co,true,EXACT
A2clean_H_mask6_seed42_b10,A2_RANDOM,H,6,10,5,0.517,rotation,ROT_M5,"{""angle_deg"": -5, ""background"": ""white"", ""canvas"": ""expanded""}",true,g.co,true,EXACT,true,g.co,true,EXACT
A2clean_H_mask6_seed42_b10,A2_RANDOM,H,6,10,5,0.517,rotation,ROT_M2,"{""angle_deg"": -2, ""background"": ""white"", ""canvas"": ""expanded""}",true,g.co,true,EXACT,true,g.co,true,EXACT
A2clean_H_mask6_seed42_b10,A2_RANDOM,H,6,10,5,0.517,rotation,ROT_P2,"{""angle_deg"": 2, ""background"": ""white"", ""canvas"": ""expanded""}",true,g.co,true,EXACT,true,g.co,true,EXACT
A2clean_H_mask6_seed42_b10,A2_RANDOM,H,6,10,5,0.517,rotation,ROT_P5,"{""angle_deg"": 5, ""background"": ""white"", ""canvas"": ""expanded""}",true,g.co,true,EXACT,true,g.co,true,EXACT
A2clean_H_mask6_seed42_b10,A2_RANDOM,H,6,10,5,0.517,rotation,ROT_P10,"{""angle_deg"": 10, ""background"": ""white"", ""canvas"": ""expanded""}",true,g.co,true,EXACT,true,g.co,true,EXACT
A2clean_H_mask6_seed42_b10,A2_RANDOM,H,6,10,5,0.517,perspective,PERSP_02,"{""background"": ""white"", ""magnitude"": 0.02, ""variant"": ""quad""}",true,g.co,true,EXACT,true,g.co,true,EXACT
A2clean_H_mask6_seed42_b10,A2_RANDOM,H,6,10,5,0.517,perspective,PERSP_05,"{""background"": ""white"", ""magnitude"": 0.05, ""variant"": ""quad""}",false,,false,NO_DETECTION,true,g.co,true,EXACT
A2clean_H_mask6_seed42_b10,A2_RANDOM,H,6,10,5,0.517,perspective,PERSP_08,"{""background"": ""white"", ""magnitude"": 0.08, ""variant"": ""quad""}",false,,false,NO_DETECTION,true,g.co,true,EXACT
A2clean_H_mask6_seed42_b10,A2_RANDOM,H,6,10,5,0.517,perspective,PERSP_12,"{""background"": ""white"", ""magnitude"": 0.12, ""variant"": ""quad""}",false,,false,NO_DETECTION,true,g.co,true,EXACT
A2clean_H_mask6_seed42_b12,A2_RANDOM,H,6,12,7,0.5215,pristine,PRISTINE,{},true,g.co,true,EXACT,true,g.co,true,EXACT
A2clean_H_mask6_seed42_b12,A2_RANDOM,H,6,12,7,0.5215,resize,RESIZE_8,"{""interpolation"": ""area-downscale"", ""module_pitch"": 8}",true,g.co,true,EXACT,true,g.co,true,EXACT
A2clean_H_mask6_seed42_b12,A2_RANDOM,H,6,12,7,0.5215,resize,RESIZE_6,"{""interpolation"": ""area-downscale"", ""module_pitch"": 6}",true,g.co,true,EXACT,true,g.co,true,EXACT
A2clean_H_mask6_seed42_b12,A2_RANDOM,H,6,12,7,0.5215,resize,RESIZE_4,"{""interpolation"": ""area-downscale"", ""module_pitch"": 4}",true,g.co,true,EXACT,true,g.co,true,EXACT
A2clean_H_mask6_seed42_b12,A2_RANDOM,H,6,12,7,0.5215,resize,RESIZE_3,"{""interpolation"": ""area-downscale"", ""module_pitch"": 3}",true,g.co,true,EXACT,true,g.co,true,EXACT
A2clean_H_mask6_seed42_b12,A2_RANDOM,H,6,12,7,0.5215,resize,RESIZE_2,"{""interpolation"": ""area-downscale"", ""module_pitch"": 2}",true,g.co,true,EXACT,true,g.co,true,EXACT
A2clean_H_mask6_seed42_b12,A2_RANDOM,H,6,12,7,0.5215,blur,BLUR_50,"{""blur_sigma"": 0.5}",true,g.co,true,EXACT,true,g.co,true,EXACT
A2clean_H_mask6_seed42_b12,A2_RANDOM,H,6,12,7,0.5215,blur,BLUR_100,"{""blur_sigma"": 1.0}",true,g.co,true,EXACT,true,g.co,true,EXACT
A2clean_H_mask6_seed42_b12,A2_RANDOM,H,6,12,7,0.5215,blur,BLUR_150,"{""blur_sigma"": 1.5}",true,g.co,true,EXACT,true,g.co,true,EXACT
A2clean_H_mask6_seed42_b12,A2_RANDOM,H,6,12,7,0.5215,blur,BLUR_200,"{""blur_sigma"": 2.0}",true,g.co,true,EXACT,true,g.co,true,EXACT
A2clean_H_mask6_seed42_b12,A2_RANDOM,H,6,12,7,0.5215,jpeg,JPEG_95,"{""jpeg_quality"": 95}",true,g.co,true,EXACT,true,g.co,true,EXACT
A2clean_H_mask6_seed42_b12,A2_RANDOM,H,6,12,7,0.5215,jpeg,JPEG_85,"{""jpeg_quality"": 85}",true,g.co,true,EXACT,true,g.co,true,EXACT
A2clean_H_mask6_seed42_b12,A2_RANDOM,H,6,12,7,0.5215,jpeg,JPEG_70,"{""jpeg_quality"": 70}",true,g.co,true,EXACT,true,g.co,true,EXACT
A2clean_H_mask6_seed42_b12,A2_RANDOM,H,6,12,7,0.5215,jpeg,JPEG_50,"{""jpeg_quality"": 50}",true,g.co,true,EXACT,true,g.co,true,EXACT
A2clean_H_mask6_seed42_b12,A2_RANDOM,H,6,12,7,0.5215,jpeg,JPEG_30,"{""jpeg_quality"": 30}",true,g.co,true,EXACT,true,g.co,true,EXACT
A2clean_H_mask6_seed42_b12,A2_RANDOM,H,6,12,7,0.5215,rotation,ROT_M10,"{""angle_deg"": -10, ""background"": ""white"", ""canvas"": ""expanded""}",true,g.co,true,EXACT,true,g.co,true,EXACT
A2clean_H_mask6_seed42_b12,A2_RANDOM,H,6,12,7,0.5215,rotation,ROT_M5,"{""angle_deg"": -5, ""background"": ""white"", ""canvas"": ""expanded""}",true,g.co,true,EXACT,true,g.co,true,EXACT
A2clean_H_mask6_seed42_b12,A2_RANDOM,H,6,12,7,0.5215,rotation,ROT_M2,"{""angle_deg"": -2, ""background"": ""white"", ""canvas"": ""expanded""}",true,g.co,true,EXACT,true,g.co,true,EXACT
A2clean_H_mask6_seed42_b12,A2_RANDOM,H,6,12,7,0.5215,rotation,ROT_P2,"{""angle_deg"": 2, ""background"": ""white"", ""canvas"": ""expanded""}",true,g.co,true,EXACT,true,g.co,true,EXACT
A2clean_H_mask6_seed42_b12,A2_RANDOM,H,6,12,7,0.5215,rotation,ROT_P5,"{""angle_deg"": 5, ""background"": ""white"", ""canvas"": ""expanded""}",true,g.co,true,EXACT,true,g.co,true,EXACT
A2clean_H_mask6_seed42_b12,A2_RANDOM,H,6,12,7,0.5215,rotation,ROT_P10,"{""angle_deg"": 10, ""background"": ""white"", ""canvas"": ""expanded""}",true,g.co,true,EXACT,true,g.co,true,EXACT
A2clean_H_mask6_seed42_b12,A2_RANDOM,H,6,12,7,0.5215,perspective,PERSP_02,"{""background"": ""white"", ""magnitude"": 0.02, ""variant"": ""quad""}",true,g.co,true,EXACT,true,g.co,true,EXACT
A2clean_H_mask6_seed42_b12,A2_RANDOM,H,6,12,7,0.5215,perspective,PERSP_05,"{""background"": ""white"", ""magnitude"": 0.05, ""variant"": ""quad""}",false,,false,NO_DETECTION,true,g.co,true,EXACT
A2clean_H_mask6_seed42_b12,A2_RANDOM,H,6,12,7,0.5215,perspective,PERSP_08,"{""background"": ""white"", ""magnitude"": 0.08, ""variant"": ""quad""}",false,,false,NO_DETECTION,true,g.co,true,EXACT
A2clean_H_mask6_seed42_b12,A2_RANDOM,H,6,12,7,0.5215,perspective,PERSP_12,"{""background"": ""white"", ""magnitude"": 0.12, ""variant"": ""quad""}",false,,false,NO_DETECTION,true,g.co,true,EXACT
A2clean_H_mask6_seed43_b8,A2_RANDOM,H,6,8,7,0.5125,pristine,PRISTINE,{},true,g.co,true,EXACT,true,g.co,true,EXACT
A2clean_H_mask6_seed43_b8,A2_RANDOM,H,6,8,7,0.5125,resize,RESIZE_8,"{""interpolation"": ""area-downscale"", ""module_pitch"": 8}",true,g.co,true,EXACT,true,g.co,true,EXACT
A2clean_H_mask6_seed43_b8,A2_RANDOM,H,6,8,7,0.5125,resize,RESIZE_6,"{""interpolation"": ""area-downscale"", ""module_pitch"": 6}",true,g.co,true,EXACT,true,g.co,true,EXACT
A2clean_H_mask6_seed43_b8,A2_RANDOM,H,6,8,7,0.5125,resize,RESIZE_4,"{""interpolation"": ""area-downscale"", ""module_pitch"": 4}",true,g.co,true,EXACT,true,g.co,true,EXACT
A2clean_H_mask6_seed43_b8,A2_RANDOM,H,6,8,7,0.5125,resize,RESIZE_3,"{""interpolation"": ""area-downscale"", ""module_pitch"": 3}",true,g.co,true,EXACT,true,g.co,true,EXACT
A2clean_H_mask6_seed43_b8,A2_RANDOM,H,6,8,7,0.5125,resize,RESIZE_2,"{""interpolation"": ""area-downscale"", ""module_pitch"": 2}",true,g.co,true,EXACT,true,g.co,true,EXACT
A2clean_H_mask6_seed43_b8,A2_RANDOM,H,6,8,7,0.5125,blur,BLUR_50,"{""blur_sigma"": 0.5}",true,g.co,true,EXACT,true,g.co,true,EXACT
A2clean_H_mask6_seed43_b8,A2_RANDOM,H,6,8,7,0.5125,blur,BLUR_100,"{""blur_sigma"": 1.0}",true,g.co,true,EXACT,true,g.co,true,EXACT
A2clean_H_mask6_seed43_b8,A2_RANDOM,H,6,8,7,0.5125,blur,BLUR_150,"{""blur_sigma"": 1.5}",true,g.co,true,EXACT,true,g.co,true,EXACT
A2clean_H_mask6_seed43_b8,A2_RANDOM,H,6,8,7,0.5125,blur,BLUR_200,"{""blur_sigma"": 2.0}",true,g.co,true,EXACT,true,g.co,true,EXACT
A2clean_H_mask6_seed43_b8,A2_RANDOM,H,6,8,7,0.5125,jpeg,JPEG_95,"{""jpeg_quality"": 95}",true,g.co,true,EXACT,true,g.co,true,EXACT
A2clean_H_mask6_seed43_b8,A2_RANDOM,H,6,8,7,0.5125,jpeg,JPEG_85,"{""jpeg_quality"": 85}",true,g.co,true,EXACT,true,g.co,true,EXACT
A2clean_H_mask6_seed43_b8,A2_RANDOM,H,6,8,7,0.5125,jpeg,JPEG_70,"{""jpeg_quality"": 70}",true,g.co,true,EXACT,true,g.co,true,EXACT
A2clean_H_mask6_seed43_b8,A2_RANDOM,H,6,8,7,0.5125,jpeg,JPEG_50,"{""jpeg_quality"": 50}",true,g.co,true,EXACT,true,g.co,true,EXACT
A2clean_H_mask6_seed43_b8,A2_RANDOM,H,6,8,7,0.5125,jpeg,JPEG_30,"{""jpeg_quality"": 30}",true,g.co,true,EXACT,true,g.co,true,EXACT
A2clean_H_mask6_seed43_b8,A2_RANDOM,H,6,8,7,0.5125,rotation,ROT_M10,"{""angle_deg"": -10, ""background"": ""white"", ""canvas"": ""expanded""}",true,g.co,true,EXACT,true,g.co,true,EXACT
A2clean_H_mask6_seed43_b8,A2_RANDOM,H,6,8,7,0.5125,rotation,ROT_M5,"{""angle_deg"": -5, ""background"": ""white"", ""canvas"": ""expanded""}",true,g.co,true,EXACT,true,g.co,true,EXACT
A2clean_H_mask6_seed43_b8,A2_RANDOM,H,6,8,7,0.5125,rotation,ROT_M2,"{""angle_deg"": -2, ""background"": ""white"", ""canvas"": ""expanded""}",true,g.co,true,EXACT,true,g.co,true,EXACT
A2clean_H_mask6_seed43_b8,A2_RANDOM,H,6,8,7,0.5125,rotation,ROT_P2,"{""angle_deg"": 2, ""background"": ""white"", ""canvas"": ""expanded""}",true,g.co,true,EXACT,true,g.co,true,EXACT
A2clean_H_mask6_seed43_b8,A2_RANDOM,H,6,8,7,0.5125,rotation,ROT_P5,"{""angle_deg"": 5, ""background"": ""white"", ""canvas"": ""expanded""}",true,g.co,true,EXACT,true,g.co,true,EXACT
A2clean_H_mask6_seed43_b8,A2_RANDOM,H,6,8,7,0.5125,rotation,ROT_P10,"{""angle_deg"": 10, ""background"": ""white"", ""canvas"": ""expanded""}",true,g.co,true,EXACT,true,g.co,true,EXACT
A2clean_H_mask6_seed43_b8,A2_RANDOM,H,6,8,7,0.5125,perspective,PERSP_02,"{""background"": ""white"", ""magnitude"": 0.02, ""variant"": ""quad""}",true,g.co,true,EXACT,true,g.co,true,EXACT
A2clean_H_mask6_seed43_b8,A2_RANDOM,H,6,8,7,0.5125,perspective,PERSP_05,"{""background"": ""white"", ""magnitude"": 0.05, ""variant"": ""quad""}",false,,false,NO_DETECTION,true,g.co,true,EXACT
A2clean_H_mask6_seed43_b8,A2_RANDOM,H,6,8,7,0.5125,perspective,PERSP_08,"{""background"": ""white"", ""magnitude"": 0.08, ""variant"": ""quad""}",false,,false,NO_DETECTION,true,g.co,true,EXACT
A2clean_H_mask6_seed43_b8,A2_RANDOM,H,6,8,7,0.5125,perspective,PERSP_12,"{""background"": ""white"", ""magnitude"": 0.12, ""variant"": ""quad""}",false,,false,NO_DETECTION,true,g.co,true,EXACT
A2clean_H_mask6_seed43_b10,A2_RANDOM,H,6,10,9,0.517,pristine,PRISTINE,{},false,,false,NO_DETECTION,true,,false,WRONG_PAYLOAD
A2clean_H_mask6_seed43_b10,A2_RANDOM,H,6,10,9,0.517,resize,RESIZE_8,"{""interpolation"": ""area-downscale"", ""module_pitch"": 8}",false,,false,NO_DETECTION,true,,false,WRONG_PAYLOAD
A2clean_H_mask6_seed43_b10,A2_RANDOM,H,6,10,9,0.517,resize,RESIZE_6,"{""interpolation"": ""area-downscale"", ""module_pitch"": 6}",false,,false,NO_DETECTION,true,,false,WRONG_PAYLOAD
A2clean_H_mask6_seed43_b10,A2_RANDOM,H,6,10,9,0.517,resize,RESIZE_4,"{""interpolation"": ""area-downscale"", ""module_pitch"": 4}",false,,false,NO_DETECTION,true,,false,WRONG_PAYLOAD
A2clean_H_mask6_seed43_b10,A2_RANDOM,H,6,10,9,0.517,resize,RESIZE_3,"{""interpolation"": ""area-downscale"", ""module_pitch"": 3}",false,,false,NO_DETECTION,true,,false,WRONG_PAYLOAD
A2clean_H_mask6_seed43_b10,A2_RANDOM,H,6,10,9,0.517,resize,RESIZE_2,"{""interpolation"": ""area-downscale"", ""module_pitch"": 2}",false,,false,NO_DETECTION,true,,false,WRONG_PAYLOAD
A2clean_H_mask6_seed43_b10,A2_RANDOM,H,6,10,9,0.517,blur,BLUR_50,"{""blur_sigma"": 0.5}",false,,false,NO_DETECTION,true,,false,WRONG_PAYLOAD
A2clean_H_mask6_seed43_b10,A2_RANDOM,H,6,10,9,0.517,blur,BLUR_100,"{""blur_sigma"": 1.0}",false,,false,NO_DETECTION,true,,false,WRONG_PAYLOAD
A2clean_H_mask6_seed43_b10,A2_RANDOM,H,6,10,9,0.517,blur,BLUR_150,"{""blur_sigma"": 1.5}",false,,false,NO_DETECTION,true,,false,WRONG_PAYLOAD
A2clean_H_mask6_seed43_b10,A2_RANDOM,H,6,10,9,0.517,blur,BLUR_200,"{""blur_sigma"": 2.0}",false,,false,NO_DETECTION,true,,false,WRONG_PAYLOAD
A2clean_H_mask6_seed43_b10,A2_RANDOM,H,6,10,9,0.517,jpeg,JPEG_95,"{""jpeg_quality"": 95}",false,,false,NO_DETECTION,true,,false,WRONG_PAYLOAD
A2clean_H_mask6_seed43_b10,A2_RANDOM,H,6,10,9,0.517,jpeg,JPEG_85,"{""jpeg_quality"": 85}",false,,false,NO_DETECTION,true,,false,WRONG_PAYLOAD
A2clean_H_mask6_seed43_b10,A2_RANDOM,H,6,10,9,0.517,jpeg,JPEG_70,"{""jpeg_quality"": 70}",false,,false,NO_DETECTION,true,,false,WRONG_PAYLOAD
A2clean_H_mask6_seed43_b10,A2_RANDOM,H,6,10,9,0.517,jpeg,JPEG_50,"{""jpeg_quality"": 50}",false,,false,NO_DETECTION,true,,false,WRONG_PAYLOAD
A2clean_H_mask6_seed43_b10,A2_RANDOM,H,6,10,9,0.517,jpeg,JPEG_30,"{""jpeg_quality"": 30}",false,,false,NO_DETECTION,true,,false,WRONG_PAYLOAD
A2clean_H_mask6_seed43_b10,A2_RANDOM,H,6,10,9,0.517,rotation,ROT_M10,"{""angle_deg"": -10, ""background"": ""white"", ""canvas"": ""expanded""}",false,,false,NO_DETECTION,true,,false,WRONG_PAYLOAD
A2clean_H_mask6_seed43_b10,A2_RANDOM,H,6,10,9,0.517,rotation,ROT_M5,"{""angle_deg"": -5, ""background"": ""white"", ""canvas"": ""expanded""}",false,,false,NO_DETECTION,true,,false,WRONG_PAYLOAD
A2clean_H_mask6_seed43_b10,A2_RANDOM,H,6,10,9,0.517,rotation,ROT_M2,"{""angle_deg"": -2, ""background"": ""white"", ""canvas"": ""expanded""}",false,,false,NO_DETECTION,true,,false,WRONG_PAYLOAD
A2clean_H_mask6_seed43_b10,A2_RANDOM,H,6,10,9,0.517,rotation,ROT_P2,"{""angle_deg"": 2, ""background"": ""white"", ""canvas"": ""expanded""}",false,,false,NO_DETECTION,true,,false,WRONG_PAYLOAD
A2clean_H_mask6_seed43_b10,A2_RANDOM,H,6,10,9,0.517,rotation,ROT_P5,"{""angle_deg"": 5, ""background"": ""white"", ""canvas"": ""expanded""}",false,,false,NO_DETECTION,true,,false,WRONG_PAYLOAD
A2clean_H_mask6_seed43_b10,A2_RANDOM,H,6,10,9,0.517,rotation,ROT_P10,"{""angle_deg"": 10, ""background"": ""white"", ""canvas"": ""expanded""}",false,,false,NO_DETECTION,true,,false,WRONG_PAYLOAD
A2clean_H_mask6_seed43_b10,A2_RANDOM,H,6,10,9,0.517,perspective,PERSP_02,"{""background"": ""white"", ""magnitude"": 0.02, ""variant"": ""quad""}",false,,false,NO_DETECTION,true,,false,WRONG_PAYLOAD
A2clean_H_mask6_seed43_b10,A2_RANDOM,H,6,10,9,0.517,perspective,PERSP_05,"{""background"": ""white"", ""magnitude"": 0.05, ""variant"": ""quad""}",false,,false,NO_DETECTION,true,,false,WRONG_PAYLOAD
A2clean_H_mask6_seed43_b10,A2_RANDOM,H,6,10,9,0.517,perspective,PERSP_08,"{""background"": ""white"", ""magnitude"": 0.08, ""variant"": ""quad""}",false,,false,NO_DETECTION,true,,false,WRONG_PAYLOAD
A2clean_H_mask6_seed43_b10,A2_RANDOM,H,6,10,9,0.517,perspective,PERSP_12,"{""background"": ""white"", ""magnitude"": 0.12, ""variant"": ""quad""}",false,,false,NO_DETECTION,true,,false,WRONG_PAYLOAD
A2clean_H_mask6_seed43_b12,A2_RANDOM,H,6,12,9,0.5215,pristine,PRISTINE,{},false,,false,NO_DETECTION,true,,false,WRONG_PAYLOAD
A2clean_H_mask6_seed43_b12,A2_RANDOM,H,6,12,9,0.5215,resize,RESIZE_8,"{""interpolation"": ""area-downscale"", ""module_pitch"": 8}",false,,false,NO_DETECTION,true,,false,WRONG_PAYLOAD
A2clean_H_mask6_seed43_b12,A2_RANDOM,H,6,12,9,0.5215,resize,RESIZE_6,"{""interpolation"": ""area-downscale"", ""module_pitch"": 6}",false,,false,NO_DETECTION,true,,false,WRONG_PAYLOAD
A2clean_H_mask6_seed43_b12,A2_RANDOM,H,6,12,9,0.5215,resize,RESIZE_4,"{""interpolation"": ""area-downscale"", ""module_pitch"": 4}",false,,false,NO_DETECTION,true,,false,WRONG_PAYLOAD
A2clean_H_mask6_seed43_b12,A2_RANDOM,H,6,12,9,0.5215,resize,RESIZE_3,"{""interpolation"": ""area-downscale"", ""module_pitch"": 3}",false,,false,NO_DETECTION,true,,false,WRONG_PAYLOAD
A2clean_H_mask6_seed43_b12,A2_RANDOM,H,6,12,9,0.5215,resize,RESIZE_2,"{""interpolation"": ""area-downscale"", ""module_pitch"": 2}",false,,false,NO_DETECTION,true,,false,WRONG_PAYLOAD
A2clean_H_mask6_seed43_b12,A2_RANDOM,H,6,12,9,0.5215,blur,BLUR_50,"{""blur_sigma"": 0.5}",false,,false,NO_DETECTION,true,,false,WRONG_PAYLOAD
A2clean_H_mask6_seed43_b12,A2_RANDOM,H,6,12,9,0.5215,blur,BLUR_100,"{""blur_sigma"": 1.0}",false,,false,NO_DETECTION,true,,false,WRONG_PAYLOAD
A2clean_H_mask6_seed43_b12,A2_RANDOM,H,6,12,9,0.5215,blur,BLUR_150,"{""blur_sigma"": 1.5}",false,,false,NO_DETECTION,true,,false,WRONG_PAYLOAD
A2clean_H_mask6_seed43_b12,A2_RANDOM,H,6,12,9,0.5215,blur,BLUR_200,"{""blur_sigma"": 2.0}",false,,false,NO_DETECTION,true,,false,WRONG_PAYLOAD
A2clean_H_mask6_seed43_b12,A2_RANDOM,H,6,12,9,0.5215,jpeg,JPEG_95,"{""jpeg_quality"": 95}",false,,false,NO_DETECTION,true,,false,WRONG_PAYLOAD
A2clean_H_mask6_seed43_b12,A2_RANDOM,H,6,12,9,0.5215,jpeg,JPEG_85,"{""jpeg_quality"": 85}",false,,false,NO_DETECTION,true,,false,WRONG_PAYLOAD
A2clean_H_mask6_seed43_b12,A2_RANDOM,H,6,12,9,0.5215,jpeg,JPEG_70,"{""jpeg_quality"": 70}",false,,false,NO_DETECTION,true,,false,WRONG_PAYLOAD
A2clean_H_mask6_seed43_b12,A2_RANDOM,H,6,12,9,0.5215,jpeg,JPEG_50,"{""jpeg_quality"": 50}",false,,false,NO_DETECTION,true,,false,WRONG_PAYLOAD
A2clean_H_mask6_seed43_b12,A2_RANDOM,H,6,12,9,0.5215,jpeg,JPEG_30,"{""jpeg_quality"": 30}",false,,false,NO_DETECTION,true,,false,WRONG_PAYLOAD
A2clean_H_mask6_seed43_b12,A2_RANDOM,H,6,12,9,0.5215,rotation,ROT_M10,"{""angle_deg"": -10, ""background"": ""white"", ""canvas"": ""expanded""}",false,,false,NO_DETECTION,true,,false,WRONG_PAYLOAD
A2clean_H_mask6_seed43_b12,A2_RANDOM,H,6,12,9,0.5215,rotation,ROT_M5,"{""angle_deg"": -5, ""background"": ""white"", ""canvas"": ""expanded""}",false,,false,NO_DETECTION,true,,false,WRONG_PAYLOAD
A2clean_H_mask6_seed43_b12,A2_RANDOM,H,6,12,9,0.5215,rotation,ROT_M2,"{""angle_deg"": -2, ""background"": ""white"", ""canvas"": ""expanded""}",false,,false,NO_DETECTION,true,,false,WRONG_PAYLOAD
A2clean_H_mask6_seed43_b12,A2_RANDOM,H,6,12,9,0.5215,rotation,ROT_P2,"{""angle_deg"": 2, ""background"": ""white"", ""canvas"": ""expanded""}",false,,false,NO_DETECTION,true,,false,WRONG_PAYLOAD
A2clean_H_mask6_seed43_b12,A2_RANDOM,H,6,12,9,0.5215,rotation,ROT_P5,"{""angle_deg"": 5, ""background"": ""white"", ""canvas"": ""expanded""}",false,,false,NO_DETECTION,true,,false,WRONG_PAYLOAD
A2clean_H_mask6_seed43_b12,A2_RANDOM,H,6,12,9,0.5215,rotation,ROT_P10,"{""angle_deg"": 10, ""background"": ""white"", ""canvas"": ""expanded""}",false,,false,NO_DETECTION,true,,false,WRONG_PAYLOAD
A2clean_H_mask6_seed43_b12,A2_RANDOM,H,6,12,9,0.5215,perspective,PERSP_02,"{""background"": ""white"", ""magnitude"": 0.02, ""variant"": ""quad""}",false,,false,NO_DETECTION,true,,false,WRONG_PAYLOAD
A2clean_H_mask6_seed43_b12,A2_RANDOM,H,6,12,9,0.5215,perspective,PERSP_05,"{""background"": ""white"", ""magnitude"": 0.05, ""variant"": ""quad""}",false,,false,NO_DETECTION,true,,false,WRONG_PAYLOAD
A2clean_H_mask6_seed43_b12,A2_RANDOM,H,6,12,9,0.5215,perspective,PERSP_08,"{""background"": ""white"", ""magnitude"": 0.08, ""variant"": ""quad""}",false,,false,NO_DETECTION,true,,false,WRONG_PAYLOAD
A2clean_H_mask6_seed43_b12,A2_RANDOM,H,6,12,9,0.5215,perspective,PERSP_12,"{""background"": ""white"", ""magnitude"": 0.12, ""variant"": ""quad""}",false,,false,NO_DETECTION,true,,false,WRONG_PAYLOAD
A2clean_H_mask6_seed44_b8,A2_RANDOM,H,6,8,8,0.5125,pristine,PRISTINE,{},true,g.co,true,EXACT,true,g.co,true,EXACT
A2clean_H_mask6_seed44_b8,A2_RANDOM,H,6,8,8,0.5125,resize,RESIZE_8,"{""interpolation"": ""area-downscale"", ""module_pitch"": 8}",true,g.co,true,EXACT,true,g.co,true,EXACT
A2clean_H_mask6_seed44_b8,A2_RANDOM,H,6,8,8,0.5125,resize,RESIZE_6,"{""interpolation"": ""area-downscale"", ""module_pitch"": 6}",true,g.co,true,EXACT,true,g.co,true,EXACT
A2clean_H_mask6_seed44_b8,A2_RANDOM,H,6,8,8,0.5125,resize,RESIZE_4,"{""interpolation"": ""area-downscale"", ""module_pitch"": 4}",true,g.co,true,EXACT,true,g.co,true,EXACT
A2clean_H_mask6_seed44_b8,A2_RANDOM,H,6,8,8,0.5125,resize,RESIZE_3,"{""interpolation"": ""area-downscale"", ""module_pitch"": 3}",true,g.co,true,EXACT,true,g.co,true,EXACT
A2clean_H_mask6_seed44_b8,A2_RANDOM,H,6,8,8,0.5125,resize,RESIZE_2,"{""interpolation"": ""area-downscale"", ""module_pitch"": 2}",true,g.co,true,EXACT,true,g.co,true,EXACT
A2clean_H_mask6_seed44_b8,A2_RANDOM,H,6,8,8,0.5125,blur,BLUR_50,"{""blur_sigma"": 0.5}",true,g.co,true,EXACT,true,g.co,true,EXACT
A2clean_H_mask6_seed44_b8,A2_RANDOM,H,6,8,8,0.5125,blur,BLUR_100,"{""blur_sigma"": 1.0}",true,g.co,true,EXACT,true,g.co,true,EXACT
A2clean_H_mask6_seed44_b8,A2_RANDOM,H,6,8,8,0.5125,blur,BLUR_150,"{""blur_sigma"": 1.5}",true,g.co,true,EXACT,true,g.co,true,EXACT
A2clean_H_mask6_seed44_b8,A2_RANDOM,H,6,8,8,0.5125,blur,BLUR_200,"{""blur_sigma"": 2.0}",true,g.co,true,EXACT,true,g.co,true,EXACT
A2clean_H_mask6_seed44_b8,A2_RANDOM,H,6,8,8,0.5125,jpeg,JPEG_95,"{""jpeg_quality"": 95}",true,g.co,true,EXACT,true,g.co,true,EXACT
A2clean_H_mask6_seed44_b8,A2_RANDOM,H,6,8,8,0.5125,jpeg,JPEG_85,"{""jpeg_quality"": 85}",true,g.co,true,EXACT,true,g.co,true,EXACT
A2clean_H_mask6_seed44_b8,A2_RANDOM,H,6,8,8,0.5125,jpeg,JPEG_70,"{""jpeg_quality"": 70}",true,g.co,true,EXACT,true,g.co,true,EXACT
A2clean_H_mask6_seed44_b8,A2_RANDOM,H,6,8,8,0.5125,jpeg,JPEG_50,"{""jpeg_quality"": 50}",true,g.co,true,EXACT,true,g.co,true,EXACT
A2clean_H_mask6_seed44_b8,A2_RANDOM,H,6,8,8,0.5125,jpeg,JPEG_30,"{""jpeg_quality"": 30}",true,g.co,true,EXACT,true,g.co,true,EXACT
A2clean_H_mask6_seed44_b8,A2_RANDOM,H,6,8,8,0.5125,rotation,ROT_M10,"{""angle_deg"": -10, ""background"": ""white"", ""canvas"": ""expanded""}",true,g.co,true,EXACT,true,g.co,true,EXACT
A2clean_H_mask6_seed44_b8,A2_RANDOM,H,6,8,8,0.5125,rotation,ROT_M5,"{""angle_deg"": -5, ""background"": ""white"", ""canvas"": ""expanded""}",true,g.co,true,EXACT,true,g.co,true,EXACT
A2clean_H_mask6_seed44_b8,A2_RANDOM,H,6,8,8,0.5125,rotation,ROT_M2,"{""angle_deg"": -2, ""background"": ""white"", ""canvas"": ""expanded""}",true,g.co,true,EXACT,true,g.co,true,EXACT
A2clean_H_mask6_seed44_b8,A2_RANDOM,H,6,8,8,0.5125,rotation,ROT_P2,"{""angle_deg"": 2, ""background"": ""white"", ""canvas"": ""expanded""}",true,g.co,true,EXACT,true,g.co,true,EXACT
A2clean_H_mask6_seed44_b8,A2_RANDOM,H,6,8,8,0.5125,rotation,ROT_P5,"{""angle_deg"": 5, ""background"": ""white"", ""canvas"": ""expanded""}",true,g.co,true,EXACT,true,g.co,true,EXACT
A2clean_H_mask6_seed44_b8,A2_RANDOM,H,6,8,8,0.5125,rotation,ROT_P10,"{""angle_deg"": 10, ""background"": ""white"", ""canvas"": ""expanded""}",true,g.co,true,EXACT,true,g.co,true,EXACT
A2clean_H_mask6_seed44_b8,A2_RANDOM,H,6,8,8,0.5125,perspective,PERSP_02,"{""background"": ""white"", ""magnitude"": 0.02, ""variant"": ""quad""}",true,g.co,true,EXACT,true,g.co,true,EXACT
A2clean_H_mask6_seed44_b8,A2_RANDOM,H,6,8,8,0.5125,perspective,PERSP_05,"{""background"": ""white"", ""magnitude"": 0.05, ""variant"": ""quad""}",false,,false,NO_DETECTION,true,g.co,true,EXACT
A2clean_H_mask6_seed44_b8,A2_RANDOM,H,6,8,8,0.5125,perspective,PERSP_08,"{""background"": ""white"", ""magnitude"": 0.08, ""variant"": ""quad""}",false,,false,NO_DETECTION,true,g.co,true,EXACT
A2clean_H_mask6_seed44_b8,A2_RANDOM,H,6,8,8,0.5125,perspective,PERSP_12,"{""background"": ""white"", ""magnitude"": 0.12, ""variant"": ""quad""}",false,,false,NO_DETECTION,true,g.co,true,EXACT
A2clean_H_mask6_seed44_b10,A2_RANDOM,H,6,10,9,0.517,pristine,PRISTINE,{},false,,false,NO_DETECTION,true,,false,WRONG_PAYLOAD
A2clean_H_mask6_seed44_b10,A2_RANDOM,H,6,10,9,0.517,resize,RESIZE_8,"{""interpolation"": ""area-downscale"", ""module_pitch"": 8}",false,,false,NO_DETECTION,true,,false,WRONG_PAYLOAD
A2clean_H_mask6_seed44_b10,A2_RANDOM,H,6,10,9,0.517,resize,RESIZE_6,"{""interpolation"": ""area-downscale"", ""module_pitch"": 6}",false,,false,NO_DETECTION,true,,false,WRONG_PAYLOAD
A2clean_H_mask6_seed44_b10,A2_RANDOM,H,6,10,9,0.517,resize,RESIZE_4,"{""interpolation"": ""area-downscale"", ""module_pitch"": 4}",false,,false,NO_DETECTION,true,,false,WRONG_PAYLOAD
A2clean_H_mask6_seed44_b10,A2_RANDOM,H,6,10,9,0.517,resize,RESIZE_3,"{""interpolation"": ""area-downscale"", ""module_pitch"": 3}",false,,false,NO_DETECTION,true,,false,WRONG_PAYLOAD
A2clean_H_mask6_seed44_b10,A2_RANDOM,H,6,10,9,0.517,resize,RESIZE_2,"{""interpolation"": ""area-downscale"", ""module_pitch"": 2}",false,,false,NO_DETECTION,true,,false,WRONG_PAYLOAD
A2clean_H_mask6_seed44_b10,A2_RANDOM,H,6,10,9,0.517,blur,BLUR_50,"{""blur_sigma"": 0.5}",false,,false,NO_DETECTION,true,,false,WRONG_PAYLOAD
A2clean_H_mask6_seed44_b10,A2_RANDOM,H,6,10,9,0.517,blur,BLUR_100,"{""blur_sigma"": 1.0}",false,,false,NO_DETECTION,true,,false,WRONG_PAYLOAD
A2clean_H_mask6_seed44_b10,A2_RANDOM,H,6,10,9,0.517,blur,BLUR_150,"{""blur_sigma"": 1.5}",false,,false,NO_DETECTION,true,,false,WRONG_PAYLOAD
A2clean_H_mask6_seed44_b10,A2_RANDOM,H,6,10,9,0.517,blur,BLUR_200,"{""blur_sigma"": 2.0}",false,,false,NO_DETECTION,true,,false,WRONG_PAYLOAD
A2clean_H_mask6_seed44_b10,A2_RANDOM,H,6,10,9,0.517,jpeg,JPEG_95,"{""jpeg_quality"": 95}",false,,false,NO_DETECTION,true,,false,WRONG_PAYLOAD
A2clean_H_mask6_seed44_b10,A2_RANDOM,H,6,10,9,0.517,jpeg,JPEG_85,"{""jpeg_quality"": 85}",false,,false,NO_DETECTION,true,,false,WRONG_PAYLOAD
A2clean_H_mask6_seed44_b10,A2_RANDOM,H,6,10,9,0.517,jpeg,JPEG_70,"{""jpeg_quality"": 70}",false,,false,NO_DETECTION,true,,false,WRONG_PAYLOAD
A2clean_H_mask6_seed44_b10,A2_RANDOM,H,6,10,9,0.517,jpeg,JPEG_50,"{""jpeg_quality"": 50}",false,,false,NO_DETECTION,true,,false,WRONG_PAYLOAD
A2clean_H_mask6_seed44_b10,A2_RANDOM,H,6,10,9,0.517,jpeg,JPEG_30,"{""jpeg_quality"": 30}",false,,false,NO_DETECTION,true,,false,WRONG_PAYLOAD
A2clean_H_mask6_seed44_b10,A2_RANDOM,H,6,10,9,0.517,rotation,ROT_M10,"{""angle_deg"": -10, ""background"": ""white"", ""canvas"": ""expanded""}",false,,false,NO_DETECTION,true,,false,WRONG_PAYLOAD
A2clean_H_mask6_seed44_b10,A2_RANDOM,H,6,10,9,0.517,rotation,ROT_M5,"{""angle_deg"": -5, ""background"": ""white"", ""canvas"": ""expanded""}",false,,false,NO_DETECTION,true,,false,WRONG_PAYLOAD
A2clean_H_mask6_seed44_b10,A2_RANDOM,H,6,10,9,0.517,rotation,ROT_M2,"{""angle_deg"": -2, ""background"": ""white"", ""canvas"": ""expanded""}",false,,false,NO_DETECTION,true,,false,WRONG_PAYLOAD
A2clean_H_mask6_seed44_b10,A2_RANDOM,H,6,10,9,0.517,rotation,ROT_P2,"{""angle_deg"": 2, ""background"": ""white"", ""canvas"": ""expanded""}",false,,false,NO_DETECTION,true,,false,WRONG_PAYLOAD
A2clean_H_mask6_seed44_b10,A2_RANDOM,H,6,10,9,0.517,rotation,ROT_P5,"{""angle_deg"": 5, ""background"": ""white"", ""canvas"": ""expanded""}",false,,false,NO_DETECTION,true,,false,WRONG_PAYLOAD
A2clean_H_mask6_seed44_b10,A2_RANDOM,H,6,10,9,0.517,rotation,ROT_P10,"{""angle_deg"": 10, ""background"": ""white"", ""canvas"": ""expanded""}",false,,false,NO_DETECTION,true,,false,WRONG_PAYLOAD
A2clean_H_mask6_seed44_b10,A2_RANDOM,H,6,10,9,0.517,perspective,PERSP_02,"{""background"": ""white"", ""magnitude"": 0.02, ""variant"": ""quad""}",false,,false,NO_DETECTION,true,,false,WRONG_PAYLOAD
A2clean_H_mask6_seed44_b10,A2_RANDOM,H,6,10,9,0.517,perspective,PERSP_05,"{""background"": ""white"", ""magnitude"": 0.05, ""variant"": ""quad""}",false,,false,NO_DETECTION,true,,false,WRONG_PAYLOAD
A2clean_H_mask6_seed44_b10,A2_RANDOM,H,6,10,9,0.517,perspective,PERSP_08,"{""background"": ""white"", ""magnitude"": 0.08, ""variant"": ""quad""}",false,,false,NO_DETECTION,true,,false,WRONG_PAYLOAD
A2clean_H_mask6_seed44_b10,A2_RANDOM,H,6,10,9,0.517,perspective,PERSP_12,"{""background"": ""white"", ""magnitude"": 0.12, ""variant"": ""quad""}",false,,false,NO_DETECTION,true,,false,WRONG_PAYLOAD
A2clean_H_mask6_seed44_b12,A2_RANDOM,H,6,12,11,0.5215,pristine,PRISTINE,{},false,,false,NO_DETECTION,true,,false,WRONG_PAYLOAD
A2clean_H_mask6_seed44_b12,A2_RANDOM,H,6,12,11,0.5215,resize,RESIZE_8,"{""interpolation"": ""area-downscale"", ""module_pitch"": 8}",false,,false,NO_DETECTION,true,,false,WRONG_PAYLOAD
A2clean_H_mask6_seed44_b12,A2_RANDOM,H,6,12,11,0.5215,resize,RESIZE_6,"{""interpolation"": ""area-downscale"", ""module_pitch"": 6}",false,,false,NO_DETECTION,true,,false,WRONG_PAYLOAD
A2clean_H_mask6_seed44_b12,A2_RANDOM,H,6,12,11,0.5215,resize,RESIZE_4,"{""interpolation"": ""area-downscale"", ""module_pitch"": 4}",false,,false,NO_DETECTION,true,,false,WRONG_PAYLOAD
A2clean_H_mask6_seed44_b12,A2_RANDOM,H,6,12,11,0.5215,resize,RESIZE_3,"{""interpolation"": ""area-downscale"", ""module_pitch"": 3}",false,,false,NO_DETECTION,true,,false,WRONG_PAYLOAD
A2clean_H_mask6_seed44_b12,A2_RANDOM,H,6,12,11,0.5215,resize,RESIZE_2,"{""interpolation"": ""area-downscale"", ""module_pitch"": 2}",false,,false,NO_DETECTION,true,,false,WRONG_PAYLOAD
A2clean_H_mask6_seed44_b12,A2_RANDOM,H,6,12,11,0.5215,blur,BLUR_50,"{""blur_sigma"": 0.5}",false,,false,NO_DETECTION,true,,false,WRONG_PAYLOAD
A2clean_H_mask6_seed44_b12,A2_RANDOM,H,6,12,11,0.5215,blur,BLUR_100,"{""blur_sigma"": 1.0}",false,,false,NO_DETECTION,true,,false,WRONG_PAYLOAD
A2clean_H_mask6_seed44_b12,A2_RANDOM,H,6,12,11,0.5215,blur,BLUR_150,"{""blur_sigma"": 1.5}",false,,false,NO_DETECTION,true,,false,WRONG_PAYLOAD
A2clean_H_mask6_seed44_b12,A2_RANDOM,H,6,12,11,0.5215,blur,BLUR_200,"{""blur_sigma"": 2.0}",false,,false,NO_DETECTION,true,,false,WRONG_PAYLOAD
A2clean_H_mask6_seed44_b12,A2_RANDOM,H,6,12,11,0.5215,jpeg,JPEG_95,"{""jpeg_quality"": 95}",false,,false,NO_DETECTION,true,,false,WRONG_PAYLOAD
A2clean_H_mask6_seed44_b12,A2_RANDOM,H,6,12,11,0.5215,jpeg,JPEG_85,"{""jpeg_quality"": 85}",false,,false,NO_DETECTION,true,,false,WRONG_PAYLOAD
A2clean_H_mask6_seed44_b12,A2_RANDOM,H,6,12,11,0.5215,jpeg,JPEG_70,"{""jpeg_quality"": 70}",false,,false,NO_DETECTION,true,,false,WRONG_PAYLOAD
A2clean_H_mask6_seed44_b12,A2_RANDOM,H,6,12,11,0.5215,jpeg,JPEG_50,"{""jpeg_quality"": 50}",false,,false,NO_DETECTION,true,,false,WRONG_PAYLOAD
A2clean_H_mask6_seed44_b12,A2_RANDOM,H,6,12,11,0.5215,jpeg,JPEG_30,"{""jpeg_quality"": 30}",false,,false,NO_DETECTION,true,,false,WRONG_PAYLOAD
A2clean_H_mask6_seed44_b12,A2_RANDOM,H,6,12,11,0.5215,rotation,ROT_M10,"{""angle_deg"": -10, ""background"": ""white"", ""canvas"": ""expanded""}",false,,false,NO_DETECTION,true,,false,WRONG_PAYLOAD
A2clean_H_mask6_seed44_b12,A2_RANDOM,H,6,12,11,0.5215,rotation,ROT_M5,"{""angle_deg"": -5, ""background"": ""white"", ""canvas"": ""expanded""}",false,,false,NO_DETECTION,true,,false,WRONG_PAYLOAD
A2clean_H_mask6_seed44_b12,A2_RANDOM,H,6,12,11,0.5215,rotation,ROT_M2,"{""angle_deg"": -2, ""background"": ""white"", ""canvas"": ""expanded""}",false,,false,NO_DETECTION,true,,false,WRONG_PAYLOAD
A2clean_H_mask6_seed44_b12,A2_RANDOM,H,6,12,11,0.5215,rotation,ROT_P2,"{""angle_deg"": 2, ""background"": ""white"", ""canvas"": ""expanded""}",false,,false,NO_DETECTION,true,,false,WRONG_PAYLOAD
A2clean_H_mask6_seed44_b12,A2_RANDOM,H,6,12,11,0.5215,rotation,ROT_P5,"{""angle_deg"": 5, ""background"": ""white"", ""canvas"": ""expanded""}",false,,false,NO_DETECTION,true,,false,WRONG_PAYLOAD
A2clean_H_mask6_seed44_b12,A2_RANDOM,H,6,12,11,0.5215,rotation,ROT_P10,"{""angle_deg"": 10, ""background"": ""white"", ""canvas"": ""expanded""}",false,,false,NO_DETECTION,true,,false,WRONG_PAYLOAD
A2clean_H_mask6_seed44_b12,A2_RANDOM,H,6,12,11,0.5215,perspective,PERSP_02,"{""background"": ""white"", ""magnitude"": 0.02, ""variant"": ""quad""}",false,,false,NO_DETECTION,true,,false,WRONG_PAYLOAD
A2clean_H_mask6_seed44_b12,A2_RANDOM,H,6,12,11,0.5215,perspective,PERSP_05,"{""background"": ""white"", ""magnitude"": 0.05, ""variant"": ""quad""}",false,,false,NO_DETECTION,true,,false,WRONG_PAYLOAD
A2clean_H_mask6_seed44_b12,A2_RANDOM,H,6,12,11,0.5215,perspective,PERSP_08,"{""background"": ""white"", ""magnitude"": 0.08, ""variant"": ""quad""}",false,,false,NO_DETECTION,true,,false,WRONG_PAYLOAD
A2clean_H_mask6_seed44_b12,A2_RANDOM,H,6,12,11,0.5215,perspective,PERSP_12,"{""background"": ""white"", ""magnitude"": 0.12, ""variant"": ""quad""}",false,,false,NO_DETECTION,true,,false,WRONG_PAYLOAD
A2clean_H_mask6_seed45_b8,A2_RANDOM,H,6,8,7,0.5125,pristine,PRISTINE,{},true,g.co,true,EXACT,true,g.co,true,EXACT
A2clean_H_mask6_seed45_b8,A2_RANDOM,H,6,8,7,0.5125,resize,RESIZE_8,"{""interpolation"": ""area-downscale"", ""module_pitch"": 8}",true,g.co,true,EXACT,true,g.co,true,EXACT
A2clean_H_mask6_seed45_b8,A2_RANDOM,H,6,8,7,0.5125,resize,RESIZE_6,"{""interpolation"": ""area-downscale"", ""module_pitch"": 6}",true,g.co,true,EXACT,true,g.co,true,EXACT
A2clean_H_mask6_seed45_b8,A2_RANDOM,H,6,8,7,0.5125,resize,RESIZE_4,"{""interpolation"": ""area-downscale"", ""module_pitch"": 4}",true,g.co,true,EXACT,true,g.co,true,EXACT
A2clean_H_mask6_seed45_b8,A2_RANDOM,H,6,8,7,0.5125,resize,RESIZE_3,"{""interpolation"": ""area-downscale"", ""module_pitch"": 3}",true,g.co,true,EXACT,true,g.co,true,EXACT
A2clean_H_mask6_seed45_b8,A2_RANDOM,H,6,8,7,0.5125,resize,RESIZE_2,"{""interpolation"": ""area-downscale"", ""module_pitch"": 2}",true,g.co,true,EXACT,true,g.co,true,EXACT
A2clean_H_mask6_seed45_b8,A2_RANDOM,H,6,8,7,0.5125,blur,BLUR_50,"{""blur_sigma"": 0.5}",true,g.co,true,EXACT,true,g.co,true,EXACT
A2clean_H_mask6_seed45_b8,A2_RANDOM,H,6,8,7,0.5125,blur,BLUR_100,"{""blur_sigma"": 1.0}",true,g.co,true,EXACT,true,g.co,true,EXACT
A2clean_H_mask6_seed45_b8,A2_RANDOM,H,6,8,7,0.5125,blur,BLUR_150,"{""blur_sigma"": 1.5}",true,g.co,true,EXACT,true,g.co,true,EXACT
A2clean_H_mask6_seed45_b8,A2_RANDOM,H,6,8,7,0.5125,blur,BLUR_200,"{""blur_sigma"": 2.0}",true,g.co,true,EXACT,true,g.co,true,EXACT
A2clean_H_mask6_seed45_b8,A2_RANDOM,H,6,8,7,0.5125,jpeg,JPEG_95,"{""jpeg_quality"": 95}",true,g.co,true,EXACT,true,g.co,true,EXACT
A2clean_H_mask6_seed45_b8,A2_RANDOM,H,6,8,7,0.5125,jpeg,JPEG_85,"{""jpeg_quality"": 85}",true,g.co,true,EXACT,true,g.co,true,EXACT
A2clean_H_mask6_seed45_b8,A2_RANDOM,H,6,8,7,0.5125,jpeg,JPEG_70,"{""jpeg_quality"": 70}",true,g.co,true,EXACT,true,g.co,true,EXACT
A2clean_H_mask6_seed45_b8,A2_RANDOM,H,6,8,7,0.5125,jpeg,JPEG_50,"{""jpeg_quality"": 50}",true,g.co,true,EXACT,true,g.co,true,EXACT
A2clean_H_mask6_seed45_b8,A2_RANDOM,H,6,8,7,0.5125,jpeg,JPEG_30,"{""jpeg_quality"": 30}",true,g.co,true,EXACT,true,g.co,true,EXACT
A2clean_H_mask6_seed45_b8,A2_RANDOM,H,6,8,7,0.5125,rotation,ROT_M10,"{""angle_deg"": -10, ""background"": ""white"", ""canvas"": ""expanded""}",true,g.co,true,EXACT,true,g.co,true,EXACT
A2clean_H_mask6_seed45_b8,A2_RANDOM,H,6,8,7,0.5125,rotation,ROT_M5,"{""angle_deg"": -5, ""background"": ""white"", ""canvas"": ""expanded""}",true,g.co,true,EXACT,true,g.co,true,EXACT
A2clean_H_mask6_seed45_b8,A2_RANDOM,H,6,8,7,0.5125,rotation,ROT_M2,"{""angle_deg"": -2, ""background"": ""white"", ""canvas"": ""expanded""}",true,g.co,true,EXACT,true,g.co,true,EXACT
A2clean_H_mask6_seed45_b8,A2_RANDOM,H,6,8,7,0.5125,rotation,ROT_P2,"{""angle_deg"": 2, ""background"": ""white"", ""canvas"": ""expanded""}",true,g.co,true,EXACT,true,g.co,true,EXACT
A2clean_H_mask6_seed45_b8,A2_RANDOM,H,6,8,7,0.5125,rotation,ROT_P5,"{""angle_deg"": 5, ""background"": ""white"", ""canvas"": ""expanded""}",true,g.co,true,EXACT,true,g.co,true,EXACT
A2clean_H_mask6_seed45_b8,A2_RANDOM,H,6,8,7,0.5125,rotation,ROT_P10,"{""angle_deg"": 10, ""background"": ""white"", ""canvas"": ""expanded""}",true,g.co,true,EXACT,true,g.co,true,EXACT
A2clean_H_mask6_seed45_b8,A2_RANDOM,H,6,8,7,0.5125,perspective,PERSP_02,"{""background"": ""white"", ""magnitude"": 0.02, ""variant"": ""quad""}",true,g.co,true,EXACT,true,g.co,true,EXACT
A2clean_H_mask6_seed45_b8,A2_RANDOM,H,6,8,7,0.5125,perspective,PERSP_05,"{""background"": ""white"", ""magnitude"": 0.05, ""variant"": ""quad""}",false,,false,NO_DETECTION,true,g.co,true,EXACT
A2clean_H_mask6_seed45_b8,A2_RANDOM,H,6,8,7,0.5125,perspective,PERSP_08,"{""background"": ""white"", ""magnitude"": 0.08, ""variant"": ""quad""}",false,,false,NO_DETECTION,true,g.co,true,EXACT
A2clean_H_mask6_seed45_b8,A2_RANDOM,H,6,8,7,0.5125,perspective,PERSP_12,"{""background"": ""white"", ""magnitude"": 0.12, ""variant"": ""quad""}",false,,false,NO_DETECTION,true,g.co,true,EXACT
A2clean_H_mask6_seed45_b10,A2_RANDOM,H,6,10,7,0.517,pristine,PRISTINE,{},true,g.co,true,EXACT,true,g.co,true,EXACT
A2clean_H_mask6_seed45_b10,A2_RANDOM,H,6,10,7,0.517,resize,RESIZE_8,"{""interpolation"": ""area-downscale"", ""module_pitch"": 8}",true,g.co,true,EXACT,true,g.co,true,EXACT
A2clean_H_mask6_seed45_b10,A2_RANDOM,H,6,10,7,0.517,resize,RESIZE_6,"{""interpolation"": ""area-downscale"", ""module_pitch"": 6}",true,g.co,true,EXACT,true,g.co,true,EXACT
A2clean_H_mask6_seed45_b10,A2_RANDOM,H,6,10,7,0.517,resize,RESIZE_4,"{""interpolation"": ""area-downscale"", ""module_pitch"": 4}",true,g.co,true,EXACT,true,g.co,true,EXACT
A2clean_H_mask6_seed45_b10,A2_RANDOM,H,6,10,7,0.517,resize,RESIZE_3,"{""interpolation"": ""area-downscale"", ""module_pitch"": 3}",true,g.co,true,EXACT,true,g.co,true,EXACT
A2clean_H_mask6_seed45_b10,A2_RANDOM,H,6,10,7,0.517,resize,RESIZE_2,"{""interpolation"": ""area-downscale"", ""module_pitch"": 2}",true,g.co,true,EXACT,true,g.co,true,EXACT
A2clean_H_mask6_seed45_b10,A2_RANDOM,H,6,10,7,0.517,blur,BLUR_50,"{""blur_sigma"": 0.5}",true,g.co,true,EXACT,true,g.co,true,EXACT
A2clean_H_mask6_seed45_b10,A2_RANDOM,H,6,10,7,0.517,blur,BLUR_100,"{""blur_sigma"": 1.0}",true,g.co,true,EXACT,true,g.co,true,EXACT
A2clean_H_mask6_seed45_b10,A2_RANDOM,H,6,10,7,0.517,blur,BLUR_150,"{""blur_sigma"": 1.5}",true,g.co,true,EXACT,true,g.co,true,EXACT
A2clean_H_mask6_seed45_b10,A2_RANDOM,H,6,10,7,0.517,blur,BLUR_200,"{""blur_sigma"": 2.0}",true,g.co,true,EXACT,true,g.co,true,EXACT
A2clean_H_mask6_seed45_b10,A2_RANDOM,H,6,10,7,0.517,jpeg,JPEG_95,"{""jpeg_quality"": 95}",true,g.co,true,EXACT,true,g.co,true,EXACT
A2clean_H_mask6_seed45_b10,A2_RANDOM,H,6,10,7,0.517,jpeg,JPEG_85,"{""jpeg_quality"": 85}",true,g.co,true,EXACT,true,g.co,true,EXACT
A2clean_H_mask6_seed45_b10,A2_RANDOM,H,6,10,7,0.517,jpeg,JPEG_70,"{""jpeg_quality"": 70}",true,g.co,true,EXACT,true,g.co,true,EXACT
A2clean_H_mask6_seed45_b10,A2_RANDOM,H,6,10,7,0.517,jpeg,JPEG_50,"{""jpeg_quality"": 50}",true,g.co,true,EXACT,true,g.co,true,EXACT
A2clean_H_mask6_seed45_b10,A2_RANDOM,H,6,10,7,0.517,jpeg,JPEG_30,"{""jpeg_quality"": 30}",true,g.co,true,EXACT,true,g.co,true,EXACT
A2clean_H_mask6_seed45_b10,A2_RANDOM,H,6,10,7,0.517,rotation,ROT_M10,"{""angle_deg"": -10, ""background"": ""white"", ""canvas"": ""expanded""}",true,g.co,true,EXACT,true,g.co,true,EXACT
A2clean_H_mask6_seed45_b10,A2_RANDOM,H,6,10,7,0.517,rotation,ROT_M5,"{""angle_deg"": -5, ""background"": ""white"", ""canvas"": ""expanded""}",true,g.co,true,EXACT,true,g.co,true,EXACT
A2clean_H_mask6_seed45_b10,A2_RANDOM,H,6,10,7,0.517,rotation,ROT_M2,"{""angle_deg"": -2, ""background"": ""white"", ""canvas"": ""expanded""}",true,g.co,true,EXACT,true,g.co,true,EXACT
A2clean_H_mask6_seed45_b10,A2_RANDOM,H,6,10,7,0.517,rotation,ROT_P2,"{""angle_deg"": 2, ""background"": ""white"", ""canvas"": ""expanded""}",true,g.co,true,EXACT,true,g.co,true,EXACT
A2clean_H_mask6_seed45_b10,A2_RANDOM,H,6,10,7,0.517,rotation,ROT_P5,"{""angle_deg"": 5, ""background"": ""white"", ""canvas"": ""expanded""}",true,g.co,true,EXACT,true,g.co,true,EXACT
A2clean_H_mask6_seed45_b10,A2_RANDOM,H,6,10,7,0.517,rotation,ROT_P10,"{""angle_deg"": 10, ""background"": ""white"", ""canvas"": ""expanded""}",true,g.co,true,EXACT,true,g.co,true,EXACT
A2clean_H_mask6_seed45_b10,A2_RANDOM,H,6,10,7,0.517,perspective,PERSP_02,"{""background"": ""white"", ""magnitude"": 0.02, ""variant"": ""quad""}",true,g.co,true,EXACT,true,g.co,true,EXACT
A2clean_H_mask6_seed45_b10,A2_RANDOM,H,6,10,7,0.517,perspective,PERSP_05,"{""background"": ""white"", ""magnitude"": 0.05, ""variant"": ""quad""}",false,,false,NO_DETECTION,true,g.co,true,EXACT
A2clean_H_mask6_seed45_b10,A2_RANDOM,H,6,10,7,0.517,perspective,PERSP_08,"{""background"": ""white"", ""magnitude"": 0.08, ""variant"": ""quad""}",false,,false,NO_DETECTION,true,g.co,true,EXACT
A2clean_H_mask6_seed45_b10,A2_RANDOM,H,6,10,7,0.517,perspective,PERSP_12,"{""background"": ""white"", ""magnitude"": 0.12, ""variant"": ""quad""}",false,,false,NO_DETECTION,true,g.co,true,EXACT
A2clean_H_mask6_seed45_b12,A2_RANDOM,H,6,12,9,0.5215,pristine,PRISTINE,{},false,,false,NO_DETECTION,true,,false,WRONG_PAYLOAD
A2clean_H_mask6_seed45_b12,A2_RANDOM,H,6,12,9,0.5215,resize,RESIZE_8,"{""interpolation"": ""area-downscale"", ""module_pitch"": 8}",false,,false,NO_DETECTION,true,,false,WRONG_PAYLOAD
A2clean_H_mask6_seed45_b12,A2_RANDOM,H,6,12,9,0.5215,resize,RESIZE_6,"{""interpolation"": ""area-downscale"", ""module_pitch"": 6}",false,,false,NO_DETECTION,true,,false,WRONG_PAYLOAD
A2clean_H_mask6_seed45_b12,A2_RANDOM,H,6,12,9,0.5215,resize,RESIZE_4,"{""interpolation"": ""area-downscale"", ""module_pitch"": 4}",false,,false,NO_DETECTION,true,,false,WRONG_PAYLOAD
A2clean_H_mask6_seed45_b12,A2_RANDOM,H,6,12,9,0.5215,resize,RESIZE_3,"{""interpolation"": ""area-downscale"", ""module_pitch"": 3}",false,,false,NO_DETECTION,true,,false,WRONG_PAYLOAD
A2clean_H_mask6_seed45_b12,A2_RANDOM,H,6,12,9,0.5215,resize,RESIZE_2,"{""interpolation"": ""area-downscale"", ""module_pitch"": 2}",false,,false,NO_DETECTION,true,,false,WRONG_PAYLOAD
A2clean_H_mask6_seed45_b12,A2_RANDOM,H,6,12,9,0.5215,blur,BLUR_50,"{""blur_sigma"": 0.5}",false,,false,NO_DETECTION,true,,false,WRONG_PAYLOAD
A2clean_H_mask6_seed45_b12,A2_RANDOM,H,6,12,9,0.5215,blur,BLUR_100,"{""blur_sigma"": 1.0}",false,,false,NO_DETECTION,true,,false,WRONG_PAYLOAD
A2clean_H_mask6_seed45_b12,A2_RANDOM,H,6,12,9,0.5215,blur,BLUR_150,"{""blur_sigma"": 1.5}",false,,false,NO_DETECTION,true,,false,WRONG_PAYLOAD
A2clean_H_mask6_seed45_b12,A2_RANDOM,H,6,12,9,0.5215,blur,BLUR_200,"{""blur_sigma"": 2.0}",false,,false,NO_DETECTION,true,,false,WRONG_PAYLOAD
A2clean_H_mask6_seed45_b12,A2_RANDOM,H,6,12,9,0.5215,jpeg,JPEG_95,"{""jpeg_quality"": 95}",false,,false,NO_DETECTION,true,,false,WRONG_PAYLOAD
A2clean_H_mask6_seed45_b12,A2_RANDOM,H,6,12,9,0.5215,jpeg,JPEG_85,"{""jpeg_quality"": 85}",false,,false,NO_DETECTION,true,,false,WRONG_PAYLOAD
A2clean_H_mask6_seed45_b12,A2_RANDOM,H,6,12,9,0.5215,jpeg,JPEG_70,"{""jpeg_quality"": 70}",false,,false,NO_DETECTION,true,,false,WRONG_PAYLOAD
A2clean_H_mask6_seed45_b12,A2_RANDOM,H,6,12,9,0.5215,jpeg,JPEG_50,"{""jpeg_quality"": 50}",false,,false,NO_DETECTION,true,,false,WRONG_PAYLOAD
A2clean_H_mask6_seed45_b12,A2_RANDOM,H,6,12,9,0.5215,jpeg,JPEG_30,"{""jpeg_quality"": 30}",false,,false,NO_DETECTION,true,,false,WRONG_PAYLOAD
A2clean_H_mask6_seed45_b12,A2_RANDOM,H,6,12,9,0.5215,rotation,ROT_M10,"{""angle_deg"": -10, ""background"": ""white"", ""canvas"": ""expanded""}",false,,false,NO_DETECTION,true,,false,WRONG_PAYLOAD
A2clean_H_mask6_seed45_b12,A2_RANDOM,H,6,12,9,0.5215,rotation,ROT_M5,"{""angle_deg"": -5, ""background"": ""white"", ""canvas"": ""expanded""}",false,,false,NO_DETECTION,true,,false,WRONG_PAYLOAD
A2clean_H_mask6_seed45_b12,A2_RANDOM,H,6,12,9,0.5215,rotation,ROT_M2,"{""angle_deg"": -2, ""background"": ""white"", ""canvas"": ""expanded""}",false,,false,NO_DETECTION,true,,false,WRONG_PAYLOAD
A2clean_H_mask6_seed45_b12,A2_RANDOM,H,6,12,9,0.5215,rotation,ROT_P2,"{""angle_deg"": 2, ""background"": ""white"", ""canvas"": ""expanded""}",false,,false,NO_DETECTION,true,,false,WRONG_PAYLOAD
A2clean_H_mask6_seed45_b12,A2_RANDOM,H,6,12,9,0.5215,rotation,ROT_P5,"{""angle_deg"": 5, ""background"": ""white"", ""canvas"": ""expanded""}",false,,false,NO_DETECTION,true,,false,WRONG_PAYLOAD
A2clean_H_mask6_seed45_b12,A2_RANDOM,H,6,12,9,0.5215,rotation,ROT_P10,"{""angle_deg"": 10, ""background"": ""white"", ""canvas"": ""expanded""}",false,,false,NO_DETECTION,true,,false,WRONG_PAYLOAD
A2clean_H_mask6_seed45_b12,A2_RANDOM,H,6,12,9,0.5215,perspective,PERSP_02,"{""background"": ""white"", ""magnitude"": 0.02, ""variant"": ""quad""}",false,,false,NO_DETECTION,true,,false,WRONG_PAYLOAD
A2clean_H_mask6_seed45_b12,A2_RANDOM,H,6,12,9,0.5215,perspective,PERSP_05,"{""background"": ""white"", ""magnitude"": 0.05, ""variant"": ""quad""}",false,,false,NO_DETECTION,true,,false,WRONG_PAYLOAD
A2clean_H_mask6_seed45_b12,A2_RANDOM,H,6,12,9,0.5215,perspective,PERSP_08,"{""background"": ""white"", ""magnitude"": 0.08, ""variant"": ""quad""}",false,,false,NO_DETECTION,true,,false,WRONG_PAYLOAD
A2clean_H_mask6_seed45_b12,A2_RANDOM,H,6,12,9,0.5215,perspective,PERSP_12,"{""background"": ""white"", ""magnitude"": 0.12, ""variant"": ""quad""}",false,,false,NO_DETECTION,true,,false,WRONG_PAYLOAD
A2clean_H_mask6_seed46_b8,A2_RANDOM,H,6,8,8,0.5125,pristine,PRISTINE,{},true,g.co,true,EXACT,true,g.co,true,EXACT
A2clean_H_mask6_seed46_b8,A2_RANDOM,H,6,8,8,0.5125,resize,RESIZE_8,"{""interpolation"": ""area-downscale"", ""module_pitch"": 8}",true,g.co,true,EXACT,true,g.co,true,EXACT
A2clean_H_mask6_seed46_b8,A2_RANDOM,H,6,8,8,0.5125,resize,RESIZE_6,"{""interpolation"": ""area-downscale"", ""module_pitch"": 6}",true,g.co,true,EXACT,true,g.co,true,EXACT
A2clean_H_mask6_seed46_b8,A2_RANDOM,H,6,8,8,0.5125,resize,RESIZE_4,"{""interpolation"": ""area-downscale"", ""module_pitch"": 4}",true,g.co,true,EXACT,true,g.co,true,EXACT
A2clean_H_mask6_seed46_b8,A2_RANDOM,H,6,8,8,0.5125,resize,RESIZE_3,"{""interpolation"": ""area-downscale"", ""module_pitch"": 3}",true,g.co,true,EXACT,true,g.co,true,EXACT
A2clean_H_mask6_seed46_b8,A2_RANDOM,H,6,8,8,0.5125,resize,RESIZE_2,"{""interpolation"": ""area-downscale"", ""module_pitch"": 2}",true,g.co,true,EXACT,true,g.co,true,EXACT
A2clean_H_mask6_seed46_b8,A2_RANDOM,H,6,8,8,0.5125,blur,BLUR_50,"{""blur_sigma"": 0.5}",true,g.co,true,EXACT,true,g.co,true,EXACT
A2clean_H_mask6_seed46_b8,A2_RANDOM,H,6,8,8,0.5125,blur,BLUR_100,"{""blur_sigma"": 1.0}",true,g.co,true,EXACT,true,g.co,true,EXACT
A2clean_H_mask6_seed46_b8,A2_RANDOM,H,6,8,8,0.5125,blur,BLUR_150,"{""blur_sigma"": 1.5}",true,g.co,true,EXACT,true,g.co,true,EXACT
A2clean_H_mask6_seed46_b8,A2_RANDOM,H,6,8,8,0.5125,blur,BLUR_200,"{""blur_sigma"": 2.0}",true,g.co,true,EXACT,true,g.co,true,EXACT
A2clean_H_mask6_seed46_b8,A2_RANDOM,H,6,8,8,0.5125,jpeg,JPEG_95,"{""jpeg_quality"": 95}",true,g.co,true,EXACT,true,g.co,true,EXACT
A2clean_H_mask6_seed46_b8,A2_RANDOM,H,6,8,8,0.5125,jpeg,JPEG_85,"{""jpeg_quality"": 85}",true,g.co,true,EXACT,true,g.co,true,EXACT
A2clean_H_mask6_seed46_b8,A2_RANDOM,H,6,8,8,0.5125,jpeg,JPEG_70,"{""jpeg_quality"": 70}",true,g.co,true,EXACT,true,g.co,true,EXACT
A2clean_H_mask6_seed46_b8,A2_RANDOM,H,6,8,8,0.5125,jpeg,JPEG_50,"{""jpeg_quality"": 50}",true,g.co,true,EXACT,true,g.co,true,EXACT
A2clean_H_mask6_seed46_b8,A2_RANDOM,H,6,8,8,0.5125,jpeg,JPEG_30,"{""jpeg_quality"": 30}",true,g.co,true,EXACT,true,g.co,true,EXACT
A2clean_H_mask6_seed46_b8,A2_RANDOM,H,6,8,8,0.5125,rotation,ROT_M10,"{""angle_deg"": -10, ""background"": ""white"", ""canvas"": ""expanded""}",true,g.co,true,EXACT,true,g.co,true,EXACT
A2clean_H_mask6_seed46_b8,A2_RANDOM,H,6,8,8,0.5125,rotation,ROT_M5,"{""angle_deg"": -5, ""background"": ""white"", ""canvas"": ""expanded""}",true,g.co,true,EXACT,true,g.co,true,EXACT
A2clean_H_mask6_seed46_b8,A2_RANDOM,H,6,8,8,0.5125,rotation,ROT_M2,"{""angle_deg"": -2, ""background"": ""white"", ""canvas"": ""expanded""}",true,g.co,true,EXACT,true,g.co,true,EXACT
A2clean_H_mask6_seed46_b8,A2_RANDOM,H,6,8,8,0.5125,rotation,ROT_P2,"{""angle_deg"": 2, ""background"": ""white"", ""canvas"": ""expanded""}",true,g.co,true,EXACT,true,g.co,true,EXACT
A2clean_H_mask6_seed46_b8,A2_RANDOM,H,6,8,8,0.5125,rotation,ROT_P5,"{""angle_deg"": 5, ""background"": ""white"", ""canvas"": ""expanded""}",true,g.co,true,EXACT,true,g.co,true,EXACT
A2clean_H_mask6_seed46_b8,A2_RANDOM,H,6,8,8,0.5125,rotation,ROT_P10,"{""angle_deg"": 10, ""background"": ""white"", ""canvas"": ""expanded""}",true,g.co,true,EXACT,true,g.co,true,EXACT
A2clean_H_mask6_seed46_b8,A2_RANDOM,H,6,8,8,0.5125,perspective,PERSP_02,"{""background"": ""white"", ""magnitude"": 0.02, ""variant"": ""quad""}",true,g.co,true,EXACT,true,g.co,true,EXACT
A2clean_H_mask6_seed46_b8,A2_RANDOM,H,6,8,8,0.5125,perspective,PERSP_05,"{""background"": ""white"", ""magnitude"": 0.05, ""variant"": ""quad""}",false,,false,NO_DETECTION,true,g.co,true,EXACT
A2clean_H_mask6_seed46_b8,A2_RANDOM,H,6,8,8,0.5125,perspective,PERSP_08,"{""background"": ""white"", ""magnitude"": 0.08, ""variant"": ""quad""}",false,,false,NO_DETECTION,true,g.co,true,EXACT
A2clean_H_mask6_seed46_b8,A2_RANDOM,H,6,8,8,0.5125,perspective,PERSP_12,"{""background"": ""white"", ""magnitude"": 0.12, ""variant"": ""quad""}",false,,false,NO_DETECTION,true,g.co,true,EXACT
A2clean_H_mask6_seed46_b10,A2_RANDOM,H,6,10,10,0.517,pristine,PRISTINE,{},false,,false,NO_DETECTION,true,,false,WRONG_PAYLOAD
A2clean_H_mask6_seed46_b10,A2_RANDOM,H,6,10,10,0.517,resize,RESIZE_8,"{""interpolation"": ""area-downscale"", ""module_pitch"": 8}",false,,false,NO_DETECTION,true,,false,WRONG_PAYLOAD
A2clean_H_mask6_seed46_b10,A2_RANDOM,H,6,10,10,0.517,resize,RESIZE_6,"{""interpolation"": ""area-downscale"", ""module_pitch"": 6}",false,,false,NO_DETECTION,true,,false,WRONG_PAYLOAD
A2clean_H_mask6_seed46_b10,A2_RANDOM,H,6,10,10,0.517,resize,RESIZE_4,"{""interpolation"": ""area-downscale"", ""module_pitch"": 4}",false,,false,NO_DETECTION,true,,false,WRONG_PAYLOAD
A2clean_H_mask6_seed46_b10,A2_RANDOM,H,6,10,10,0.517,resize,RESIZE_3,"{""interpolation"": ""area-downscale"", ""module_pitch"": 3}",false,,false,NO_DETECTION,true,,false,WRONG_PAYLOAD
A2clean_H_mask6_seed46_b10,A2_RANDOM,H,6,10,10,0.517,resize,RESIZE_2,"{""interpolation"": ""area-downscale"", ""module_pitch"": 2}",false,,false,NO_DETECTION,true,,false,WRONG_PAYLOAD
A2clean_H_mask6_seed46_b10,A2_RANDOM,H,6,10,10,0.517,blur,BLUR_50,"{""blur_sigma"": 0.5}",false,,false,NO_DETECTION,true,,false,WRONG_PAYLOAD
A2clean_H_mask6_seed46_b10,A2_RANDOM,H,6,10,10,0.517,blur,BLUR_100,"{""blur_sigma"": 1.0}",false,,false,NO_DETECTION,true,,false,WRONG_PAYLOAD
A2clean_H_mask6_seed46_b10,A2_RANDOM,H,6,10,10,0.517,blur,BLUR_150,"{""blur_sigma"": 1.5}",false,,false,NO_DETECTION,true,,false,WRONG_PAYLOAD
A2clean_H_mask6_seed46_b10,A2_RANDOM,H,6,10,10,0.517,blur,BLUR_200,"{""blur_sigma"": 2.0}",false,,false,NO_DETECTION,true,,false,WRONG_PAYLOAD
A2clean_H_mask6_seed46_b10,A2_RANDOM,H,6,10,10,0.517,jpeg,JPEG_95,"{""jpeg_quality"": 95}",false,,false,NO_DETECTION,true,,false,WRONG_PAYLOAD
A2clean_H_mask6_seed46_b10,A2_RANDOM,H,6,10,10,0.517,jpeg,JPEG_85,"{""jpeg_quality"": 85}",false,,false,NO_DETECTION,true,,false,WRONG_PAYLOAD
A2clean_H_mask6_seed46_b10,A2_RANDOM,H,6,10,10,0.517,jpeg,JPEG_70,"{""jpeg_quality"": 70}",false,,false,NO_DETECTION,true,,false,WRONG_PAYLOAD
A2clean_H_mask6_seed46_b10,A2_RANDOM,H,6,10,10,0.517,jpeg,JPEG_50,"{""jpeg_quality"": 50}",false,,false,NO_DETECTION,true,,false,WRONG_PAYLOAD
A2clean_H_mask6_seed46_b10,A2_RANDOM,H,6,10,10,0.517,jpeg,JPEG_30,"{""jpeg_quality"": 30}",false,,false,NO_DETECTION,true,,false,WRONG_PAYLOAD
A2clean_H_mask6_seed46_b10,A2_RANDOM,H,6,10,10,0.517,rotation,ROT_M10,"{""angle_deg"": -10, ""background"": ""white"", ""canvas"": ""expanded""}",false,,false,NO_DETECTION,true,,false,WRONG_PAYLOAD
A2clean_H_mask6_seed46_b10,A2_RANDOM,H,6,10,10,0.517,rotation,ROT_M5,"{""angle_deg"": -5, ""background"": ""white"", ""canvas"": ""expanded""}",false,,false,NO_DETECTION,true,,false,WRONG_PAYLOAD
A2clean_H_mask6_seed46_b10,A2_RANDOM,H,6,10,10,0.517,rotation,ROT_M2,"{""angle_deg"": -2, ""background"": ""white"", ""canvas"": ""expanded""}",false,,false,NO_DETECTION,true,,false,WRONG_PAYLOAD
A2clean_H_mask6_seed46_b10,A2_RANDOM,H,6,10,10,0.517,rotation,ROT_P2,"{""angle_deg"": 2, ""background"": ""white"", ""canvas"": ""expanded""}",false,,false,NO_DETECTION,true,,false,WRONG_PAYLOAD
A2clean_H_mask6_seed46_b10,A2_RANDOM,H,6,10,10,0.517,rotation,ROT_P5,"{""angle_deg"": 5, ""background"": ""white"", ""canvas"": ""expanded""}",false,,false,NO_DETECTION,true,,false,WRONG_PAYLOAD
A2clean_H_mask6_seed46_b10,A2_RANDOM,H,6,10,10,0.517,rotation,ROT_P10,"{""angle_deg"": 10, ""background"": ""white"", ""canvas"": ""expanded""}",false,,false,NO_DETECTION,true,,false,WRONG_PAYLOAD
A2clean_H_mask6_seed46_b10,A2_RANDOM,H,6,10,10,0.517,perspective,PERSP_02,"{""background"": ""white"", ""magnitude"": 0.02, ""variant"": ""quad""}",false,,false,NO_DETECTION,true,,false,WRONG_PAYLOAD
A2clean_H_mask6_seed46_b10,A2_RANDOM,H,6,10,10,0.517,perspective,PERSP_05,"{""background"": ""white"", ""magnitude"": 0.05, ""variant"": ""quad""}",false,,false,NO_DETECTION,true,,false,WRONG_PAYLOAD
A2clean_H_mask6_seed46_b10,A2_RANDOM,H,6,10,10,0.517,perspective,PERSP_08,"{""background"": ""white"", ""magnitude"": 0.08, ""variant"": ""quad""}",false,,false,NO_DETECTION,true,,false,WRONG_PAYLOAD
A2clean_H_mask6_seed46_b10,A2_RANDOM,H,6,10,10,0.517,perspective,PERSP_12,"{""background"": ""white"", ""magnitude"": 0.12, ""variant"": ""quad""}",false,,false,NO_DETECTION,true,,false,WRONG_PAYLOAD
A2clean_H_mask6_seed46_b12,A2_RANDOM,H,6,12,11,0.5215,pristine,PRISTINE,{},false,,false,NO_DETECTION,true,,false,WRONG_PAYLOAD
A2clean_H_mask6_seed46_b12,A2_RANDOM,H,6,12,11,0.5215,resize,RESIZE_8,"{""interpolation"": ""area-downscale"", ""module_pitch"": 8}",false,,false,NO_DETECTION,true,,false,WRONG_PAYLOAD
A2clean_H_mask6_seed46_b12,A2_RANDOM,H,6,12,11,0.5215,resize,RESIZE_6,"{""interpolation"": ""area-downscale"", ""module_pitch"": 6}",false,,false,NO_DETECTION,true,,false,WRONG_PAYLOAD
A2clean_H_mask6_seed46_b12,A2_RANDOM,H,6,12,11,0.5215,resize,RESIZE_4,"{""interpolation"": ""area-downscale"", ""module_pitch"": 4}",false,,false,NO_DETECTION,true,,false,WRONG_PAYLOAD
A2clean_H_mask6_seed46_b12,A2_RANDOM,H,6,12,11,0.5215,resize,RESIZE_3,"{""interpolation"": ""area-downscale"", ""module_pitch"": 3}",false,,false,NO_DETECTION,true,,false,WRONG_PAYLOAD
A2clean_H_mask6_seed46_b12,A2_RANDOM,H,6,12,11,0.5215,resize,RESIZE_2,"{""interpolation"": ""area-downscale"", ""module_pitch"": 2}",false,,false,NO_DETECTION,true,,false,WRONG_PAYLOAD
A2clean_H_mask6_seed46_b12,A2_RANDOM,H,6,12,11,0.5215,blur,BLUR_50,"{""blur_sigma"": 0.5}",false,,false,NO_DETECTION,true,,false,WRONG_PAYLOAD
A2clean_H_mask6_seed46_b12,A2_RANDOM,H,6,12,11,0.5215,blur,BLUR_100,"{""blur_sigma"": 1.0}",false,,false,NO_DETECTION,true,,false,WRONG_PAYLOAD
A2clean_H_mask6_seed46_b12,A2_RANDOM,H,6,12,11,0.5215,blur,BLUR_150,"{""blur_sigma"": 1.5}",false,,false,NO_DETECTION,true,,false,WRONG_PAYLOAD
A2clean_H_mask6_seed46_b12,A2_RANDOM,H,6,12,11,0.5215,blur,BLUR_200,"{""blur_sigma"": 2.0}",false,,false,NO_DETECTION,true,,false,WRONG_PAYLOAD
A2clean_H_mask6_seed46_b12,A2_RANDOM,H,6,12,11,0.5215,jpeg,JPEG_95,"{""jpeg_quality"": 95}",false,,false,NO_DETECTION,true,,false,WRONG_PAYLOAD
A2clean_H_mask6_seed46_b12,A2_RANDOM,H,6,12,11,0.5215,jpeg,JPEG_85,"{""jpeg_quality"": 85}",false,,false,NO_DETECTION,true,,false,WRONG_PAYLOAD
A2clean_H_mask6_seed46_b12,A2_RANDOM,H,6,12,11,0.5215,jpeg,JPEG_70,"{""jpeg_quality"": 70}",false,,false,NO_DETECTION,true,,false,WRONG_PAYLOAD
A2clean_H_mask6_seed46_b12,A2_RANDOM,H,6,12,11,0.5215,jpeg,JPEG_50,"{""jpeg_quality"": 50}",false,,false,NO_DETECTION,true,,false,WRONG_PAYLOAD
A2clean_H_mask6_seed46_b12,A2_RANDOM,H,6,12,11,0.5215,jpeg,JPEG_30,"{""jpeg_quality"": 30}",false,,false,NO_DETECTION,true,,false,WRONG_PAYLOAD
A2clean_H_mask6_seed46_b12,A2_RANDOM,H,6,12,11,0.5215,rotation,ROT_M10,"{""angle_deg"": -10, ""background"": ""white"", ""canvas"": ""expanded""}",false,,false,NO_DETECTION,true,,false,WRONG_PAYLOAD
A2clean_H_mask6_seed46_b12,A2_RANDOM,H,6,12,11,0.5215,rotation,ROT_M5,"{""angle_deg"": -5, ""background"": ""white"", ""canvas"": ""expanded""}",false,,false,NO_DETECTION,true,,false,WRONG_PAYLOAD
A2clean_H_mask6_seed46_b12,A2_RANDOM,H,6,12,11,0.5215,rotation,ROT_M2,"{""angle_deg"": -2, ""background"": ""white"", ""canvas"": ""expanded""}",false,,false,NO_DETECTION,true,,false,WRONG_PAYLOAD
A2clean_H_mask6_seed46_b12,A2_RANDOM,H,6,12,11,0.5215,rotation,ROT_P2,"{""angle_deg"": 2, ""background"": ""white"", ""canvas"": ""expanded""}",false,,false,NO_DETECTION,true,,false,WRONG_PAYLOAD
A2clean_H_mask6_seed46_b12,A2_RANDOM,H,6,12,11,0.5215,rotation,ROT_P5,"{""angle_deg"": 5, ""background"": ""white"", ""canvas"": ""expanded""}",false,,false,NO_DETECTION,true,,false,WRONG_PAYLOAD
A2clean_H_mask6_seed46_b12,A2_RANDOM,H,6,12,11,0.5215,rotation,ROT_P10,"{""angle_deg"": 10, ""background"": ""white"", ""canvas"": ""expanded""}",false,,false,NO_DETECTION,true,,false,WRONG_PAYLOAD
A2clean_H_mask6_seed46_b12,A2_RANDOM,H,6,12,11,0.5215,perspective,PERSP_02,"{""background"": ""white"", ""magnitude"": 0.02, ""variant"": ""quad""}",false,,false,NO_DETECTION,true,,false,WRONG_PAYLOAD
A2clean_H_mask6_seed46_b12,A2_RANDOM,H,6,12,11,0.5215,perspective,PERSP_05,"{""background"": ""white"", ""magnitude"": 0.05, ""variant"": ""quad""}",false,,false,NO_DETECTION,true,,false,WRONG_PAYLOAD
A2clean_H_mask6_seed46_b12,A2_RANDOM,H,6,12,11,0.5215,perspective,PERSP_08,"{""background"": ""white"", ""magnitude"": 0.08, ""variant"": ""quad""}",false,,false,NO_DETECTION,true,,false,WRONG_PAYLOAD
A2clean_H_mask6_seed46_b12,A2_RANDOM,H,6,12,11,0.5215,perspective,PERSP_12,"{""background"": ""white"", ""magnitude"": 0.12, ""variant"": ""quad""}",false,,false,NO_DETECTION,true,,false,WRONG_PAYLOAD
A3clean_H_mask6_packed_b0,A3_PACKED,H,6,0,0,0.4943,pristine,PRISTINE,{},true,g.co,true,EXACT,true,g.co,true,EXACT
A3clean_H_mask6_packed_b0,A3_PACKED,H,6,0,0,0.4943,resize,RESIZE_8,"{""interpolation"": ""area-downscale"", ""module_pitch"": 8}",true,g.co,true,EXACT,true,g.co,true,EXACT
A3clean_H_mask6_packed_b0,A3_PACKED,H,6,0,0,0.4943,resize,RESIZE_6,"{""interpolation"": ""area-downscale"", ""module_pitch"": 6}",true,g.co,true,EXACT,true,g.co,true,EXACT
A3clean_H_mask6_packed_b0,A3_PACKED,H,6,0,0,0.4943,resize,RESIZE_4,"{""interpolation"": ""area-downscale"", ""module_pitch"": 4}",true,g.co,true,EXACT,true,g.co,true,EXACT
A3clean_H_mask6_packed_b0,A3_PACKED,H,6,0,0,0.4943,resize,RESIZE_3,"{""interpolation"": ""area-downscale"", ""module_pitch"": 3}",true,g.co,true,EXACT,true,g.co,true,EXACT
A3clean_H_mask6_packed_b0,A3_PACKED,H,6,0,0,0.4943,resize,RESIZE_2,"{""interpolation"": ""area-downscale"", ""module_pitch"": 2}",true,g.co,true,EXACT,true,g.co,true,EXACT
A3clean_H_mask6_packed_b0,A3_PACKED,H,6,0,0,0.4943,blur,BLUR_50,"{""blur_sigma"": 0.5}",true,g.co,true,EXACT,true,g.co,true,EXACT
A3clean_H_mask6_packed_b0,A3_PACKED,H,6,0,0,0.4943,blur,BLUR_100,"{""blur_sigma"": 1.0}",true,g.co,true,EXACT,true,g.co,true,EXACT
A3clean_H_mask6_packed_b0,A3_PACKED,H,6,0,0,0.4943,blur,BLUR_150,"{""blur_sigma"": 1.5}",true,g.co,true,EXACT,true,g.co,true,EXACT
A3clean_H_mask6_packed_b0,A3_PACKED,H,6,0,0,0.4943,blur,BLUR_200,"{""blur_sigma"": 2.0}",true,g.co,true,EXACT,true,g.co,true,EXACT
A3clean_H_mask6_packed_b0,A3_PACKED,H,6,0,0,0.4943,jpeg,JPEG_95,"{""jpeg_quality"": 95}",true,g.co,true,EXACT,true,g.co,true,EXACT
A3clean_H_mask6_packed_b0,A3_PACKED,H,6,0,0,0.4943,jpeg,JPEG_85,"{""jpeg_quality"": 85}",true,g.co,true,EXACT,true,g.co,true,EXACT
A3clean_H_mask6_packed_b0,A3_PACKED,H,6,0,0,0.4943,jpeg,JPEG_70,"{""jpeg_quality"": 70}",true,g.co,true,EXACT,true,g.co,true,EXACT
A3clean_H_mask6_packed_b0,A3_PACKED,H,6,0,0,0.4943,jpeg,JPEG_50,"{""jpeg_quality"": 50}",true,g.co,true,EXACT,true,g.co,true,EXACT
A3clean_H_mask6_packed_b0,A3_PACKED,H,6,0,0,0.4943,jpeg,JPEG_30,"{""jpeg_quality"": 30}",true,g.co,true,EXACT,true,g.co,true,EXACT
A3clean_H_mask6_packed_b0,A3_PACKED,H,6,0,0,0.4943,rotation,ROT_M10,"{""angle_deg"": -10, ""background"": ""white"", ""canvas"": ""expanded""}",true,g.co,true,EXACT,true,g.co,true,EXACT
A3clean_H_mask6_packed_b0,A3_PACKED,H,6,0,0,0.4943,rotation,ROT_M5,"{""angle_deg"": -5, ""background"": ""white"", ""canvas"": ""expanded""}",true,g.co,true,EXACT,true,g.co,true,EXACT
A3clean_H_mask6_packed_b0,A3_PACKED,H,6,0,0,0.4943,rotation,ROT_M2,"{""angle_deg"": -2, ""background"": ""white"", ""canvas"": ""expanded""}",true,g.co,true,EXACT,true,g.co,true,EXACT
A3clean_H_mask6_packed_b0,A3_PACKED,H,6,0,0,0.4943,rotation,ROT_P2,"{""angle_deg"": 2, ""background"": ""white"", ""canvas"": ""expanded""}",true,g.co,true,EXACT,true,g.co,true,EXACT
A3clean_H_mask6_packed_b0,A3_PACKED,H,6,0,0,0.4943,rotation,ROT_P5,"{""angle_deg"": 5, ""background"": ""white"", ""canvas"": ""expanded""}",true,g.co,true,EXACT,true,g.co,true,EXACT
A3clean_H_mask6_packed_b0,A3_PACKED,H,6,0,0,0.4943,rotation,ROT_P10,"{""angle_deg"": 10, ""background"": ""white"", ""canvas"": ""expanded""}",true,g.co,true,EXACT,true,g.co,true,EXACT
A3clean_H_mask6_packed_b0,A3_PACKED,H,6,0,0,0.4943,perspective,PERSP_02,"{""background"": ""white"", ""magnitude"": 0.02, ""variant"": ""quad""}",true,g.co,true,EXACT,true,g.co,true,EXACT
A3clean_H_mask6_packed_b0,A3_PACKED,H,6,0,0,0.4943,perspective,PERSP_05,"{""background"": ""white"", ""magnitude"": 0.05, ""variant"": ""quad""}",false,,false,NO_DETECTION,true,g.co,true,EXACT
A3clean_H_mask6_packed_b0,A3_PACKED,H,6,0,0,0.4943,perspective,PERSP_08,"{""background"": ""white"", ""magnitude"": 0.08, ""variant"": ""quad""}",false,,false,NO_DETECTION,true,g.co,true,EXACT
A3clean_H_mask6_packed_b0,A3_PACKED,H,6,0,0,0.4943,perspective,PERSP_12,"{""background"": ""white"", ""magnitude"": 0.12, ""variant"": ""quad""}",false,,false,NO_DETECTION,true,g.co,true,EXACT
A3clean_H_mask6_packed_b1,A3_PACKED,H,6,1,1,0.4966,pristine,PRISTINE,{},true,g.co,true,EXACT,true,g.co,true,EXACT
A3clean_H_mask6_packed_b1,A3_PACKED,H,6,1,1,0.4966,resize,RESIZE_8,"{""interpolation"": ""area-downscale"", ""module_pitch"": 8}",true,g.co,true,EXACT,true,g.co,true,EXACT
A3clean_H_mask6_packed_b1,A3_PACKED,H,6,1,1,0.4966,resize,RESIZE_6,"{""interpolation"": ""area-downscale"", ""module_pitch"": 6}",true,g.co,true,EXACT,true,g.co,true,EXACT
A3clean_H_mask6_packed_b1,A3_PACKED,H,6,1,1,0.4966,resize,RESIZE_4,"{""interpolation"": ""area-downscale"", ""module_pitch"": 4}",true,g.co,true,EXACT,true,g.co,true,EXACT
A3clean_H_mask6_packed_b1,A3_PACKED,H,6,1,1,0.4966,resize,RESIZE_3,"{""interpolation"": ""area-downscale"", ""module_pitch"": 3}",true,g.co,true,EXACT,true,g.co,true,EXACT
A3clean_H_mask6_packed_b1,A3_PACKED,H,6,1,1,0.4966,resize,RESIZE_2,"{""interpolation"": ""area-downscale"", ""module_pitch"": 2}",true,g.co,true,EXACT,true,g.co,true,EXACT
A3clean_H_mask6_packed_b1,A3_PACKED,H,6,1,1,0.4966,blur,BLUR_50,"{""blur_sigma"": 0.5}",true,g.co,true,EXACT,true,g.co,true,EXACT
A3clean_H_mask6_packed_b1,A3_PACKED,H,6,1,1,0.4966,blur,BLUR_100,"{""blur_sigma"": 1.0}",true,g.co,true,EXACT,true,g.co,true,EXACT
A3clean_H_mask6_packed_b1,A3_PACKED,H,6,1,1,0.4966,blur,BLUR_150,"{""blur_sigma"": 1.5}",true,g.co,true,EXACT,true,g.co,true,EXACT
A3clean_H_mask6_packed_b1,A3_PACKED,H,6,1,1,0.4966,blur,BLUR_200,"{""blur_sigma"": 2.0}",true,g.co,true,EXACT,true,g.co,true,EXACT
A3clean_H_mask6_packed_b1,A3_PACKED,H,6,1,1,0.4966,jpeg,JPEG_95,"{""jpeg_quality"": 95}",true,g.co,true,EXACT,true,g.co,true,EXACT
A3clean_H_mask6_packed_b1,A3_PACKED,H,6,1,1,0.4966,jpeg,JPEG_85,"{""jpeg_quality"": 85}",true,g.co,true,EXACT,true,g.co,true,EXACT
A3clean_H_mask6_packed_b1,A3_PACKED,H,6,1,1,0.4966,jpeg,JPEG_70,"{""jpeg_quality"": 70}",true,g.co,true,EXACT,true,g.co,true,EXACT
A3clean_H_mask6_packed_b1,A3_PACKED,H,6,1,1,0.4966,jpeg,JPEG_50,"{""jpeg_quality"": 50}",true,g.co,true,EXACT,true,g.co,true,EXACT
A3clean_H_mask6_packed_b1,A3_PACKED,H,6,1,1,0.4966,jpeg,JPEG_30,"{""jpeg_quality"": 30}",true,g.co,true,EXACT,true,g.co,true,EXACT
A3clean_H_mask6_packed_b1,A3_PACKED,H,6,1,1,0.4966,rotation,ROT_M10,"{""angle_deg"": -10, ""background"": ""white"", ""canvas"": ""expanded""}",true,g.co,true,EXACT,true,g.co,true,EXACT
A3clean_H_mask6_packed_b1,A3_PACKED,H,6,1,1,0.4966,rotation,ROT_M5,"{""angle_deg"": -5, ""background"": ""white"", ""canvas"": ""expanded""}",true,g.co,true,EXACT,true,g.co,true,EXACT
A3clean_H_mask6_packed_b1,A3_PACKED,H,6,1,1,0.4966,rotation,ROT_M2,"{""angle_deg"": -2, ""background"": ""white"", ""canvas"": ""expanded""}",true,g.co,true,EXACT,true,g.co,true,EXACT
A3clean_H_mask6_packed_b1,A3_PACKED,H,6,1,1,0.4966,rotation,ROT_P2,"{""angle_deg"": 2, ""background"": ""white"", ""canvas"": ""expanded""}",true,g.co,true,EXACT,true,g.co,true,EXACT
A3clean_H_mask6_packed_b1,A3_PACKED,H,6,1,1,0.4966,rotation,ROT_P5,"{""angle_deg"": 5, ""background"": ""white"", ""canvas"": ""expanded""}",true,g.co,true,EXACT,true,g.co,true,EXACT
A3clean_H_mask6_packed_b1,A3_PACKED,H,6,1,1,0.4966,rotation,ROT_P10,"{""angle_deg"": 10, ""background"": ""white"", ""canvas"": ""expanded""}",true,g.co,true,EXACT,true,g.co,true,EXACT
A3clean_H_mask6_packed_b1,A3_PACKED,H,6,1,1,0.4966,perspective,PERSP_02,"{""background"": ""white"", ""magnitude"": 0.02, ""variant"": ""quad""}",true,g.co,true,EXACT,true,g.co,true,EXACT
A3clean_H_mask6_packed_b1,A3_PACKED,H,6,1,1,0.4966,perspective,PERSP_05,"{""background"": ""white"", ""magnitude"": 0.05, ""variant"": ""quad""}",false,,false,NO_DETECTION,true,g.co,true,EXACT
A3clean_H_mask6_packed_b1,A3_PACKED,H,6,1,1,0.4966,perspective,PERSP_08,"{""background"": ""white"", ""magnitude"": 0.08, ""variant"": ""quad""}",false,,false,NO_DETECTION,true,g.co,true,EXACT
A3clean_H_mask6_packed_b1,A3_PACKED,H,6,1,1,0.4966,perspective,PERSP_12,"{""background"": ""white"", ""magnitude"": 0.12, ""variant"": ""quad""}",false,,false,NO_DETECTION,true,g.co,true,EXACT
A3clean_H_mask6_packed_b2,A3_PACKED,H,6,2,1,0.4989,pristine,PRISTINE,{},true,g.co,true,EXACT,true,g.co,true,EXACT
A3clean_H_mask6_packed_b2,A3_PACKED,H,6,2,1,0.4989,resize,RESIZE_8,"{""interpolation"": ""area-downscale"", ""module_pitch"": 8}",true,g.co,true,EXACT,true,g.co,true,EXACT
A3clean_H_mask6_packed_b2,A3_PACKED,H,6,2,1,0.4989,resize,RESIZE_6,"{""interpolation"": ""area-downscale"", ""module_pitch"": 6}",true,g.co,true,EXACT,true,g.co,true,EXACT
A3clean_H_mask6_packed_b2,A3_PACKED,H,6,2,1,0.4989,resize,RESIZE_4,"{""interpolation"": ""area-downscale"", ""module_pitch"": 4}",true,g.co,true,EXACT,true,g.co,true,EXACT
A3clean_H_mask6_packed_b2,A3_PACKED,H,6,2,1,0.4989,resize,RESIZE_3,"{""interpolation"": ""area-downscale"", ""module_pitch"": 3}",true,g.co,true,EXACT,true,g.co,true,EXACT
A3clean_H_mask6_packed_b2,A3_PACKED,H,6,2,1,0.4989,resize,RESIZE_2,"{""interpolation"": ""area-downscale"", ""module_pitch"": 2}",true,g.co,true,EXACT,true,g.co,true,EXACT
A3clean_H_mask6_packed_b2,A3_PACKED,H,6,2,1,0.4989,blur,BLUR_50,"{""blur_sigma"": 0.5}",true,g.co,true,EXACT,true,g.co,true,EXACT
A3clean_H_mask6_packed_b2,A3_PACKED,H,6,2,1,0.4989,blur,BLUR_100,"{""blur_sigma"": 1.0}",true,g.co,true,EXACT,true,g.co,true,EXACT
A3clean_H_mask6_packed_b2,A3_PACKED,H,6,2,1,0.4989,blur,BLUR_150,"{""blur_sigma"": 1.5}",true,g.co,true,EXACT,true,g.co,true,EXACT
A3clean_H_mask6_packed_b2,A3_PACKED,H,6,2,1,0.4989,blur,BLUR_200,"{""blur_sigma"": 2.0}",true,g.co,true,EXACT,true,g.co,true,EXACT
A3clean_H_mask6_packed_b2,A3_PACKED,H,6,2,1,0.4989,jpeg,JPEG_95,"{""jpeg_quality"": 95}",true,g.co,true,EXACT,true,g.co,true,EXACT
A3clean_H_mask6_packed_b2,A3_PACKED,H,6,2,1,0.4989,jpeg,JPEG_85,"{""jpeg_quality"": 85}",true,g.co,true,EXACT,true,g.co,true,EXACT
A3clean_H_mask6_packed_b2,A3_PACKED,H,6,2,1,0.4989,jpeg,JPEG_70,"{""jpeg_quality"": 70}",true,g.co,true,EXACT,true,g.co,true,EXACT
A3clean_H_mask6_packed_b2,A3_PACKED,H,6,2,1,0.4989,jpeg,JPEG_50,"{""jpeg_quality"": 50}",true,g.co,true,EXACT,true,g.co,true,EXACT
A3clean_H_mask6_packed_b2,A3_PACKED,H,6,2,1,0.4989,jpeg,JPEG_30,"{""jpeg_quality"": 30}",true,g.co,true,EXACT,true,g.co,true,EXACT
A3clean_H_mask6_packed_b2,A3_PACKED,H,6,2,1,0.4989,rotation,ROT_M10,"{""angle_deg"": -10, ""background"": ""white"", ""canvas"": ""expanded""}",true,g.co,true,EXACT,true,g.co,true,EXACT
A3clean_H_mask6_packed_b2,A3_PACKED,H,6,2,1,0.4989,rotation,ROT_M5,"{""angle_deg"": -5, ""background"": ""white"", ""canvas"": ""expanded""}",true,g.co,true,EXACT,true,g.co,true,EXACT
A3clean_H_mask6_packed_b2,A3_PACKED,H,6,2,1,0.4989,rotation,ROT_M2,"{""angle_deg"": -2, ""background"": ""white"", ""canvas"": ""expanded""}",true,g.co,true,EXACT,true,g.co,true,EXACT
A3clean_H_mask6_packed_b2,A3_PACKED,H,6,2,1,0.4989,rotation,ROT_P2,"{""angle_deg"": 2, ""background"": ""white"", ""canvas"": ""expanded""}",true,g.co,true,EXACT,true,g.co,true,EXACT
A3clean_H_mask6_packed_b2,A3_PACKED,H,6,2,1,0.4989,rotation,ROT_P5,"{""angle_deg"": 5, ""background"": ""white"", ""canvas"": ""expanded""}",true,g.co,true,EXACT,true,g.co,true,EXACT
A3clean_H_mask6_packed_b2,A3_PACKED,H,6,2,1,0.4989,rotation,ROT_P10,"{""angle_deg"": 10, ""background"": ""white"", ""canvas"": ""expanded""}",true,g.co,true,EXACT,true,g.co,true,EXACT
A3clean_H_mask6_packed_b2,A3_PACKED,H,6,2,1,0.4989,perspective,PERSP_02,"{""background"": ""white"", ""magnitude"": 0.02, ""variant"": ""quad""}",true,g.co,true,EXACT,true,g.co,true,EXACT
A3clean_H_mask6_packed_b2,A3_PACKED,H,6,2,1,0.4989,perspective,PERSP_05,"{""background"": ""white"", ""magnitude"": 0.05, ""variant"": ""quad""}",false,,false,NO_DETECTION,true,g.co,true,EXACT
A3clean_H_mask6_packed_b2,A3_PACKED,H,6,2,1,0.4989,perspective,PERSP_08,"{""background"": ""white"", ""magnitude"": 0.08, ""variant"": ""quad""}",false,,false,NO_DETECTION,true,g.co,true,EXACT
A3clean_H_mask6_packed_b2,A3_PACKED,H,6,2,1,0.4989,perspective,PERSP_12,"{""background"": ""white"", ""magnitude"": 0.12, ""variant"": ""quad""}",false,,false,NO_DETECTION,true,g.co,true,EXACT
A3clean_H_mask6_packed_b3,A3_PACKED,H,6,3,1,0.5011,pristine,PRISTINE,{},true,g.co,true,EXACT,true,g.co,true,EXACT
A3clean_H_mask6_packed_b3,A3_PACKED,H,6,3,1,0.5011,resize,RESIZE_8,"{""interpolation"": ""area-downscale"", ""module_pitch"": 8}",true,g.co,true,EXACT,true,g.co,true,EXACT
A3clean_H_mask6_packed_b3,A3_PACKED,H,6,3,1,0.5011,resize,RESIZE_6,"{""interpolation"": ""area-downscale"", ""module_pitch"": 6}",true,g.co,true,EXACT,true,g.co,true,EXACT
A3clean_H_mask6_packed_b3,A3_PACKED,H,6,3,1,0.5011,resize,RESIZE_4,"{""interpolation"": ""area-downscale"", ""module_pitch"": 4}",true,g.co,true,EXACT,true,g.co,true,EXACT
A3clean_H_mask6_packed_b3,A3_PACKED,H,6,3,1,0.5011,resize,RESIZE_3,"{""interpolation"": ""area-downscale"", ""module_pitch"": 3}",true,g.co,true,EXACT,true,g.co,true,EXACT
A3clean_H_mask6_packed_b3,A3_PACKED,H,6,3,1,0.5011,resize,RESIZE_2,"{""interpolation"": ""area-downscale"", ""module_pitch"": 2}",true,g.co,true,EXACT,true,g.co,true,EXACT
A3clean_H_mask6_packed_b3,A3_PACKED,H,6,3,1,0.5011,blur,BLUR_50,"{""blur_sigma"": 0.5}",true,g.co,true,EXACT,true,g.co,true,EXACT
A3clean_H_mask6_packed_b3,A3_PACKED,H,6,3,1,0.5011,blur,BLUR_100,"{""blur_sigma"": 1.0}",true,g.co,true,EXACT,true,g.co,true,EXACT
A3clean_H_mask6_packed_b3,A3_PACKED,H,6,3,1,0.5011,blur,BLUR_150,"{""blur_sigma"": 1.5}",true,g.co,true,EXACT,true,g.co,true,EXACT
A3clean_H_mask6_packed_b3,A3_PACKED,H,6,3,1,0.5011,blur,BLUR_200,"{""blur_sigma"": 2.0}",true,g.co,true,EXACT,true,g.co,true,EXACT
A3clean_H_mask6_packed_b3,A3_PACKED,H,6,3,1,0.5011,jpeg,JPEG_95,"{""jpeg_quality"": 95}",true,g.co,true,EXACT,true,g.co,true,EXACT
A3clean_H_mask6_packed_b3,A3_PACKED,H,6,3,1,0.5011,jpeg,JPEG_85,"{""jpeg_quality"": 85}",true,g.co,true,EXACT,true,g.co,true,EXACT
A3clean_H_mask6_packed_b3,A3_PACKED,H,6,3,1,0.5011,jpeg,JPEG_70,"{""jpeg_quality"": 70}",true,g.co,true,EXACT,true,g.co,true,EXACT
A3clean_H_mask6_packed_b3,A3_PACKED,H,6,3,1,0.5011,jpeg,JPEG_50,"{""jpeg_quality"": 50}",true,g.co,true,EXACT,true,g.co,true,EXACT
A3clean_H_mask6_packed_b3,A3_PACKED,H,6,3,1,0.5011,jpeg,JPEG_30,"{""jpeg_quality"": 30}",true,g.co,true,EXACT,true,g.co,true,EXACT
A3clean_H_mask6_packed_b3,A3_PACKED,H,6,3,1,0.5011,rotation,ROT_M10,"{""angle_deg"": -10, ""background"": ""white"", ""canvas"": ""expanded""}",true,g.co,true,EXACT,true,g.co,true,EXACT
A3clean_H_mask6_packed_b3,A3_PACKED,H,6,3,1,0.5011,rotation,ROT_M5,"{""angle_deg"": -5, ""background"": ""white"", ""canvas"": ""expanded""}",true,g.co,true,EXACT,true,g.co,true,EXACT
A3clean_H_mask6_packed_b3,A3_PACKED,H,6,3,1,0.5011,rotation,ROT_M2,"{""angle_deg"": -2, ""background"": ""white"", ""canvas"": ""expanded""}",true,g.co,true,EXACT,true,g.co,true,EXACT
A3clean_H_mask6_packed_b3,A3_PACKED,H,6,3,1,0.5011,rotation,ROT_P2,"{""angle_deg"": 2, ""background"": ""white"", ""canvas"": ""expanded""}",true,g.co,true,EXACT,true,g.co,true,EXACT
A3clean_H_mask6_packed_b3,A3_PACKED,H,6,3,1,0.5011,rotation,ROT_P5,"{""angle_deg"": 5, ""background"": ""white"", ""canvas"": ""expanded""}",true,g.co,true,EXACT,true,g.co,true,EXACT
A3clean_H_mask6_packed_b3,A3_PACKED,H,6,3,1,0.5011,rotation,ROT_P10,"{""angle_deg"": 10, ""background"": ""white"", ""canvas"": ""expanded""}",true,g.co,true,EXACT,true,g.co,true,EXACT
A3clean_H_mask6_packed_b3,A3_PACKED,H,6,3,1,0.5011,perspective,PERSP_02,"{""background"": ""white"", ""magnitude"": 0.02, ""variant"": ""quad""}",true,g.co,true,EXACT,true,g.co,true,EXACT
A3clean_H_mask6_packed_b3,A3_PACKED,H,6,3,1,0.5011,perspective,PERSP_05,"{""background"": ""white"", ""magnitude"": 0.05, ""variant"": ""quad""}",false,,false,NO_DETECTION,true,g.co,true,EXACT
A3clean_H_mask6_packed_b3,A3_PACKED,H,6,3,1,0.5011,perspective,PERSP_08,"{""background"": ""white"", ""magnitude"": 0.08, ""variant"": ""quad""}",false,,false,NO_DETECTION,true,g.co,true,EXACT
A3clean_H_mask6_packed_b3,A3_PACKED,H,6,3,1,0.5011,perspective,PERSP_12,"{""background"": ""white"", ""magnitude"": 0.12, ""variant"": ""quad""}",false,,false,NO_DETECTION,true,g.co,true,EXACT
A3clean_H_mask6_packed_b4,A3_PACKED,H,6,4,1,0.5034,pristine,PRISTINE,{},true,g.co,true,EXACT,true,g.co,true,EXACT
A3clean_H_mask6_packed_b4,A3_PACKED,H,6,4,1,0.5034,resize,RESIZE_8,"{""interpolation"": ""area-downscale"", ""module_pitch"": 8}",true,g.co,true,EXACT,true,g.co,true,EXACT
A3clean_H_mask6_packed_b4,A3_PACKED,H,6,4,1,0.5034,resize,RESIZE_6,"{""interpolation"": ""area-downscale"", ""module_pitch"": 6}",true,g.co,true,EXACT,true,g.co,true,EXACT
A3clean_H_mask6_packed_b4,A3_PACKED,H,6,4,1,0.5034,resize,RESIZE_4,"{""interpolation"": ""area-downscale"", ""module_pitch"": 4}",true,g.co,true,EXACT,true,g.co,true,EXACT
A3clean_H_mask6_packed_b4,A3_PACKED,H,6,4,1,0.5034,resize,RESIZE_3,"{""interpolation"": ""area-downscale"", ""module_pitch"": 3}",true,g.co,true,EXACT,true,g.co,true,EXACT
A3clean_H_mask6_packed_b4,A3_PACKED,H,6,4,1,0.5034,resize,RESIZE_2,"{""interpolation"": ""area-downscale"", ""module_pitch"": 2}",true,g.co,true,EXACT,true,g.co,true,EXACT
A3clean_H_mask6_packed_b4,A3_PACKED,H,6,4,1,0.5034,blur,BLUR_50,"{""blur_sigma"": 0.5}",true,g.co,true,EXACT,true,g.co,true,EXACT
A3clean_H_mask6_packed_b4,A3_PACKED,H,6,4,1,0.5034,blur,BLUR_100,"{""blur_sigma"": 1.0}",true,g.co,true,EXACT,true,g.co,true,EXACT
A3clean_H_mask6_packed_b4,A3_PACKED,H,6,4,1,0.5034,blur,BLUR_150,"{""blur_sigma"": 1.5}",true,g.co,true,EXACT,true,g.co,true,EXACT
A3clean_H_mask6_packed_b4,A3_PACKED,H,6,4,1,0.5034,blur,BLUR_200,"{""blur_sigma"": 2.0}",true,g.co,true,EXACT,true,g.co,true,EXACT
A3clean_H_mask6_packed_b4,A3_PACKED,H,6,4,1,0.5034,jpeg,JPEG_95,"{""jpeg_quality"": 95}",true,g.co,true,EXACT,true,g.co,true,EXACT
A3clean_H_mask6_packed_b4,A3_PACKED,H,6,4,1,0.5034,jpeg,JPEG_85,"{""jpeg_quality"": 85}",true,g.co,true,EXACT,true,g.co,true,EXACT
A3clean_H_mask6_packed_b4,A3_PACKED,H,6,4,1,0.5034,jpeg,JPEG_70,"{""jpeg_quality"": 70}",true,g.co,true,EXACT,true,g.co,true,EXACT
A3clean_H_mask6_packed_b4,A3_PACKED,H,6,4,1,0.5034,jpeg,JPEG_50,"{""jpeg_quality"": 50}",true,g.co,true,EXACT,true,g.co,true,EXACT
A3clean_H_mask6_packed_b4,A3_PACKED,H,6,4,1,0.5034,jpeg,JPEG_30,"{""jpeg_quality"": 30}",true,g.co,true,EXACT,true,g.co,true,EXACT
A3clean_H_mask6_packed_b4,A3_PACKED,H,6,4,1,0.5034,rotation,ROT_M10,"{""angle_deg"": -10, ""background"": ""white"", ""canvas"": ""expanded""}",true,g.co,true,EXACT,true,g.co,true,EXACT
A3clean_H_mask6_packed_b4,A3_PACKED,H,6,4,1,0.5034,rotation,ROT_M5,"{""angle_deg"": -5, ""background"": ""white"", ""canvas"": ""expanded""}",true,g.co,true,EXACT,true,g.co,true,EXACT
A3clean_H_mask6_packed_b4,A3_PACKED,H,6,4,1,0.5034,rotation,ROT_M2,"{""angle_deg"": -2, ""background"": ""white"", ""canvas"": ""expanded""}",true,g.co,true,EXACT,true,g.co,true,EXACT
A3clean_H_mask6_packed_b4,A3_PACKED,H,6,4,1,0.5034,rotation,ROT_P2,"{""angle_deg"": 2, ""background"": ""white"", ""canvas"": ""expanded""}",true,g.co,true,EXACT,true,g.co,true,EXACT
A3clean_H_mask6_packed_b4,A3_PACKED,H,6,4,1,0.5034,rotation,ROT_P5,"{""angle_deg"": 5, ""background"": ""white"", ""canvas"": ""expanded""}",true,g.co,true,EXACT,true,g.co,true,EXACT
A3clean_H_mask6_packed_b4,A3_PACKED,H,6,4,1,0.5034,rotation,ROT_P10,"{""angle_deg"": 10, ""background"": ""white"", ""canvas"": ""expanded""}",true,g.co,true,EXACT,true,g.co,true,EXACT
A3clean_H_mask6_packed_b4,A3_PACKED,H,6,4,1,0.5034,perspective,PERSP_02,"{""background"": ""white"", ""magnitude"": 0.02, ""variant"": ""quad""}",true,g.co,true,EXACT,true,g.co,true,EXACT
A3clean_H_mask6_packed_b4,A3_PACKED,H,6,4,1,0.5034,perspective,PERSP_05,"{""background"": ""white"", ""magnitude"": 0.05, ""variant"": ""quad""}",false,,false,NO_DETECTION,true,g.co,true,EXACT
A3clean_H_mask6_packed_b4,A3_PACKED,H,6,4,1,0.5034,perspective,PERSP_08,"{""background"": ""white"", ""magnitude"": 0.08, ""variant"": ""quad""}",false,,false,NO_DETECTION,true,g.co,true,EXACT
A3clean_H_mask6_packed_b4,A3_PACKED,H,6,4,1,0.5034,perspective,PERSP_12,"{""background"": ""white"", ""magnitude"": 0.12, ""variant"": ""quad""}",false,,false,NO_DETECTION,true,g.co,true,EXACT
A3clean_H_mask6_packed_b5,A3_PACKED,H,6,5,1,0.5057,pristine,PRISTINE,{},true,g.co,true,EXACT,true,g.co,true,EXACT
A3clean_H_mask6_packed_b5,A3_PACKED,H,6,5,1,0.5057,resize,RESIZE_8,"{""interpolation"": ""area-downscale"", ""module_pitch"": 8}",true,g.co,true,EXACT,true,g.co,true,EXACT
A3clean_H_mask6_packed_b5,A3_PACKED,H,6,5,1,0.5057,resize,RESIZE_6,"{""interpolation"": ""area-downscale"", ""module_pitch"": 6}",true,g.co,true,EXACT,true,g.co,true,EXACT
A3clean_H_mask6_packed_b5,A3_PACKED,H,6,5,1,0.5057,resize,RESIZE_4,"{""interpolation"": ""area-downscale"", ""module_pitch"": 4}",true,g.co,true,EXACT,true,g.co,true,EXACT
A3clean_H_mask6_packed_b5,A3_PACKED,H,6,5,1,0.5057,resize,RESIZE_3,"{""interpolation"": ""area-downscale"", ""module_pitch"": 3}",true,g.co,true,EXACT,true,g.co,true,EXACT
A3clean_H_mask6_packed_b5,A3_PACKED,H,6,5,1,0.5057,resize,RESIZE_2,"{""interpolation"": ""area-downscale"", ""module_pitch"": 2}",true,g.co,true,EXACT,true,g.co,true,EXACT
A3clean_H_mask6_packed_b5,A3_PACKED,H,6,5,1,0.5057,blur,BLUR_50,"{""blur_sigma"": 0.5}",true,g.co,true,EXACT,true,g.co,true,EXACT
A3clean_H_mask6_packed_b5,A3_PACKED,H,6,5,1,0.5057,blur,BLUR_100,"{""blur_sigma"": 1.0}",true,g.co,true,EXACT,true,g.co,true,EXACT
A3clean_H_mask6_packed_b5,A3_PACKED,H,6,5,1,0.5057,blur,BLUR_150,"{""blur_sigma"": 1.5}",true,g.co,true,EXACT,true,g.co,true,EXACT
A3clean_H_mask6_packed_b5,A3_PACKED,H,6,5,1,0.5057,blur,BLUR_200,"{""blur_sigma"": 2.0}",true,g.co,true,EXACT,true,g.co,true,EXACT
A3clean_H_mask6_packed_b5,A3_PACKED,H,6,5,1,0.5057,jpeg,JPEG_95,"{""jpeg_quality"": 95}",true,g.co,true,EXACT,true,g.co,true,EXACT
A3clean_H_mask6_packed_b5,A3_PACKED,H,6,5,1,0.5057,jpeg,JPEG_85,"{""jpeg_quality"": 85}",true,g.co,true,EXACT,true,g.co,true,EXACT
A3clean_H_mask6_packed_b5,A3_PACKED,H,6,5,1,0.5057,jpeg,JPEG_70,"{""jpeg_quality"": 70}",true,g.co,true,EXACT,true,g.co,true,EXACT
A3clean_H_mask6_packed_b5,A3_PACKED,H,6,5,1,0.5057,jpeg,JPEG_50,"{""jpeg_quality"": 50}",true,g.co,true,EXACT,true,g.co,true,EXACT
A3clean_H_mask6_packed_b5,A3_PACKED,H,6,5,1,0.5057,jpeg,JPEG_30,"{""jpeg_quality"": 30}",true,g.co,true,EXACT,true,g.co,true,EXACT
A3clean_H_mask6_packed_b5,A3_PACKED,H,6,5,1,0.5057,rotation,ROT_M10,"{""angle_deg"": -10, ""background"": ""white"", ""canvas"": ""expanded""}",true,g.co,true,EXACT,true,g.co,true,EXACT
A3clean_H_mask6_packed_b5,A3_PACKED,H,6,5,1,0.5057,rotation,ROT_M5,"{""angle_deg"": -5, ""background"": ""white"", ""canvas"": ""expanded""}",true,g.co,true,EXACT,true,g.co,true,EXACT
A3clean_H_mask6_packed_b5,A3_PACKED,H,6,5,1,0.5057,rotation,ROT_M2,"{""angle_deg"": -2, ""background"": ""white"", ""canvas"": ""expanded""}",true,g.co,true,EXACT,true,g.co,true,EXACT
A3clean_H_mask6_packed_b5,A3_PACKED,H,6,5,1,0.5057,rotation,ROT_P2,"{""angle_deg"": 2, ""background"": ""white"", ""canvas"": ""expanded""}",true,g.co,true,EXACT,true,g.co,true,EXACT
A3clean_H_mask6_packed_b5,A3_PACKED,H,6,5,1,0.5057,rotation,ROT_P5,"{""angle_deg"": 5, ""background"": ""white"", ""canvas"": ""expanded""}",true,g.co,true,EXACT,true,g.co,true,EXACT
A3clean_H_mask6_packed_b5,A3_PACKED,H,6,5,1,0.5057,rotation,ROT_P10,"{""angle_deg"": 10, ""background"": ""white"", ""canvas"": ""expanded""}",true,g.co,true,EXACT,true,g.co,true,EXACT
A3clean_H_mask6_packed_b5,A3_PACKED,H,6,5,1,0.5057,perspective,PERSP_02,"{""background"": ""white"", ""magnitude"": 0.02, ""variant"": ""quad""}",true,g.co,true,EXACT,true,g.co,true,EXACT
A3clean_H_mask6_packed_b5,A3_PACKED,H,6,5,1,0.5057,perspective,PERSP_05,"{""background"": ""white"", ""magnitude"": 0.05, ""variant"": ""quad""}",false,,false,NO_DETECTION,true,g.co,true,EXACT
A3clean_H_mask6_packed_b5,A3_PACKED,H,6,5,1,0.5057,perspective,PERSP_08,"{""background"": ""white"", ""magnitude"": 0.08, ""variant"": ""quad""}",false,,false,NO_DETECTION,true,g.co,true,EXACT
A3clean_H_mask6_packed_b5,A3_PACKED,H,6,5,1,0.5057,perspective,PERSP_12,"{""background"": ""white"", ""magnitude"": 0.12, ""variant"": ""quad""}",false,,false,NO_DETECTION,true,g.co,true,EXACT
A3clean_H_mask6_packed_b6,A3_PACKED,H,6,6,1,0.5079,pristine,PRISTINE,{},true,g.co,true,EXACT,true,g.co,true,EXACT
A3clean_H_mask6_packed_b6,A3_PACKED,H,6,6,1,0.5079,resize,RESIZE_8,"{""interpolation"": ""area-downscale"", ""module_pitch"": 8}",true,g.co,true,EXACT,true,g.co,true,EXACT
A3clean_H_mask6_packed_b6,A3_PACKED,H,6,6,1,0.5079,resize,RESIZE_6,"{""interpolation"": ""area-downscale"", ""module_pitch"": 6}",true,g.co,true,EXACT,true,g.co,true,EXACT
A3clean_H_mask6_packed_b6,A3_PACKED,H,6,6,1,0.5079,resize,RESIZE_4,"{""interpolation"": ""area-downscale"", ""module_pitch"": 4}",true,g.co,true,EXACT,true,g.co,true,EXACT
A3clean_H_mask6_packed_b6,A3_PACKED,H,6,6,1,0.5079,resize,RESIZE_3,"{""interpolation"": ""area-downscale"", ""module_pitch"": 3}",true,g.co,true,EXACT,true,g.co,true,EXACT
A3clean_H_mask6_packed_b6,A3_PACKED,H,6,6,1,0.5079,resize,RESIZE_2,"{""interpolation"": ""area-downscale"", ""module_pitch"": 2}",true,g.co,true,EXACT,true,g.co,true,EXACT
A3clean_H_mask6_packed_b6,A3_PACKED,H,6,6,1,0.5079,blur,BLUR_50,"{""blur_sigma"": 0.5}",true,g.co,true,EXACT,true,g.co,true,EXACT
A3clean_H_mask6_packed_b6,A3_PACKED,H,6,6,1,0.5079,blur,BLUR_100,"{""blur_sigma"": 1.0}",true,g.co,true,EXACT,true,g.co,true,EXACT
A3clean_H_mask6_packed_b6,A3_PACKED,H,6,6,1,0.5079,blur,BLUR_150,"{""blur_sigma"": 1.5}",true,g.co,true,EXACT,true,g.co,true,EXACT
A3clean_H_mask6_packed_b6,A3_PACKED,H,6,6,1,0.5079,blur,BLUR_200,"{""blur_sigma"": 2.0}",true,g.co,true,EXACT,true,g.co,true,EXACT
A3clean_H_mask6_packed_b6,A3_PACKED,H,6,6,1,0.5079,jpeg,JPEG_95,"{""jpeg_quality"": 95}",true,g.co,true,EXACT,true,g.co,true,EXACT
A3clean_H_mask6_packed_b6,A3_PACKED,H,6,6,1,0.5079,jpeg,JPEG_85,"{""jpeg_quality"": 85}",true,g.co,true,EXACT,true,g.co,true,EXACT
A3clean_H_mask6_packed_b6,A3_PACKED,H,6,6,1,0.5079,jpeg,JPEG_70,"{""jpeg_quality"": 70}",true,g.co,true,EXACT,true,g.co,true,EXACT
A3clean_H_mask6_packed_b6,A3_PACKED,H,6,6,1,0.5079,jpeg,JPEG_50,"{""jpeg_quality"": 50}",true,g.co,true,EXACT,true,g.co,true,EXACT
A3clean_H_mask6_packed_b6,A3_PACKED,H,6,6,1,0.5079,jpeg,JPEG_30,"{""jpeg_quality"": 30}",true,g.co,true,EXACT,true,g.co,true,EXACT
A3clean_H_mask6_packed_b6,A3_PACKED,H,6,6,1,0.5079,rotation,ROT_M10,"{""angle_deg"": -10, ""background"": ""white"", ""canvas"": ""expanded""}",true,g.co,true,EXACT,true,g.co,true,EXACT
A3clean_H_mask6_packed_b6,A3_PACKED,H,6,6,1,0.5079,rotation,ROT_M5,"{""angle_deg"": -5, ""background"": ""white"", ""canvas"": ""expanded""}",true,g.co,true,EXACT,true,g.co,true,EXACT
A3clean_H_mask6_packed_b6,A3_PACKED,H,6,6,1,0.5079,rotation,ROT_M2,"{""angle_deg"": -2, ""background"": ""white"", ""canvas"": ""expanded""}",true,g.co,true,EXACT,true,g.co,true,EXACT
A3clean_H_mask6_packed_b6,A3_PACKED,H,6,6,1,0.5079,rotation,ROT_P2,"{""angle_deg"": 2, ""background"": ""white"", ""canvas"": ""expanded""}",true,g.co,true,EXACT,true,g.co,true,EXACT
A3clean_H_mask6_packed_b6,A3_PACKED,H,6,6,1,0.5079,rotation,ROT_P5,"{""angle_deg"": 5, ""background"": ""white"", ""canvas"": ""expanded""}",true,g.co,true,EXACT,true,g.co,true,EXACT
A3clean_H_mask6_packed_b6,A3_PACKED,H,6,6,1,0.5079,rotation,ROT_P10,"{""angle_deg"": 10, ""background"": ""white"", ""canvas"": ""expanded""}",true,g.co,true,EXACT,true,g.co,true,EXACT
A3clean_H_mask6_packed_b6,A3_PACKED,H,6,6,1,0.5079,perspective,PERSP_02,"{""background"": ""white"", ""magnitude"": 0.02, ""variant"": ""quad""}",true,g.co,true,EXACT,true,g.co,true,EXACT
A3clean_H_mask6_packed_b6,A3_PACKED,H,6,6,1,0.5079,perspective,PERSP_05,"{""background"": ""white"", ""magnitude"": 0.05, ""variant"": ""quad""}",false,,false,NO_DETECTION,true,g.co,true,EXACT
A3clean_H_mask6_packed_b6,A3_PACKED,H,6,6,1,0.5079,perspective,PERSP_08,"{""background"": ""white"", ""magnitude"": 0.08, ""variant"": ""quad""}",false,,false,NO_DETECTION,true,g.co,true,EXACT
A3clean_H_mask6_packed_b6,A3_PACKED,H,6,6,1,0.5079,perspective,PERSP_12,"{""background"": ""white"", ""magnitude"": 0.12, ""variant"": ""quad""}",false,,false,NO_DETECTION,true,g.co,true,EXACT
A3clean_H_mask6_packed_b7,A3_PACKED,H,6,7,2,0.5102,pristine,PRISTINE,{},true,g.co,true,EXACT,true,g.co,true,EXACT
A3clean_H_mask6_packed_b7,A3_PACKED,H,6,7,2,0.5102,resize,RESIZE_8,"{""interpolation"": ""area-downscale"", ""module_pitch"": 8}",true,g.co,true,EXACT,true,g.co,true,EXACT
A3clean_H_mask6_packed_b7,A3_PACKED,H,6,7,2,0.5102,resize,RESIZE_6,"{""interpolation"": ""area-downscale"", ""module_pitch"": 6}",true,g.co,true,EXACT,true,g.co,true,EXACT
A3clean_H_mask6_packed_b7,A3_PACKED,H,6,7,2,0.5102,resize,RESIZE_4,"{""interpolation"": ""area-downscale"", ""module_pitch"": 4}",true,g.co,true,EXACT,true,g.co,true,EXACT
A3clean_H_mask6_packed_b7,A3_PACKED,H,6,7,2,0.5102,resize,RESIZE_3,"{""interpolation"": ""area-downscale"", ""module_pitch"": 3}",true,g.co,true,EXACT,true,g.co,true,EXACT
A3clean_H_mask6_packed_b7,A3_PACKED,H,6,7,2,0.5102,resize,RESIZE_2,"{""interpolation"": ""area-downscale"", ""module_pitch"": 2}",true,g.co,true,EXACT,true,g.co,true,EXACT
A3clean_H_mask6_packed_b7,A3_PACKED,H,6,7,2,0.5102,blur,BLUR_50,"{""blur_sigma"": 0.5}",true,g.co,true,EXACT,true,g.co,true,EXACT
A3clean_H_mask6_packed_b7,A3_PACKED,H,6,7,2,0.5102,blur,BLUR_100,"{""blur_sigma"": 1.0}",true,g.co,true,EXACT,true,g.co,true,EXACT
A3clean_H_mask6_packed_b7,A3_PACKED,H,6,7,2,0.5102,blur,BLUR_150,"{""blur_sigma"": 1.5}",true,g.co,true,EXACT,true,g.co,true,EXACT
A3clean_H_mask6_packed_b7,A3_PACKED,H,6,7,2,0.5102,blur,BLUR_200,"{""blur_sigma"": 2.0}",true,g.co,true,EXACT,true,g.co,true,EXACT
A3clean_H_mask6_packed_b7,A3_PACKED,H,6,7,2,0.5102,jpeg,JPEG_95,"{""jpeg_quality"": 95}",true,g.co,true,EXACT,true,g.co,true,EXACT
A3clean_H_mask6_packed_b7,A3_PACKED,H,6,7,2,0.5102,jpeg,JPEG_85,"{""jpeg_quality"": 85}",true,g.co,true,EXACT,true,g.co,true,EXACT
A3clean_H_mask6_packed_b7,A3_PACKED,H,6,7,2,0.5102,jpeg,JPEG_70,"{""jpeg_quality"": 70}",true,g.co,true,EXACT,true,g.co,true,EXACT
A3clean_H_mask6_packed_b7,A3_PACKED,H,6,7,2,0.5102,jpeg,JPEG_50,"{""jpeg_quality"": 50}",true,g.co,true,EXACT,true,g.co,true,EXACT
A3clean_H_mask6_packed_b7,A3_PACKED,H,6,7,2,0.5102,jpeg,JPEG_30,"{""jpeg_quality"": 30}",true,g.co,true,EXACT,true,g.co,true,EXACT
A3clean_H_mask6_packed_b7,A3_PACKED,H,6,7,2,0.5102,rotation,ROT_M10,"{""angle_deg"": -10, ""background"": ""white"", ""canvas"": ""expanded""}",true,g.co,true,EXACT,true,g.co,true,EXACT
A3clean_H_mask6_packed_b7,A3_PACKED,H,6,7,2,0.5102,rotation,ROT_M5,"{""angle_deg"": -5, ""background"": ""white"", ""canvas"": ""expanded""}",true,g.co,true,EXACT,true,g.co,true,EXACT
A3clean_H_mask6_packed_b7,A3_PACKED,H,6,7,2,0.5102,rotation,ROT_M2,"{""angle_deg"": -2, ""background"": ""white"", ""canvas"": ""expanded""}",true,g.co,true,EXACT,true,g.co,true,EXACT
A3clean_H_mask6_packed_b7,A3_PACKED,H,6,7,2,0.5102,rotation,ROT_P2,"{""angle_deg"": 2, ""background"": ""white"", ""canvas"": ""expanded""}",true,g.co,true,EXACT,true,g.co,true,EXACT
A3clean_H_mask6_packed_b7,A3_PACKED,H,6,7,2,0.5102,rotation,ROT_P5,"{""angle_deg"": 5, ""background"": ""white"", ""canvas"": ""expanded""}",true,g.co,true,EXACT,true,g.co,true,EXACT
A3clean_H_mask6_packed_b7,A3_PACKED,H,6,7,2,0.5102,rotation,ROT_P10,"{""angle_deg"": 10, ""background"": ""white"", ""canvas"": ""expanded""}",true,g.co,true,EXACT,true,g.co,true,EXACT
A3clean_H_mask6_packed_b7,A3_PACKED,H,6,7,2,0.5102,perspective,PERSP_02,"{""background"": ""white"", ""magnitude"": 0.02, ""variant"": ""quad""}",true,g.co,true,EXACT,true,g.co,true,EXACT
A3clean_H_mask6_packed_b7,A3_PACKED,H,6,7,2,0.5102,perspective,PERSP_05,"{""background"": ""white"", ""magnitude"": 0.05, ""variant"": ""quad""}",false,,false,NO_DETECTION,true,g.co,true,EXACT
A3clean_H_mask6_packed_b7,A3_PACKED,H,6,7,2,0.5102,perspective,PERSP_08,"{""background"": ""white"", ""magnitude"": 0.08, ""variant"": ""quad""}",false,,false,NO_DETECTION,true,g.co,true,EXACT
A3clean_H_mask6_packed_b7,A3_PACKED,H,6,7,2,0.5102,perspective,PERSP_12,"{""background"": ""white"", ""magnitude"": 0.12, ""variant"": ""quad""}",false,,false,NO_DETECTION,true,g.co,true,EXACT
A3clean_H_mask6_packed_b8,A3_PACKED,H,6,8,2,0.5125,pristine,PRISTINE,{},true,g.co,true,EXACT,true,g.co,true,EXACT
A3clean_H_mask6_packed_b8,A3_PACKED,H,6,8,2,0.5125,resize,RESIZE_8,"{""interpolation"": ""area-downscale"", ""module_pitch"": 8}",true,g.co,true,EXACT,true,g.co,true,EXACT
A3clean_H_mask6_packed_b8,A3_PACKED,H,6,8,2,0.5125,resize,RESIZE_6,"{""interpolation"": ""area-downscale"", ""module_pitch"": 6}",true,g.co,true,EXACT,true,g.co,true,EXACT
A3clean_H_mask6_packed_b8,A3_PACKED,H,6,8,2,0.5125,resize,RESIZE_4,"{""interpolation"": ""area-downscale"", ""module_pitch"": 4}",true,g.co,true,EXACT,true,g.co,true,EXACT
A3clean_H_mask6_packed_b8,A3_PACKED,H,6,8,2,0.5125,resize,RESIZE_3,"{""interpolation"": ""area-downscale"", ""module_pitch"": 3}",true,g.co,true,EXACT,true,g.co,true,EXACT
A3clean_H_mask6_packed_b8,A3_PACKED,H,6,8,2,0.5125,resize,RESIZE_2,"{""interpolation"": ""area-downscale"", ""module_pitch"": 2}",true,g.co,true,EXACT,true,g.co,true,EXACT
A3clean_H_mask6_packed_b8,A3_PACKED,H,6,8,2,0.5125,blur,BLUR_50,"{""blur_sigma"": 0.5}",true,g.co,true,EXACT,true,g.co,true,EXACT
A3clean_H_mask6_packed_b8,A3_PACKED,H,6,8,2,0.5125,blur,BLUR_100,"{""blur_sigma"": 1.0}",true,g.co,true,EXACT,true,g.co,true,EXACT
A3clean_H_mask6_packed_b8,A3_PACKED,H,6,8,2,0.5125,blur,BLUR_150,"{""blur_sigma"": 1.5}",true,g.co,true,EXACT,true,g.co,true,EXACT
A3clean_H_mask6_packed_b8,A3_PACKED,H,6,8,2,0.5125,blur,BLUR_200,"{""blur_sigma"": 2.0}",true,g.co,true,EXACT,true,g.co,true,EXACT
A3clean_H_mask6_packed_b8,A3_PACKED,H,6,8,2,0.5125,jpeg,JPEG_95,"{""jpeg_quality"": 95}",true,g.co,true,EXACT,true,g.co,true,EXACT
A3clean_H_mask6_packed_b8,A3_PACKED,H,6,8,2,0.5125,jpeg,JPEG_85,"{""jpeg_quality"": 85}",true,g.co,true,EXACT,true,g.co,true,EXACT
A3clean_H_mask6_packed_b8,A3_PACKED,H,6,8,2,0.5125,jpeg,JPEG_70,"{""jpeg_quality"": 70}",true,g.co,true,EXACT,true,g.co,true,EXACT
A3clean_H_mask6_packed_b8,A3_PACKED,H,6,8,2,0.5125,jpeg,JPEG_50,"{""jpeg_quality"": 50}",true,g.co,true,EXACT,true,g.co,true,EXACT
A3clean_H_mask6_packed_b8,A3_PACKED,H,6,8,2,0.5125,jpeg,JPEG_30,"{""jpeg_quality"": 30}",true,g.co,true,EXACT,true,g.co,true,EXACT
A3clean_H_mask6_packed_b8,A3_PACKED,H,6,8,2,0.5125,rotation,ROT_M10,"{""angle_deg"": -10, ""background"": ""white"", ""canvas"": ""expanded""}",true,g.co,true,EXACT,true,g.co,true,EXACT
A3clean_H_mask6_packed_b8,A3_PACKED,H,6,8,2,0.5125,rotation,ROT_M5,"{""angle_deg"": -5, ""background"": ""white"", ""canvas"": ""expanded""}",true,g.co,true,EXACT,true,g.co,true,EXACT
A3clean_H_mask6_packed_b8,A3_PACKED,H,6,8,2,0.5125,rotation,ROT_M2,"{""angle_deg"": -2, ""background"": ""white"", ""canvas"": ""expanded""}",true,g.co,true,EXACT,true,g.co,true,EXACT
A3clean_H_mask6_packed_b8,A3_PACKED,H,6,8,2,0.5125,rotation,ROT_P2,"{""angle_deg"": 2, ""background"": ""white"", ""canvas"": ""expanded""}",true,g.co,true,EXACT,true,g.co,true,EXACT
A3clean_H_mask6_packed_b8,A3_PACKED,H,6,8,2,0.5125,rotation,ROT_P5,"{""angle_deg"": 5, ""background"": ""white"", ""canvas"": ""expanded""}",true,g.co,true,EXACT,true,g.co,true,EXACT
A3clean_H_mask6_packed_b8,A3_PACKED,H,6,8,2,0.5125,rotation,ROT_P10,"{""angle_deg"": 10, ""background"": ""white"", ""canvas"": ""expanded""}",true,g.co,true,EXACT,true,g.co,true,EXACT
A3clean_H_mask6_packed_b8,A3_PACKED,H,6,8,2,0.5125,perspective,PERSP_02,"{""background"": ""white"", ""magnitude"": 0.02, ""variant"": ""quad""}",true,g.co,true,EXACT,true,g.co,true,EXACT
A3clean_H_mask6_packed_b8,A3_PACKED,H,6,8,2,0.5125,perspective,PERSP_05,"{""background"": ""white"", ""magnitude"": 0.05, ""variant"": ""quad""}",false,,false,NO_DETECTION,true,g.co,true,EXACT
A3clean_H_mask6_packed_b8,A3_PACKED,H,6,8,2,0.5125,perspective,PERSP_08,"{""background"": ""white"", ""magnitude"": 0.08, ""variant"": ""quad""}",false,,false,NO_DETECTION,true,g.co,true,EXACT
A3clean_H_mask6_packed_b8,A3_PACKED,H,6,8,2,0.5125,perspective,PERSP_12,"{""background"": ""white"", ""magnitude"": 0.12, ""variant"": ""quad""}",false,,false,NO_DETECTION,true,g.co,true,EXACT
A3clean_H_mask6_packed_b9,A3_PACKED,H,6,9,2,0.5147,pristine,PRISTINE,{},true,g.co,true,EXACT,true,g.co,true,EXACT
A3clean_H_mask6_packed_b9,A3_PACKED,H,6,9,2,0.5147,resize,RESIZE_8,"{""interpolation"": ""area-downscale"", ""module_pitch"": 8}",true,g.co,true,EXACT,true,g.co,true,EXACT
A3clean_H_mask6_packed_b9,A3_PACKED,H,6,9,2,0.5147,resize,RESIZE_6,"{""interpolation"": ""area-downscale"", ""module_pitch"": 6}",true,g.co,true,EXACT,true,g.co,true,EXACT
A3clean_H_mask6_packed_b9,A3_PACKED,H,6,9,2,0.5147,resize,RESIZE_4,"{""interpolation"": ""area-downscale"", ""module_pitch"": 4}",true,g.co,true,EXACT,true,g.co,true,EXACT
A3clean_H_mask6_packed_b9,A3_PACKED,H,6,9,2,0.5147,resize,RESIZE_3,"{""interpolation"": ""area-downscale"", ""module_pitch"": 3}",true,g.co,true,EXACT,true,g.co,true,EXACT
A3clean_H_mask6_packed_b9,A3_PACKED,H,6,9,2,0.5147,resize,RESIZE_2,"{""interpolation"": ""area-downscale"", ""module_pitch"": 2}",true,g.co,true,EXACT,true,g.co,true,EXACT
A3clean_H_mask6_packed_b9,A3_PACKED,H,6,9,2,0.5147,blur,BLUR_50,"{""blur_sigma"": 0.5}",true,g.co,true,EXACT,true,g.co,true,EXACT
A3clean_H_mask6_packed_b9,A3_PACKED,H,6,9,2,0.5147,blur,BLUR_100,"{""blur_sigma"": 1.0}",true,g.co,true,EXACT,true,g.co,true,EXACT
A3clean_H_mask6_packed_b9,A3_PACKED,H,6,9,2,0.5147,blur,BLUR_150,"{""blur_sigma"": 1.5}",true,g.co,true,EXACT,true,g.co,true,EXACT
A3clean_H_mask6_packed_b9,A3_PACKED,H,6,9,2,0.5147,blur,BLUR_200,"{""blur_sigma"": 2.0}",true,g.co,true,EXACT,true,g.co,true,EXACT
A3clean_H_mask6_packed_b9,A3_PACKED,H,6,9,2,0.5147,jpeg,JPEG_95,"{""jpeg_quality"": 95}",true,g.co,true,EXACT,true,g.co,true,EXACT
A3clean_H_mask6_packed_b9,A3_PACKED,H,6,9,2,0.5147,jpeg,JPEG_85,"{""jpeg_quality"": 85}",true,g.co,true,EXACT,true,g.co,true,EXACT
A3clean_H_mask6_packed_b9,A3_PACKED,H,6,9,2,0.5147,jpeg,JPEG_70,"{""jpeg_quality"": 70}",true,g.co,true,EXACT,true,g.co,true,EXACT
A3clean_H_mask6_packed_b9,A3_PACKED,H,6,9,2,0.5147,jpeg,JPEG_50,"{""jpeg_quality"": 50}",true,g.co,true,EXACT,true,g.co,true,EXACT
A3clean_H_mask6_packed_b9,A3_PACKED,H,6,9,2,0.5147,jpeg,JPEG_30,"{""jpeg_quality"": 30}",true,g.co,true,EXACT,true,g.co,true,EXACT
A3clean_H_mask6_packed_b9,A3_PACKED,H,6,9,2,0.5147,rotation,ROT_M10,"{""angle_deg"": -10, ""background"": ""white"", ""canvas"": ""expanded""}",true,g.co,true,EXACT,true,g.co,true,EXACT
A3clean_H_mask6_packed_b9,A3_PACKED,H,6,9,2,0.5147,rotation,ROT_M5,"{""angle_deg"": -5, ""background"": ""white"", ""canvas"": ""expanded""}",true,g.co,true,EXACT,true,g.co,true,EXACT
A3clean_H_mask6_packed_b9,A3_PACKED,H,6,9,2,0.5147,rotation,ROT_M2,"{""angle_deg"": -2, ""background"": ""white"", ""canvas"": ""expanded""}",true,g.co,true,EXACT,true,g.co,true,EXACT
A3clean_H_mask6_packed_b9,A3_PACKED,H,6,9,2,0.5147,rotation,ROT_P2,"{""angle_deg"": 2, ""background"": ""white"", ""canvas"": ""expanded""}",true,g.co,true,EXACT,true,g.co,true,EXACT
A3clean_H_mask6_packed_b9,A3_PACKED,H,6,9,2,0.5147,rotation,ROT_P5,"{""angle_deg"": 5, ""background"": ""white"", ""canvas"": ""expanded""}",true,g.co,true,EXACT,true,g.co,true,EXACT
A3clean_H_mask6_packed_b9,A3_PACKED,H,6,9,2,0.5147,rotation,ROT_P10,"{""angle_deg"": 10, ""background"": ""white"", ""canvas"": ""expanded""}",true,g.co,true,EXACT,true,g.co,true,EXACT
A3clean_H_mask6_packed_b9,A3_PACKED,H,6,9,2,0.5147,perspective,PERSP_02,"{""background"": ""white"", ""magnitude"": 0.02, ""variant"": ""quad""}",true,g.co,true,EXACT,true,g.co,true,EXACT
A3clean_H_mask6_packed_b9,A3_PACKED,H,6,9,2,0.5147,perspective,PERSP_05,"{""background"": ""white"", ""magnitude"": 0.05, ""variant"": ""quad""}",false,,false,NO_DETECTION,true,g.co,true,EXACT
A3clean_H_mask6_packed_b9,A3_PACKED,H,6,9,2,0.5147,perspective,PERSP_08,"{""background"": ""white"", ""magnitude"": 0.08, ""variant"": ""quad""}",false,,false,NO_DETECTION,true,g.co,true,EXACT
A3clean_H_mask6_packed_b9,A3_PACKED,H,6,9,2,0.5147,perspective,PERSP_12,"{""background"": ""white"", ""magnitude"": 0.12, ""variant"": ""quad""}",false,,false,NO_DETECTION,true,g.co,true,EXACT
A3clean_H_mask6_packed_b10,A3_PACKED,H,6,10,2,0.517,pristine,PRISTINE,{},true,g.co,true,EXACT,true,g.co,true,EXACT
A3clean_H_mask6_packed_b10,A3_PACKED,H,6,10,2,0.517,resize,RESIZE_8,"{""interpolation"": ""area-downscale"", ""module_pitch"": 8}",true,g.co,true,EXACT,true,g.co,true,EXACT
A3clean_H_mask6_packed_b10,A3_PACKED,H,6,10,2,0.517,resize,RESIZE_6,"{""interpolation"": ""area-downscale"", ""module_pitch"": 6}",true,g.co,true,EXACT,true,g.co,true,EXACT
A3clean_H_mask6_packed_b10,A3_PACKED,H,6,10,2,0.517,resize,RESIZE_4,"{""interpolation"": ""area-downscale"", ""module_pitch"": 4}",true,g.co,true,EXACT,true,g.co,true,EXACT
A3clean_H_mask6_packed_b10,A3_PACKED,H,6,10,2,0.517,resize,RESIZE_3,"{""interpolation"": ""area-downscale"", ""module_pitch"": 3}",true,g.co,true,EXACT,true,g.co,true,EXACT
A3clean_H_mask6_packed_b10,A3_PACKED,H,6,10,2,0.517,resize,RESIZE_2,"{""interpolation"": ""area-downscale"", ""module_pitch"": 2}",true,g.co,true,EXACT,true,g.co,true,EXACT
A3clean_H_mask6_packed_b10,A3_PACKED,H,6,10,2,0.517,blur,BLUR_50,"{""blur_sigma"": 0.5}",true,g.co,true,EXACT,true,g.co,true,EXACT
A3clean_H_mask6_packed_b10,A3_PACKED,H,6,10,2,0.517,blur,BLUR_100,"{""blur_sigma"": 1.0}",true,g.co,true,EXACT,true,g.co,true,EXACT
A3clean_H_mask6_packed_b10,A3_PACKED,H,6,10,2,0.517,blur,BLUR_150,"{""blur_sigma"": 1.5}",true,g.co,true,EXACT,true,g.co,true,EXACT
A3clean_H_mask6_packed_b10,A3_PACKED,H,6,10,2,0.517,blur,BLUR_200,"{""blur_sigma"": 2.0}",true,g.co,true,EXACT,true,g.co,true,EXACT
A3clean_H_mask6_packed_b10,A3_PACKED,H,6,10,2,0.517,jpeg,JPEG_95,"{""jpeg_quality"": 95}",true,g.co,true,EXACT,true,g.co,true,EXACT
A3clean_H_mask6_packed_b10,A3_PACKED,H,6,10,2,0.517,jpeg,JPEG_85,"{""jpeg_quality"": 85}",true,g.co,true,EXACT,true,g.co,true,EXACT
A3clean_H_mask6_packed_b10,A3_PACKED,H,6,10,2,0.517,jpeg,JPEG_70,"{""jpeg_quality"": 70}",true,g.co,true,EXACT,true,g.co,true,EXACT
A3clean_H_mask6_packed_b10,A3_PACKED,H,6,10,2,0.517,jpeg,JPEG_50,"{""jpeg_quality"": 50}",true,g.co,true,EXACT,true,g.co,true,EXACT
A3clean_H_mask6_packed_b10,A3_PACKED,H,6,10,2,0.517,jpeg,JPEG_30,"{""jpeg_quality"": 30}",true,g.co,true,EXACT,true,g.co,true,EXACT
A3clean_H_mask6_packed_b10,A3_PACKED,H,6,10,2,0.517,rotation,ROT_M10,"{""angle_deg"": -10, ""background"": ""white"", ""canvas"": ""expanded""}",true,g.co,true,EXACT,true,g.co,true,EXACT
A3clean_H_mask6_packed_b10,A3_PACKED,H,6,10,2,0.517,rotation,ROT_M5,"{""angle_deg"": -5, ""background"": ""white"", ""canvas"": ""expanded""}",true,g.co,true,EXACT,true,g.co,true,EXACT
A3clean_H_mask6_packed_b10,A3_PACKED,H,6,10,2,0.517,rotation,ROT_M2,"{""angle_deg"": -2, ""background"": ""white"", ""canvas"": ""expanded""}",true,g.co,true,EXACT,true,g.co,true,EXACT
A3clean_H_mask6_packed_b10,A3_PACKED,H,6,10,2,0.517,rotation,ROT_P2,"{""angle_deg"": 2, ""background"": ""white"", ""canvas"": ""expanded""}",true,g.co,true,EXACT,true,g.co,true,EXACT
A3clean_H_mask6_packed_b10,A3_PACKED,H,6,10,2,0.517,rotation,ROT_P5,"{""angle_deg"": 5, ""background"": ""white"", ""canvas"": ""expanded""}",true,g.co,true,EXACT,true,g.co,true,EXACT
A3clean_H_mask6_packed_b10,A3_PACKED,H,6,10,2,0.517,rotation,ROT_P10,"{""angle_deg"": 10, ""background"": ""white"", ""canvas"": ""expanded""}",true,g.co,true,EXACT,true,g.co,true,EXACT
A3clean_H_mask6_packed_b10,A3_PACKED,H,6,10,2,0.517,perspective,PERSP_02,"{""background"": ""white"", ""magnitude"": 0.02, ""variant"": ""quad""}",true,g.co,true,EXACT,true,g.co,true,EXACT
A3clean_H_mask6_packed_b10,A3_PACKED,H,6,10,2,0.517,perspective,PERSP_05,"{""background"": ""white"", ""magnitude"": 0.05, ""variant"": ""quad""}",false,,false,NO_DETECTION,true,g.co,true,EXACT
A3clean_H_mask6_packed_b10,A3_PACKED,H,6,10,2,0.517,perspective,PERSP_08,"{""background"": ""white"", ""magnitude"": 0.08, ""variant"": ""quad""}",false,,false,NO_DETECTION,true,g.co,true,EXACT
A3clean_H_mask6_packed_b10,A3_PACKED,H,6,10,2,0.517,perspective,PERSP_12,"{""background"": ""white"", ""magnitude"": 0.12, ""variant"": ""quad""}",false,,false,NO_DETECTION,true,g.co,true,EXACT
A3clean_H_mask6_packed_b11,A3_PACKED,H,6,11,2,0.5193,pristine,PRISTINE,{},true,g.co,true,EXACT,true,g.co,true,EXACT
A3clean_H_mask6_packed_b11,A3_PACKED,H,6,11,2,0.5193,resize,RESIZE_8,"{""interpolation"": ""area-downscale"", ""module_pitch"": 8}",true,g.co,true,EXACT,true,g.co,true,EXACT
A3clean_H_mask6_packed_b11,A3_PACKED,H,6,11,2,0.5193,resize,RESIZE_6,"{""interpolation"": ""area-downscale"", ""module_pitch"": 6}",true,g.co,true,EXACT,true,g.co,true,EXACT
A3clean_H_mask6_packed_b11,A3_PACKED,H,6,11,2,0.5193,resize,RESIZE_4,"{""interpolation"": ""area-downscale"", ""module_pitch"": 4}",true,g.co,true,EXACT,true,g.co,true,EXACT
A3clean_H_mask6_packed_b11,A3_PACKED,H,6,11,2,0.5193,resize,RESIZE_3,"{""interpolation"": ""area-downscale"", ""module_pitch"": 3}",true,g.co,true,EXACT,true,g.co,true,EXACT
A3clean_H_mask6_packed_b11,A3_PACKED,H,6,11,2,0.5193,resize,RESIZE_2,"{""interpolation"": ""area-downscale"", ""module_pitch"": 2}",true,g.co,true,EXACT,true,g.co,true,EXACT
A3clean_H_mask6_packed_b11,A3_PACKED,H,6,11,2,0.5193,blur,BLUR_50,"{""blur_sigma"": 0.5}",true,g.co,true,EXACT,true,g.co,true,EXACT
A3clean_H_mask6_packed_b11,A3_PACKED,H,6,11,2,0.5193,blur,BLUR_100,"{""blur_sigma"": 1.0}",true,g.co,true,EXACT,true,g.co,true,EXACT
A3clean_H_mask6_packed_b11,A3_PACKED,H,6,11,2,0.5193,blur,BLUR_150,"{""blur_sigma"": 1.5}",true,g.co,true,EXACT,true,g.co,true,EXACT
A3clean_H_mask6_packed_b11,A3_PACKED,H,6,11,2,0.5193,blur,BLUR_200,"{""blur_sigma"": 2.0}",true,g.co,true,EXACT,true,g.co,true,EXACT
A3clean_H_mask6_packed_b11,A3_PACKED,H,6,11,2,0.5193,jpeg,JPEG_95,"{""jpeg_quality"": 95}",true,g.co,true,EXACT,true,g.co,true,EXACT
A3clean_H_mask6_packed_b11,A3_PACKED,H,6,11,2,0.5193,jpeg,JPEG_85,"{""jpeg_quality"": 85}",true,g.co,true,EXACT,true,g.co,true,EXACT
A3clean_H_mask6_packed_b11,A3_PACKED,H,6,11,2,0.5193,jpeg,JPEG_70,"{""jpeg_quality"": 70}",true,g.co,true,EXACT,true,g.co,true,EXACT
A3clean_H_mask6_packed_b11,A3_PACKED,H,6,11,2,0.5193,jpeg,JPEG_50,"{""jpeg_quality"": 50}",true,g.co,true,EXACT,true,g.co,true,EXACT
A3clean_H_mask6_packed_b11,A3_PACKED,H,6,11,2,0.5193,jpeg,JPEG_30,"{""jpeg_quality"": 30}",true,g.co,true,EXACT,true,g.co,true,EXACT
A3clean_H_mask6_packed_b11,A3_PACKED,H,6,11,2,0.5193,rotation,ROT_M10,"{""angle_deg"": -10, ""background"": ""white"", ""canvas"": ""expanded""}",true,g.co,true,EXACT,true,g.co,true,EXACT
A3clean_H_mask6_packed_b11,A3_PACKED,H,6,11,2,0.5193,rotation,ROT_M5,"{""angle_deg"": -5, ""background"": ""white"", ""canvas"": ""expanded""}",true,g.co,true,EXACT,true,g.co,true,EXACT
A3clean_H_mask6_packed_b11,A3_PACKED,H,6,11,2,0.5193,rotation,ROT_M2,"{""angle_deg"": -2, ""background"": ""white"", ""canvas"": ""expanded""}",true,g.co,true,EXACT,true,g.co,true,EXACT
A3clean_H_mask6_packed_b11,A3_PACKED,H,6,11,2,0.5193,rotation,ROT_P2,"{""angle_deg"": 2, ""background"": ""white"", ""canvas"": ""expanded""}",true,g.co,true,EXACT,true,g.co,true,EXACT
A3clean_H_mask6_packed_b11,A3_PACKED,H,6,11,2,0.5193,rotation,ROT_P5,"{""angle_deg"": 5, ""background"": ""white"", ""canvas"": ""expanded""}",true,g.co,true,EXACT,true,g.co,true,EXACT
A3clean_H_mask6_packed_b11,A3_PACKED,H,6,11,2,0.5193,rotation,ROT_P10,"{""angle_deg"": 10, ""background"": ""white"", ""canvas"": ""expanded""}",true,g.co,true,EXACT,true,g.co,true,EXACT
A3clean_H_mask6_packed_b11,A3_PACKED,H,6,11,2,0.5193,perspective,PERSP_02,"{""background"": ""white"", ""magnitude"": 0.02, ""variant"": ""quad""}",true,g.co,true,EXACT,true,g.co,true,EXACT
A3clean_H_mask6_packed_b11,A3_PACKED,H,6,11,2,0.5193,perspective,PERSP_05,"{""background"": ""white"", ""magnitude"": 0.05, ""variant"": ""quad""}",false,,false,NO_DETECTION,true,g.co,true,EXACT
A3clean_H_mask6_packed_b11,A3_PACKED,H,6,11,2,0.5193,perspective,PERSP_08,"{""background"": ""white"", ""magnitude"": 0.08, ""variant"": ""quad""}",false,,false,NO_DETECTION,true,g.co,true,EXACT
A3clean_H_mask6_packed_b11,A3_PACKED,H,6,11,2,0.5193,perspective,PERSP_12,"{""background"": ""white"", ""magnitude"": 0.12, ""variant"": ""quad""}",false,,false,NO_DETECTION,true,g.co,true,EXACT
A3clean_H_mask6_packed_b12,A3_PACKED,H,6,12,2,0.5215,pristine,PRISTINE,{},true,g.co,true,EXACT,true,g.co,true,EXACT
A3clean_H_mask6_packed_b12,A3_PACKED,H,6,12,2,0.5215,resize,RESIZE_8,"{""interpolation"": ""area-downscale"", ""module_pitch"": 8}",true,g.co,true,EXACT,true,g.co,true,EXACT
A3clean_H_mask6_packed_b12,A3_PACKED,H,6,12,2,0.5215,resize,RESIZE_6,"{""interpolation"": ""area-downscale"", ""module_pitch"": 6}",true,g.co,true,EXACT,true,g.co,true,EXACT
A3clean_H_mask6_packed_b12,A3_PACKED,H,6,12,2,0.5215,resize,RESIZE_4,"{""interpolation"": ""area-downscale"", ""module_pitch"": 4}",true,g.co,true,EXACT,true,g.co,true,EXACT
A3clean_H_mask6_packed_b12,A3_PACKED,H,6,12,2,0.5215,resize,RESIZE_3,"{""interpolation"": ""area-downscale"", ""module_pitch"": 3}",true,g.co,true,EXACT,true,g.co,true,EXACT
A3clean_H_mask6_packed_b12,A3_PACKED,H,6,12,2,0.5215,resize,RESIZE_2,"{""interpolation"": ""area-downscale"", ""module_pitch"": 2}",true,g.co,true,EXACT,true,g.co,true,EXACT
A3clean_H_mask6_packed_b12,A3_PACKED,H,6,12,2,0.5215,blur,BLUR_50,"{""blur_sigma"": 0.5}",true,g.co,true,EXACT,true,g.co,true,EXACT
A3clean_H_mask6_packed_b12,A3_PACKED,H,6,12,2,0.5215,blur,BLUR_100,"{""blur_sigma"": 1.0}",true,g.co,true,EXACT,true,g.co,true,EXACT
A3clean_H_mask6_packed_b12,A3_PACKED,H,6,12,2,0.5215,blur,BLUR_150,"{""blur_sigma"": 1.5}",true,g.co,true,EXACT,true,g.co,true,EXACT
A3clean_H_mask6_packed_b12,A3_PACKED,H,6,12,2,0.5215,blur,BLUR_200,"{""blur_sigma"": 2.0}",true,g.co,true,EXACT,true,g.co,true,EXACT
A3clean_H_mask6_packed_b12,A3_PACKED,H,6,12,2,0.5215,jpeg,JPEG_95,"{""jpeg_quality"": 95}",true,g.co,true,EXACT,true,g.co,true,EXACT
A3clean_H_mask6_packed_b12,A3_PACKED,H,6,12,2,0.5215,jpeg,JPEG_85,"{""jpeg_quality"": 85}",true,g.co,true,EXACT,true,g.co,true,EXACT
A3clean_H_mask6_packed_b12,A3_PACKED,H,6,12,2,0.5215,jpeg,JPEG_70,"{""jpeg_quality"": 70}",true,g.co,true,EXACT,true,g.co,true,EXACT
A3clean_H_mask6_packed_b12,A3_PACKED,H,6,12,2,0.5215,jpeg,JPEG_50,"{""jpeg_quality"": 50}",true,g.co,true,EXACT,true,g.co,true,EXACT
A3clean_H_mask6_packed_b12,A3_PACKED,H,6,12,2,0.5215,jpeg,JPEG_30,"{""jpeg_quality"": 30}",true,g.co,true,EXACT,true,g.co,true,EXACT
A3clean_H_mask6_packed_b12,A3_PACKED,H,6,12,2,0.5215,rotation,ROT_M10,"{""angle_deg"": -10, ""background"": ""white"", ""canvas"": ""expanded""}",true,g.co,true,EXACT,true,g.co,true,EXACT
A3clean_H_mask6_packed_b12,A3_PACKED,H,6,12,2,0.5215,rotation,ROT_M5,"{""angle_deg"": -5, ""background"": ""white"", ""canvas"": ""expanded""}",true,g.co,true,EXACT,true,g.co,true,EXACT
A3clean_H_mask6_packed_b12,A3_PACKED,H,6,12,2,0.5215,rotation,ROT_M2,"{""angle_deg"": -2, ""background"": ""white"", ""canvas"": ""expanded""}",true,g.co,true,EXACT,true,g.co,true,EXACT
A3clean_H_mask6_packed_b12,A3_PACKED,H,6,12,2,0.5215,rotation,ROT_P2,"{""angle_deg"": 2, ""background"": ""white"", ""canvas"": ""expanded""}",true,g.co,true,EXACT,true,g.co,true,EXACT
A3clean_H_mask6_packed_b12,A3_PACKED,H,6,12,2,0.5215,rotation,ROT_P5,"{""angle_deg"": 5, ""background"": ""white"", ""canvas"": ""expanded""}",true,g.co,true,EXACT,true,g.co,true,EXACT
A3clean_H_mask6_packed_b12,A3_PACKED,H,6,12,2,0.5215,rotation,ROT_P10,"{""angle_deg"": 10, ""background"": ""white"", ""canvas"": ""expanded""}",true,g.co,true,EXACT,true,g.co,true,EXACT
A3clean_H_mask6_packed_b12,A3_PACKED,H,6,12,2,0.5215,perspective,PERSP_02,"{""background"": ""white"", ""magnitude"": 0.02, ""variant"": ""quad""}",true,g.co,true,EXACT,true,g.co,true,EXACT
A3clean_H_mask6_packed_b12,A3_PACKED,H,6,12,2,0.5215,perspective,PERSP_05,"{""background"": ""white"", ""magnitude"": 0.05, ""variant"": ""quad""}",false,,false,NO_DETECTION,true,g.co,true,EXACT
A3clean_H_mask6_packed_b12,A3_PACKED,H,6,12,2,0.5215,perspective,PERSP_08,"{""background"": ""white"", ""magnitude"": 0.08, ""variant"": ""quad""}",false,,false,NO_DETECTION,true,g.co,true,EXACT
A3clean_H_mask6_packed_b12,A3_PACKED,H,6,12,2,0.5215,perspective,PERSP_12,"{""background"": ""white"", ""magnitude"": 0.12, ""variant"": ""quad""}",false,,false,NO_DETECTION,true,g.co,true,EXACT
A3clean_H_mask6_packed_b13,A3_PACKED,H,6,13,3,0.5238,pristine,PRISTINE,{},true,g.co,true,EXACT,true,g.co,true,EXACT
A3clean_H_mask6_packed_b13,A3_PACKED,H,6,13,3,0.5238,resize,RESIZE_8,"{""interpolation"": ""area-downscale"", ""module_pitch"": 8}",true,g.co,true,EXACT,true,g.co,true,EXACT
A3clean_H_mask6_packed_b13,A3_PACKED,H,6,13,3,0.5238,resize,RESIZE_6,"{""interpolation"": ""area-downscale"", ""module_pitch"": 6}",true,g.co,true,EXACT,true,g.co,true,EXACT
A3clean_H_mask6_packed_b13,A3_PACKED,H,6,13,3,0.5238,resize,RESIZE_4,"{""interpolation"": ""area-downscale"", ""module_pitch"": 4}",true,g.co,true,EXACT,true,g.co,true,EXACT
A3clean_H_mask6_packed_b13,A3_PACKED,H,6,13,3,0.5238,resize,RESIZE_3,"{""interpolation"": ""area-downscale"", ""module_pitch"": 3}",true,g.co,true,EXACT,true,g.co,true,EXACT
A3clean_H_mask6_packed_b13,A3_PACKED,H,6,13,3,0.5238,resize,RESIZE_2,"{""interpolation"": ""area-downscale"", ""module_pitch"": 2}",true,g.co,true,EXACT,true,g.co,true,EXACT
A3clean_H_mask6_packed_b13,A3_PACKED,H,6,13,3,0.5238,blur,BLUR_50,"{""blur_sigma"": 0.5}",true,g.co,true,EXACT,true,g.co,true,EXACT
A3clean_H_mask6_packed_b13,A3_PACKED,H,6,13,3,0.5238,blur,BLUR_100,"{""blur_sigma"": 1.0}",true,g.co,true,EXACT,true,g.co,true,EXACT
A3clean_H_mask6_packed_b13,A3_PACKED,H,6,13,3,0.5238,blur,BLUR_150,"{""blur_sigma"": 1.5}",true,g.co,true,EXACT,true,g.co,true,EXACT
A3clean_H_mask6_packed_b13,A3_PACKED,H,6,13,3,0.5238,blur,BLUR_200,"{""blur_sigma"": 2.0}",true,g.co,true,EXACT,true,g.co,true,EXACT
A3clean_H_mask6_packed_b13,A3_PACKED,H,6,13,3,0.5238,jpeg,JPEG_95,"{""jpeg_quality"": 95}",true,g.co,true,EXACT,true,g.co,true,EXACT
A3clean_H_mask6_packed_b13,A3_PACKED,H,6,13,3,0.5238,jpeg,JPEG_85,"{""jpeg_quality"": 85}",true,g.co,true,EXACT,true,g.co,true,EXACT
A3clean_H_mask6_packed_b13,A3_PACKED,H,6,13,3,0.5238,jpeg,JPEG_70,"{""jpeg_quality"": 70}",true,g.co,true,EXACT,true,g.co,true,EXACT
A3clean_H_mask6_packed_b13,A3_PACKED,H,6,13,3,0.5238,jpeg,JPEG_50,"{""jpeg_quality"": 50}",true,g.co,true,EXACT,true,g.co,true,EXACT
A3clean_H_mask6_packed_b13,A3_PACKED,H,6,13,3,0.5238,jpeg,JPEG_30,"{""jpeg_quality"": 30}",true,g.co,true,EXACT,true,g.co,true,EXACT
A3clean_H_mask6_packed_b13,A3_PACKED,H,6,13,3,0.5238,rotation,ROT_M10,"{""angle_deg"": -10, ""background"": ""white"", ""canvas"": ""expanded""}",true,g.co,true,EXACT,true,g.co,true,EXACT
A3clean_H_mask6_packed_b13,A3_PACKED,H,6,13,3,0.5238,rotation,ROT_M5,"{""angle_deg"": -5, ""background"": ""white"", ""canvas"": ""expanded""}",true,g.co,true,EXACT,true,g.co,true,EXACT
A3clean_H_mask6_packed_b13,A3_PACKED,H,6,13,3,0.5238,rotation,ROT_M2,"{""angle_deg"": -2, ""background"": ""white"", ""canvas"": ""expanded""}",true,g.co,true,EXACT,true,g.co,true,EXACT
A3clean_H_mask6_packed_b13,A3_PACKED,H,6,13,3,0.5238,rotation,ROT_P2,"{""angle_deg"": 2, ""background"": ""white"", ""canvas"": ""expanded""}",true,g.co,true,EXACT,true,g.co,true,EXACT
A3clean_H_mask6_packed_b13,A3_PACKED,H,6,13,3,0.5238,rotation,ROT_P5,"{""angle_deg"": 5, ""background"": ""white"", ""canvas"": ""expanded""}",true,g.co,true,EXACT,true,g.co,true,EXACT
A3clean_H_mask6_packed_b13,A3_PACKED,H,6,13,3,0.5238,rotation,ROT_P10,"{""angle_deg"": 10, ""background"": ""white"", ""canvas"": ""expanded""}",true,g.co,true,EXACT,true,g.co,true,EXACT
A3clean_H_mask6_packed_b13,A3_PACKED,H,6,13,3,0.5238,perspective,PERSP_02,"{""background"": ""white"", ""magnitude"": 0.02, ""variant"": ""quad""}",true,g.co,true,EXACT,true,g.co,true,EXACT
A3clean_H_mask6_packed_b13,A3_PACKED,H,6,13,3,0.5238,perspective,PERSP_05,"{""background"": ""white"", ""magnitude"": 0.05, ""variant"": ""quad""}",false,,false,NO_DETECTION,true,g.co,true,EXACT
A3clean_H_mask6_packed_b13,A3_PACKED,H,6,13,3,0.5238,perspective,PERSP_08,"{""background"": ""white"", ""magnitude"": 0.08, ""variant"": ""quad""}",false,,false,NO_DETECTION,true,g.co,true,EXACT
A3clean_H_mask6_packed_b13,A3_PACKED,H,6,13,3,0.5238,perspective,PERSP_12,"{""background"": ""white"", ""magnitude"": 0.12, ""variant"": ""quad""}",false,,false,NO_DETECTION,true,g.co,true,EXACT
A3clean_H_mask6_packed_b14,A3_PACKED,H,6,14,3,0.5261,pristine,PRISTINE,{},true,g.co,true,EXACT,true,g.co,true,EXACT
A3clean_H_mask6_packed_b14,A3_PACKED,H,6,14,3,0.5261,resize,RESIZE_8,"{""interpolation"": ""area-downscale"", ""module_pitch"": 8}",true,g.co,true,EXACT,true,g.co,true,EXACT
A3clean_H_mask6_packed_b14,A3_PACKED,H,6,14,3,0.5261,resize,RESIZE_6,"{""interpolation"": ""area-downscale"", ""module_pitch"": 6}",true,g.co,true,EXACT,true,g.co,true,EXACT
A3clean_H_mask6_packed_b14,A3_PACKED,H,6,14,3,0.5261,resize,RESIZE_4,"{""interpolation"": ""area-downscale"", ""module_pitch"": 4}",true,g.co,true,EXACT,true,g.co,true,EXACT
A3clean_H_mask6_packed_b14,A3_PACKED,H,6,14,3,0.5261,resize,RESIZE_3,"{""interpolation"": ""area-downscale"", ""module_pitch"": 3}",true,g.co,true,EXACT,true,g.co,true,EXACT
A3clean_H_mask6_packed_b14,A3_PACKED,H,6,14,3,0.5261,resize,RESIZE_2,"{""interpolation"": ""area-downscale"", ""module_pitch"": 2}",true,g.co,true,EXACT,true,g.co,true,EXACT
A3clean_H_mask6_packed_b14,A3_PACKED,H,6,14,3,0.5261,blur,BLUR_50,"{""blur_sigma"": 0.5}",true,g.co,true,EXACT,true,g.co,true,EXACT
A3clean_H_mask6_packed_b14,A3_PACKED,H,6,14,3,0.5261,blur,BLUR_100,"{""blur_sigma"": 1.0}",true,g.co,true,EXACT,true,g.co,true,EXACT
A3clean_H_mask6_packed_b14,A3_PACKED,H,6,14,3,0.5261,blur,BLUR_150,"{""blur_sigma"": 1.5}",true,g.co,true,EXACT,true,g.co,true,EXACT
A3clean_H_mask6_packed_b14,A3_PACKED,H,6,14,3,0.5261,blur,BLUR_200,"{""blur_sigma"": 2.0}",true,g.co,true,EXACT,true,g.co,true,EXACT
A3clean_H_mask6_packed_b14,A3_PACKED,H,6,14,3,0.5261,jpeg,JPEG_95,"{""jpeg_quality"": 95}",true,g.co,true,EXACT,true,g.co,true,EXACT
A3clean_H_mask6_packed_b14,A3_PACKED,H,6,14,3,0.5261,jpeg,JPEG_85,"{""jpeg_quality"": 85}",true,g.co,true,EXACT,true,g.co,true,EXACT
A3clean_H_mask6_packed_b14,A3_PACKED,H,6,14,3,0.5261,jpeg,JPEG_70,"{""jpeg_quality"": 70}",true,g.co,true,EXACT,true,g.co,true,EXACT
A3clean_H_mask6_packed_b14,A3_PACKED,H,6,14,3,0.5261,jpeg,JPEG_50,"{""jpeg_quality"": 50}",true,g.co,true,EXACT,true,g.co,true,EXACT
A3clean_H_mask6_packed_b14,A3_PACKED,H,6,14,3,0.5261,jpeg,JPEG_30,"{""jpeg_quality"": 30}",true,g.co,true,EXACT,true,g.co,true,EXACT
A3clean_H_mask6_packed_b14,A3_PACKED,H,6,14,3,0.5261,rotation,ROT_M10,"{""angle_deg"": -10, ""background"": ""white"", ""canvas"": ""expanded""}",true,g.co,true,EXACT,true,g.co,true,EXACT
A3clean_H_mask6_packed_b14,A3_PACKED,H,6,14,3,0.5261,rotation,ROT_M5,"{""angle_deg"": -5, ""background"": ""white"", ""canvas"": ""expanded""}",true,g.co,true,EXACT,true,g.co,true,EXACT
A3clean_H_mask6_packed_b14,A3_PACKED,H,6,14,3,0.5261,rotation,ROT_M2,"{""angle_deg"": -2, ""background"": ""white"", ""canvas"": ""expanded""}",true,g.co,true,EXACT,true,g.co,true,EXACT
A3clean_H_mask6_packed_b14,A3_PACKED,H,6,14,3,0.5261,rotation,ROT_P2,"{""angle_deg"": 2, ""background"": ""white"", ""canvas"": ""expanded""}",true,g.co,true,EXACT,true,g.co,true,EXACT
A3clean_H_mask6_packed_b14,A3_PACKED,H,6,14,3,0.5261,rotation,ROT_P5,"{""angle_deg"": 5, ""background"": ""white"", ""canvas"": ""expanded""}",true,g.co,true,EXACT,true,g.co,true,EXACT
A3clean_H_mask6_packed_b14,A3_PACKED,H,6,14,3,0.5261,rotation,ROT_P10,"{""angle_deg"": 10, ""background"": ""white"", ""canvas"": ""expanded""}",true,g.co,true,EXACT,true,g.co,true,EXACT
A3clean_H_mask6_packed_b14,A3_PACKED,H,6,14,3,0.5261,perspective,PERSP_02,"{""background"": ""white"", ""magnitude"": 0.02, ""variant"": ""quad""}",true,g.co,true,EXACT,true,g.co,true,EXACT
A3clean_H_mask6_packed_b14,A3_PACKED,H,6,14,3,0.5261,perspective,PERSP_05,"{""background"": ""white"", ""magnitude"": 0.05, ""variant"": ""quad""}",false,,false,NO_DETECTION,true,g.co,true,EXACT
A3clean_H_mask6_packed_b14,A3_PACKED,H,6,14,3,0.5261,perspective,PERSP_08,"{""background"": ""white"", ""magnitude"": 0.08, ""variant"": ""quad""}",false,,false,NO_DETECTION,true,g.co,true,EXACT
A3clean_H_mask6_packed_b14,A3_PACKED,H,6,14,3,0.5261,perspective,PERSP_12,"{""background"": ""white"", ""magnitude"": 0.12, ""variant"": ""quad""}",false,,false,NO_DETECTION,true,g.co,true,EXACT
A3clean_H_mask6_packed_b15,A3_PACKED,H,6,15,3,0.5283,pristine,PRISTINE,{},true,g.co,true,EXACT,true,g.co,true,EXACT
A3clean_H_mask6_packed_b15,A3_PACKED,H,6,15,3,0.5283,resize,RESIZE_8,"{""interpolation"": ""area-downscale"", ""module_pitch"": 8}",true,g.co,true,EXACT,true,g.co,true,EXACT
A3clean_H_mask6_packed_b15,A3_PACKED,H,6,15,3,0.5283,resize,RESIZE_6,"{""interpolation"": ""area-downscale"", ""module_pitch"": 6}",true,g.co,true,EXACT,true,g.co,true,EXACT
A3clean_H_mask6_packed_b15,A3_PACKED,H,6,15,3,0.5283,resize,RESIZE_4,"{""interpolation"": ""area-downscale"", ""module_pitch"": 4}",true,g.co,true,EXACT,true,g.co,true,EXACT
A3clean_H_mask6_packed_b15,A3_PACKED,H,6,15,3,0.5283,resize,RESIZE_3,"{""interpolation"": ""area-downscale"", ""module_pitch"": 3}",true,g.co,true,EXACT,true,g.co,true,EXACT
A3clean_H_mask6_packed_b15,A3_PACKED,H,6,15,3,0.5283,resize,RESIZE_2,"{""interpolation"": ""area-downscale"", ""module_pitch"": 2}",true,g.co,true,EXACT,true,g.co,true,EXACT
A3clean_H_mask6_packed_b15,A3_PACKED,H,6,15,3,0.5283,blur,BLUR_50,"{""blur_sigma"": 0.5}",true,g.co,true,EXACT,true,g.co,true,EXACT
A3clean_H_mask6_packed_b15,A3_PACKED,H,6,15,3,0.5283,blur,BLUR_100,"{""blur_sigma"": 1.0}",true,g.co,true,EXACT,true,g.co,true,EXACT
A3clean_H_mask6_packed_b15,A3_PACKED,H,6,15,3,0.5283,blur,BLUR_150,"{""blur_sigma"": 1.5}",true,g.co,true,EXACT,true,g.co,true,EXACT
A3clean_H_mask6_packed_b15,A3_PACKED,H,6,15,3,0.5283,blur,BLUR_200,"{""blur_sigma"": 2.0}",true,g.co,true,EXACT,true,g.co,true,EXACT
A3clean_H_mask6_packed_b15,A3_PACKED,H,6,15,3,0.5283,jpeg,JPEG_95,"{""jpeg_quality"": 95}",true,g.co,true,EXACT,true,g.co,true,EXACT
A3clean_H_mask6_packed_b15,A3_PACKED,H,6,15,3,0.5283,jpeg,JPEG_85,"{""jpeg_quality"": 85}",true,g.co,true,EXACT,true,g.co,true,EXACT
A3clean_H_mask6_packed_b15,A3_PACKED,H,6,15,3,0.5283,jpeg,JPEG_70,"{""jpeg_quality"": 70}",true,g.co,true,EXACT,true,g.co,true,EXACT
A3clean_H_mask6_packed_b15,A3_PACKED,H,6,15,3,0.5283,jpeg,JPEG_50,"{""jpeg_quality"": 50}",true,g.co,true,EXACT,true,g.co,true,EXACT
A3clean_H_mask6_packed_b15,A3_PACKED,H,6,15,3,0.5283,jpeg,JPEG_30,"{""jpeg_quality"": 30}",true,g.co,true,EXACT,true,g.co,true,EXACT
A3clean_H_mask6_packed_b15,A3_PACKED,H,6,15,3,0.5283,rotation,ROT_M10,"{""angle_deg"": -10, ""background"": ""white"", ""canvas"": ""expanded""}",true,g.co,true,EXACT,true,g.co,true,EXACT
A3clean_H_mask6_packed_b15,A3_PACKED,H,6,15,3,0.5283,rotation,ROT_M5,"{""angle_deg"": -5, ""background"": ""white"", ""canvas"": ""expanded""}",true,g.co,true,EXACT,true,g.co,true,EXACT
A3clean_H_mask6_packed_b15,A3_PACKED,H,6,15,3,0.5283,rotation,ROT_M2,"{""angle_deg"": -2, ""background"": ""white"", ""canvas"": ""expanded""}",true,g.co,true,EXACT,true,g.co,true,EXACT
A3clean_H_mask6_packed_b15,A3_PACKED,H,6,15,3,0.5283,rotation,ROT_P2,"{""angle_deg"": 2, ""background"": ""white"", ""canvas"": ""expanded""}",true,g.co,true,EXACT,true,g.co,true,EXACT
A3clean_H_mask6_packed_b15,A3_PACKED,H,6,15,3,0.5283,rotation,ROT_P5,"{""angle_deg"": 5, ""background"": ""white"", ""canvas"": ""expanded""}",true,g.co,true,EXACT,true,g.co,true,EXACT
A3clean_H_mask6_packed_b15,A3_PACKED,H,6,15,3,0.5283,rotation,ROT_P10,"{""angle_deg"": 10, ""background"": ""white"", ""canvas"": ""expanded""}",true,g.co,true,EXACT,true,g.co,true,EXACT
A3clean_H_mask6_packed_b15,A3_PACKED,H,6,15,3,0.5283,perspective,PERSP_02,"{""background"": ""white"", ""magnitude"": 0.02, ""variant"": ""quad""}",true,g.co,true,EXACT,true,g.co,true,EXACT
A3clean_H_mask6_packed_b15,A3_PACKED,H,6,15,3,0.5283,perspective,PERSP_05,"{""background"": ""white"", ""magnitude"": 0.05, ""variant"": ""quad""}",false,,false,NO_DETECTION,true,g.co,true,EXACT
A3clean_H_mask6_packed_b15,A3_PACKED,H,6,15,3,0.5283,perspective,PERSP_08,"{""background"": ""white"", ""magnitude"": 0.08, ""variant"": ""quad""}",false,,false,NO_DETECTION,true,g.co,true,EXACT
A3clean_H_mask6_packed_b15,A3_PACKED,H,6,15,3,0.5283,perspective,PERSP_12,"{""background"": ""white"", ""magnitude"": 0.12, ""variant"": ""quad""}",false,,false,NO_DETECTION,true,g.co,true,EXACT
A3clean_H_mask6_packed_b16,A3_PACKED,H,6,16,3,0.5306,pristine,PRISTINE,{},true,g.co,true,EXACT,true,g.co,true,EXACT
A3clean_H_mask6_packed_b16,A3_PACKED,H,6,16,3,0.5306,resize,RESIZE_8,"{""interpolation"": ""area-downscale"", ""module_pitch"": 8}",true,g.co,true,EXACT,true,g.co,true,EXACT
A3clean_H_mask6_packed_b16,A3_PACKED,H,6,16,3,0.5306,resize,RESIZE_6,"{""interpolation"": ""area-downscale"", ""module_pitch"": 6}",true,g.co,true,EXACT,true,g.co,true,EXACT
A3clean_H_mask6_packed_b16,A3_PACKED,H,6,16,3,0.5306,resize,RESIZE_4,"{""interpolation"": ""area-downscale"", ""module_pitch"": 4}",true,g.co,true,EXACT,true,g.co,true,EXACT
A3clean_H_mask6_packed_b16,A3_PACKED,H,6,16,3,0.5306,resize,RESIZE_3,"{""interpolation"": ""area-downscale"", ""module_pitch"": 3}",true,g.co,true,EXACT,true,g.co,true,EXACT
A3clean_H_mask6_packed_b16,A3_PACKED,H,6,16,3,0.5306,resize,RESIZE_2,"{""interpolation"": ""area-downscale"", ""module_pitch"": 2}",true,g.co,true,EXACT,true,g.co,true,EXACT
A3clean_H_mask6_packed_b16,A3_PACKED,H,6,16,3,0.5306,blur,BLUR_50,"{""blur_sigma"": 0.5}",true,g.co,true,EXACT,true,g.co,true,EXACT
A3clean_H_mask6_packed_b16,A3_PACKED,H,6,16,3,0.5306,blur,BLUR_100,"{""blur_sigma"": 1.0}",true,g.co,true,EXACT,true,g.co,true,EXACT
A3clean_H_mask6_packed_b16,A3_PACKED,H,6,16,3,0.5306,blur,BLUR_150,"{""blur_sigma"": 1.5}",true,g.co,true,EXACT,true,g.co,true,EXACT
A3clean_H_mask6_packed_b16,A3_PACKED,H,6,16,3,0.5306,blur,BLUR_200,"{""blur_sigma"": 2.0}",true,g.co,true,EXACT,true,g.co,true,EXACT
A3clean_H_mask6_packed_b16,A3_PACKED,H,6,16,3,0.5306,jpeg,JPEG_95,"{""jpeg_quality"": 95}",true,g.co,true,EXACT,true,g.co,true,EXACT
A3clean_H_mask6_packed_b16,A3_PACKED,H,6,16,3,0.5306,jpeg,JPEG_85,"{""jpeg_quality"": 85}",true,g.co,true,EXACT,true,g.co,true,EXACT
A3clean_H_mask6_packed_b16,A3_PACKED,H,6,16,3,0.5306,jpeg,JPEG_70,"{""jpeg_quality"": 70}",true,g.co,true,EXACT,true,g.co,true,EXACT
A3clean_H_mask6_packed_b16,A3_PACKED,H,6,16,3,0.5306,jpeg,JPEG_50,"{""jpeg_quality"": 50}",true,g.co,true,EXACT,true,g.co,true,EXACT
A3clean_H_mask6_packed_b16,A3_PACKED,H,6,16,3,0.5306,jpeg,JPEG_30,"{""jpeg_quality"": 30}",true,g.co,true,EXACT,true,g.co,true,EXACT
A3clean_H_mask6_packed_b16,A3_PACKED,H,6,16,3,0.5306,rotation,ROT_M10,"{""angle_deg"": -10, ""background"": ""white"", ""canvas"": ""expanded""}",true,g.co,true,EXACT,true,g.co,true,EXACT
A3clean_H_mask6_packed_b16,A3_PACKED,H,6,16,3,0.5306,rotation,ROT_M5,"{""angle_deg"": -5, ""background"": ""white"", ""canvas"": ""expanded""}",true,g.co,true,EXACT,true,g.co,true,EXACT
A3clean_H_mask6_packed_b16,A3_PACKED,H,6,16,3,0.5306,rotation,ROT_M2,"{""angle_deg"": -2, ""background"": ""white"", ""canvas"": ""expanded""}",true,g.co,true,EXACT,true,g.co,true,EXACT
A3clean_H_mask6_packed_b16,A3_PACKED,H,6,16,3,0.5306,rotation,ROT_P2,"{""angle_deg"": 2, ""background"": ""white"", ""canvas"": ""expanded""}",true,g.co,true,EXACT,true,g.co,true,EXACT
A3clean_H_mask6_packed_b16,A3_PACKED,H,6,16,3,0.5306,rotation,ROT_P5,"{""angle_deg"": 5, ""background"": ""white"", ""canvas"": ""expanded""}",true,g.co,true,EXACT,true,g.co,true,EXACT
A3clean_H_mask6_packed_b16,A3_PACKED,H,6,16,3,0.5306,rotation,ROT_P10,"{""angle_deg"": 10, ""background"": ""white"", ""canvas"": ""expanded""}",true,g.co,true,EXACT,true,g.co,true,EXACT
A3clean_H_mask6_packed_b16,A3_PACKED,H,6,16,3,0.5306,perspective,PERSP_02,"{""background"": ""white"", ""magnitude"": 0.02, ""variant"": ""quad""}",true,g.co,true,EXACT,true,g.co,true,EXACT
A3clean_H_mask6_packed_b16,A3_PACKED,H,6,16,3,0.5306,perspective,PERSP_05,"{""background"": ""white"", ""magnitude"": 0.05, ""variant"": ""quad""}",false,,false,NO_DETECTION,true,g.co,true,EXACT
A3clean_H_mask6_packed_b16,A3_PACKED,H,6,16,3,0.5306,perspective,PERSP_08,"{""background"": ""white"", ""magnitude"": 0.08, ""variant"": ""quad""}",false,,false,NO_DETECTION,true,g.co,true,EXACT
A3clean_H_mask6_packed_b16,A3_PACKED,H,6,16,3,0.5306,perspective,PERSP_12,"{""background"": ""white"", ""magnitude"": 0.12, ""variant"": ""quad""}",false,,false,NO_DETECTION,true,g.co,true,EXACT
A3clean_H_mask6_packed_b20,A3_PACKED,H,6,20,4,0.5397,pristine,PRISTINE,{},true,g.co,true,EXACT,true,g.co,true,EXACT
A3clean_H_mask6_packed_b20,A3_PACKED,H,6,20,4,0.5397,resize,RESIZE_8,"{""interpolation"": ""area-downscale"", ""module_pitch"": 8}",true,g.co,true,EXACT,true,g.co,true,EXACT
A3clean_H_mask6_packed_b20,A3_PACKED,H,6,20,4,0.5397,resize,RESIZE_6,"{""interpolation"": ""area-downscale"", ""module_pitch"": 6}",true,g.co,true,EXACT,true,g.co,true,EXACT
A3clean_H_mask6_packed_b20,A3_PACKED,H,6,20,4,0.5397,resize,RESIZE_4,"{""interpolation"": ""area-downscale"", ""module_pitch"": 4}",true,g.co,true,EXACT,true,g.co,true,EXACT
A3clean_H_mask6_packed_b20,A3_PACKED,H,6,20,4,0.5397,resize,RESIZE_3,"{""interpolation"": ""area-downscale"", ""module_pitch"": 3}",true,g.co,true,EXACT,true,g.co,true,EXACT
A3clean_H_mask6_packed_b20,A3_PACKED,H,6,20,4,0.5397,resize,RESIZE_2,"{""interpolation"": ""area-downscale"", ""module_pitch"": 2}",true,g.co,true,EXACT,true,g.co,true,EXACT
A3clean_H_mask6_packed_b20,A3_PACKED,H,6,20,4,0.5397,blur,BLUR_50,"{""blur_sigma"": 0.5}",true,g.co,true,EXACT,true,g.co,true,EXACT
A3clean_H_mask6_packed_b20,A3_PACKED,H,6,20,4,0.5397,blur,BLUR_100,"{""blur_sigma"": 1.0}",true,g.co,true,EXACT,true,g.co,true,EXACT
A3clean_H_mask6_packed_b20,A3_PACKED,H,6,20,4,0.5397,blur,BLUR_150,"{""blur_sigma"": 1.5}",true,g.co,true,EXACT,true,g.co,true,EXACT
A3clean_H_mask6_packed_b20,A3_PACKED,H,6,20,4,0.5397,blur,BLUR_200,"{""blur_sigma"": 2.0}",true,g.co,true,EXACT,true,g.co,true,EXACT
A3clean_H_mask6_packed_b20,A3_PACKED,H,6,20,4,0.5397,jpeg,JPEG_95,"{""jpeg_quality"": 95}",true,g.co,true,EXACT,true,g.co,true,EXACT
A3clean_H_mask6_packed_b20,A3_PACKED,H,6,20,4,0.5397,jpeg,JPEG_85,"{""jpeg_quality"": 85}",true,g.co,true,EXACT,true,g.co,true,EXACT
A3clean_H_mask6_packed_b20,A3_PACKED,H,6,20,4,0.5397,jpeg,JPEG_70,"{""jpeg_quality"": 70}",true,g.co,true,EXACT,true,g.co,true,EXACT
A3clean_H_mask6_packed_b20,A3_PACKED,H,6,20,4,0.5397,jpeg,JPEG_50,"{""jpeg_quality"": 50}",true,g.co,true,EXACT,true,g.co,true,EXACT
A3clean_H_mask6_packed_b20,A3_PACKED,H,6,20,4,0.5397,jpeg,JPEG_30,"{""jpeg_quality"": 30}",true,g.co,true,EXACT,true,g.co,true,EXACT
A3clean_H_mask6_packed_b20,A3_PACKED,H,6,20,4,0.5397,rotation,ROT_M10,"{""angle_deg"": -10, ""background"": ""white"", ""canvas"": ""expanded""}",true,g.co,true,EXACT,true,g.co,true,EXACT
A3clean_H_mask6_packed_b20,A3_PACKED,H,6,20,4,0.5397,rotation,ROT_M5,"{""angle_deg"": -5, ""background"": ""white"", ""canvas"": ""expanded""}",true,g.co,true,EXACT,true,g.co,true,EXACT
A3clean_H_mask6_packed_b20,A3_PACKED,H,6,20,4,0.5397,rotation,ROT_M2,"{""angle_deg"": -2, ""background"": ""white"", ""canvas"": ""expanded""}",true,g.co,true,EXACT,true,g.co,true,EXACT
A3clean_H_mask6_packed_b20,A3_PACKED,H,6,20,4,0.5397,rotation,ROT_P2,"{""angle_deg"": 2, ""background"": ""white"", ""canvas"": ""expanded""}",true,g.co,true,EXACT,true,g.co,true,EXACT
A3clean_H_mask6_packed_b20,A3_PACKED,H,6,20,4,0.5397,rotation,ROT_P5,"{""angle_deg"": 5, ""background"": ""white"", ""canvas"": ""expanded""}",true,g.co,true,EXACT,true,g.co,true,EXACT
A3clean_H_mask6_packed_b20,A3_PACKED,H,6,20,4,0.5397,rotation,ROT_P10,"{""angle_deg"": 10, ""background"": ""white"", ""canvas"": ""expanded""}",true,g.co,true,EXACT,true,g.co,true,EXACT
A3clean_H_mask6_packed_b20,A3_PACKED,H,6,20,4,0.5397,perspective,PERSP_02,"{""background"": ""white"", ""magnitude"": 0.02, ""variant"": ""quad""}",true,g.co,true,EXACT,true,g.co,true,EXACT
A3clean_H_mask6_packed_b20,A3_PACKED,H,6,20,4,0.5397,perspective,PERSP_05,"{""background"": ""white"", ""magnitude"": 0.05, ""variant"": ""quad""}",false,,false,NO_DETECTION,true,g.co,true,EXACT
A3clean_H_mask6_packed_b20,A3_PACKED,H,6,20,4,0.5397,perspective,PERSP_08,"{""background"": ""white"", ""magnitude"": 0.08, ""variant"": ""quad""}",false,,false,NO_DETECTION,true,g.co,true,EXACT
A3clean_H_mask6_packed_b20,A3_PACKED,H,6,20,4,0.5397,perspective,PERSP_12,"{""background"": ""white"", ""magnitude"": 0.12, ""variant"": ""quad""}",false,,false,NO_DETECTION,true,g.co,true,EXACT
A3clean_H_mask6_packed_b24,A3_PACKED,H,6,24,4,0.5488,pristine,PRISTINE,{},true,g.co,true,EXACT,true,g.co,true,EXACT
A3clean_H_mask6_packed_b24,A3_PACKED,H,6,24,4,0.5488,resize,RESIZE_8,"{""interpolation"": ""area-downscale"", ""module_pitch"": 8}",true,g.co,true,EXACT,true,g.co,true,EXACT
A3clean_H_mask6_packed_b24,A3_PACKED,H,6,24,4,0.5488,resize,RESIZE_6,"{""interpolation"": ""area-downscale"", ""module_pitch"": 6}",true,g.co,true,EXACT,true,g.co,true,EXACT
A3clean_H_mask6_packed_b24,A3_PACKED,H,6,24,4,0.5488,resize,RESIZE_4,"{""interpolation"": ""area-downscale"", ""module_pitch"": 4}",true,g.co,true,EXACT,true,g.co,true,EXACT
A3clean_H_mask6_packed_b24,A3_PACKED,H,6,24,4,0.5488,resize,RESIZE_3,"{""interpolation"": ""area-downscale"", ""module_pitch"": 3}",true,g.co,true,EXACT,true,g.co,true,EXACT
A3clean_H_mask6_packed_b24,A3_PACKED,H,6,24,4,0.5488,resize,RESIZE_2,"{""interpolation"": ""area-downscale"", ""module_pitch"": 2}",true,g.co,true,EXACT,true,g.co,true,EXACT
A3clean_H_mask6_packed_b24,A3_PACKED,H,6,24,4,0.5488,blur,BLUR_50,"{""blur_sigma"": 0.5}",true,g.co,true,EXACT,true,g.co,true,EXACT
A3clean_H_mask6_packed_b24,A3_PACKED,H,6,24,4,0.5488,blur,BLUR_100,"{""blur_sigma"": 1.0}",true,g.co,true,EXACT,true,g.co,true,EXACT
A3clean_H_mask6_packed_b24,A3_PACKED,H,6,24,4,0.5488,blur,BLUR_150,"{""blur_sigma"": 1.5}",true,g.co,true,EXACT,true,g.co,true,EXACT
A3clean_H_mask6_packed_b24,A3_PACKED,H,6,24,4,0.5488,blur,BLUR_200,"{""blur_sigma"": 2.0}",true,g.co,true,EXACT,true,g.co,true,EXACT
A3clean_H_mask6_packed_b24,A3_PACKED,H,6,24,4,0.5488,jpeg,JPEG_95,"{""jpeg_quality"": 95}",true,g.co,true,EXACT,true,g.co,true,EXACT
A3clean_H_mask6_packed_b24,A3_PACKED,H,6,24,4,0.5488,jpeg,JPEG_85,"{""jpeg_quality"": 85}",true,g.co,true,EXACT,true,g.co,true,EXACT
A3clean_H_mask6_packed_b24,A3_PACKED,H,6,24,4,0.5488,jpeg,JPEG_70,"{""jpeg_quality"": 70}",true,g.co,true,EXACT,true,g.co,true,EXACT
A3clean_H_mask6_packed_b24,A3_PACKED,H,6,24,4,0.5488,jpeg,JPEG_50,"{""jpeg_quality"": 50}",true,g.co,true,EXACT,true,g.co,true,EXACT
A3clean_H_mask6_packed_b24,A3_PACKED,H,6,24,4,0.5488,jpeg,JPEG_30,"{""jpeg_quality"": 30}",true,g.co,true,EXACT,true,g.co,true,EXACT
A3clean_H_mask6_packed_b24,A3_PACKED,H,6,24,4,0.5488,rotation,ROT_M10,"{""angle_deg"": -10, ""background"": ""white"", ""canvas"": ""expanded""}",true,g.co,true,EXACT,true,g.co,true,EXACT
A3clean_H_mask6_packed_b24,A3_PACKED,H,6,24,4,0.5488,rotation,ROT_M5,"{""angle_deg"": -5, ""background"": ""white"", ""canvas"": ""expanded""}",true,g.co,true,EXACT,true,g.co,true,EXACT
A3clean_H_mask6_packed_b24,A3_PACKED,H,6,24,4,0.5488,rotation,ROT_M2,"{""angle_deg"": -2, ""background"": ""white"", ""canvas"": ""expanded""}",true,g.co,true,EXACT,true,g.co,true,EXACT
A3clean_H_mask6_packed_b24,A3_PACKED,H,6,24,4,0.5488,rotation,ROT_P2,"{""angle_deg"": 2, ""background"": ""white"", ""canvas"": ""expanded""}",true,g.co,true,EXACT,true,g.co,true,EXACT
A3clean_H_mask6_packed_b24,A3_PACKED,H,6,24,4,0.5488,rotation,ROT_P5,"{""angle_deg"": 5, ""background"": ""white"", ""canvas"": ""expanded""}",true,g.co,true,EXACT,true,g.co,true,EXACT
A3clean_H_mask6_packed_b24,A3_PACKED,H,6,24,4,0.5488,rotation,ROT_P10,"{""angle_deg"": 10, ""background"": ""white"", ""canvas"": ""expanded""}",true,g.co,true,EXACT,true,g.co,true,EXACT
A3clean_H_mask6_packed_b24,A3_PACKED,H,6,24,4,0.5488,perspective,PERSP_02,"{""background"": ""white"", ""magnitude"": 0.02, ""variant"": ""quad""}",true,g.co,true,EXACT,true,g.co,true,EXACT
A3clean_H_mask6_packed_b24,A3_PACKED,H,6,24,4,0.5488,perspective,PERSP_05,"{""background"": ""white"", ""magnitude"": 0.05, ""variant"": ""quad""}",false,,false,NO_DETECTION,true,g.co,true,EXACT
A3clean_H_mask6_packed_b24,A3_PACKED,H,6,24,4,0.5488,perspective,PERSP_08,"{""background"": ""white"", ""magnitude"": 0.08, ""variant"": ""quad""}",false,,false,NO_DETECTION,true,g.co,true,EXACT
A3clean_H_mask6_packed_b24,A3_PACKED,H,6,24,4,0.5488,perspective,PERSP_12,"{""background"": ""white"", ""magnitude"": 0.12, ""variant"": ""quad""}",false,,false,NO_DETECTION,true,g.co,true,EXACT
A3clean_H_mask6_packed_b32,A3_PACKED,H,6,32,6,0.5669,pristine,PRISTINE,{},true,g.co,true,EXACT,true,g.co,true,EXACT
A3clean_H_mask6_packed_b32,A3_PACKED,H,6,32,6,0.5669,resize,RESIZE_8,"{""interpolation"": ""area-downscale"", ""module_pitch"": 8}",true,g.co,true,EXACT,true,g.co,true,EXACT
A3clean_H_mask6_packed_b32,A3_PACKED,H,6,32,6,0.5669,resize,RESIZE_6,"{""interpolation"": ""area-downscale"", ""module_pitch"": 6}",true,g.co,true,EXACT,true,g.co,true,EXACT
A3clean_H_mask6_packed_b32,A3_PACKED,H,6,32,6,0.5669,resize,RESIZE_4,"{""interpolation"": ""area-downscale"", ""module_pitch"": 4}",true,g.co,true,EXACT,true,g.co,true,EXACT
A3clean_H_mask6_packed_b32,A3_PACKED,H,6,32,6,0.5669,resize,RESIZE_3,"{""interpolation"": ""area-downscale"", ""module_pitch"": 3}",true,g.co,true,EXACT,true,g.co,true,EXACT
A3clean_H_mask6_packed_b32,A3_PACKED,H,6,32,6,0.5669,resize,RESIZE_2,"{""interpolation"": ""area-downscale"", ""module_pitch"": 2}",true,g.co,true,EXACT,true,g.co,true,EXACT
A3clean_H_mask6_packed_b32,A3_PACKED,H,6,32,6,0.5669,blur,BLUR_50,"{""blur_sigma"": 0.5}",true,g.co,true,EXACT,true,g.co,true,EXACT
A3clean_H_mask6_packed_b32,A3_PACKED,H,6,32,6,0.5669,blur,BLUR_100,"{""blur_sigma"": 1.0}",true,g.co,true,EXACT,true,g.co,true,EXACT
A3clean_H_mask6_packed_b32,A3_PACKED,H,6,32,6,0.5669,blur,BLUR_150,"{""blur_sigma"": 1.5}",true,g.co,true,EXACT,true,g.co,true,EXACT
A3clean_H_mask6_packed_b32,A3_PACKED,H,6,32,6,0.5669,blur,BLUR_200,"{""blur_sigma"": 2.0}",true,g.co,true,EXACT,true,g.co,true,EXACT
A3clean_H_mask6_packed_b32,A3_PACKED,H,6,32,6,0.5669,jpeg,JPEG_95,"{""jpeg_quality"": 95}",true,g.co,true,EXACT,true,g.co,true,EXACT
A3clean_H_mask6_packed_b32,A3_PACKED,H,6,32,6,0.5669,jpeg,JPEG_85,"{""jpeg_quality"": 85}",true,g.co,true,EXACT,true,g.co,true,EXACT
A3clean_H_mask6_packed_b32,A3_PACKED,H,6,32,6,0.5669,jpeg,JPEG_70,"{""jpeg_quality"": 70}",true,g.co,true,EXACT,true,g.co,true,EXACT
A3clean_H_mask6_packed_b32,A3_PACKED,H,6,32,6,0.5669,jpeg,JPEG_50,"{""jpeg_quality"": 50}",true,g.co,true,EXACT,true,g.co,true,EXACT
A3clean_H_mask6_packed_b32,A3_PACKED,H,6,32,6,0.5669,jpeg,JPEG_30,"{""jpeg_quality"": 30}",true,g.co,true,EXACT,true,g.co,true,EXACT
A3clean_H_mask6_packed_b32,A3_PACKED,H,6,32,6,0.5669,rotation,ROT_M10,"{""angle_deg"": -10, ""background"": ""white"", ""canvas"": ""expanded""}",true,g.co,true,EXACT,true,g.co,true,EXACT
A3clean_H_mask6_packed_b32,A3_PACKED,H,6,32,6,0.5669,rotation,ROT_M5,"{""angle_deg"": -5, ""background"": ""white"", ""canvas"": ""expanded""}",true,g.co,true,EXACT,true,g.co,true,EXACT
A3clean_H_mask6_packed_b32,A3_PACKED,H,6,32,6,0.5669,rotation,ROT_M2,"{""angle_deg"": -2, ""background"": ""white"", ""canvas"": ""expanded""}",true,g.co,true,EXACT,true,g.co,true,EXACT
A3clean_H_mask6_packed_b32,A3_PACKED,H,6,32,6,0.5669,rotation,ROT_P2,"{""angle_deg"": 2, ""background"": ""white"", ""canvas"": ""expanded""}",true,g.co,true,EXACT,true,g.co,true,EXACT
A3clean_H_mask6_packed_b32,A3_PACKED,H,6,32,6,0.5669,rotation,ROT_P5,"{""angle_deg"": 5, ""background"": ""white"", ""canvas"": ""expanded""}",true,g.co,true,EXACT,true,g.co,true,EXACT
A3clean_H_mask6_packed_b32,A3_PACKED,H,6,32,6,0.5669,rotation,ROT_P10,"{""angle_deg"": 10, ""background"": ""white"", ""canvas"": ""expanded""}",true,g.co,true,EXACT,true,g.co,true,EXACT
A3clean_H_mask6_packed_b32,A3_PACKED,H,6,32,6,0.5669,perspective,PERSP_02,"{""background"": ""white"", ""magnitude"": 0.02, ""variant"": ""quad""}",true,g.co,true,EXACT,true,g.co,true,EXACT
A3clean_H_mask6_packed_b32,A3_PACKED,H,6,32,6,0.5669,perspective,PERSP_05,"{""background"": ""white"", ""magnitude"": 0.05, ""variant"": ""quad""}",false,,false,NO_DETECTION,true,g.co,true,EXACT
A3clean_H_mask6_packed_b32,A3_PACKED,H,6,32,6,0.5669,perspective,PERSP_08,"{""background"": ""white"", ""magnitude"": 0.08, ""variant"": ""quad""}",false,,false,NO_DETECTION,true,g.co,true,EXACT
A3clean_H_mask6_packed_b32,A3_PACKED,H,6,32,6,0.5669,perspective,PERSP_12,"{""background"": ""white"", ""magnitude"": 0.12, ""variant"": ""quad""}",false,,false,NO_DETECTION,true,g.co,true,EXACT
A3clean_H_mask6_packed_b40,A3_PACKED,H,6,40,7,0.585,pristine,PRISTINE,{},true,g.co,true,EXACT,true,g.co,true,EXACT
A3clean_H_mask6_packed_b40,A3_PACKED,H,6,40,7,0.585,resize,RESIZE_8,"{""interpolation"": ""area-downscale"", ""module_pitch"": 8}",true,g.co,true,EXACT,true,g.co,true,EXACT
A3clean_H_mask6_packed_b40,A3_PACKED,H,6,40,7,0.585,resize,RESIZE_6,"{""interpolation"": ""area-downscale"", ""module_pitch"": 6}",true,g.co,true,EXACT,true,g.co,true,EXACT
A3clean_H_mask6_packed_b40,A3_PACKED,H,6,40,7,0.585,resize,RESIZE_4,"{""interpolation"": ""area-downscale"", ""module_pitch"": 4}",true,g.co,true,EXACT,true,g.co,true,EXACT
A3clean_H_mask6_packed_b40,A3_PACKED,H,6,40,7,0.585,resize,RESIZE_3,"{""interpolation"": ""area-downscale"", ""module_pitch"": 3}",true,g.co,true,EXACT,true,g.co,true,EXACT
A3clean_H_mask6_packed_b40,A3_PACKED,H,6,40,7,0.585,resize,RESIZE_2,"{""interpolation"": ""area-downscale"", ""module_pitch"": 2}",true,g.co,true,EXACT,true,g.co,true,EXACT
A3clean_H_mask6_packed_b40,A3_PACKED,H,6,40,7,0.585,blur,BLUR_50,"{""blur_sigma"": 0.5}",true,g.co,true,EXACT,true,g.co,true,EXACT
A3clean_H_mask6_packed_b40,A3_PACKED,H,6,40,7,0.585,blur,BLUR_100,"{""blur_sigma"": 1.0}",true,g.co,true,EXACT,true,g.co,true,EXACT
A3clean_H_mask6_packed_b40,A3_PACKED,H,6,40,7,0.585,blur,BLUR_150,"{""blur_sigma"": 1.5}",true,g.co,true,EXACT,true,g.co,true,EXACT
A3clean_H_mask6_packed_b40,A3_PACKED,H,6,40,7,0.585,blur,BLUR_200,"{""blur_sigma"": 2.0}",true,g.co,true,EXACT,true,g.co,true,EXACT
A3clean_H_mask6_packed_b40,A3_PACKED,H,6,40,7,0.585,jpeg,JPEG_95,"{""jpeg_quality"": 95}",true,g.co,true,EXACT,true,g.co,true,EXACT
A3clean_H_mask6_packed_b40,A3_PACKED,H,6,40,7,0.585,jpeg,JPEG_85,"{""jpeg_quality"": 85}",true,g.co,true,EXACT,true,g.co,true,EXACT
A3clean_H_mask6_packed_b40,A3_PACKED,H,6,40,7,0.585,jpeg,JPEG_70,"{""jpeg_quality"": 70}",true,g.co,true,EXACT,true,g.co,true,EXACT
A3clean_H_mask6_packed_b40,A3_PACKED,H,6,40,7,0.585,jpeg,JPEG_50,"{""jpeg_quality"": 50}",true,g.co,true,EXACT,true,g.co,true,EXACT
A3clean_H_mask6_packed_b40,A3_PACKED,H,6,40,7,0.585,jpeg,JPEG_30,"{""jpeg_quality"": 30}",true,g.co,true,EXACT,true,g.co,true,EXACT
A3clean_H_mask6_packed_b40,A3_PACKED,H,6,40,7,0.585,rotation,ROT_M10,"{""angle_deg"": -10, ""background"": ""white"", ""canvas"": ""expanded""}",true,g.co,true,EXACT,true,g.co,true,EXACT
A3clean_H_mask6_packed_b40,A3_PACKED,H,6,40,7,0.585,rotation,ROT_M5,"{""angle_deg"": -5, ""background"": ""white"", ""canvas"": ""expanded""}",true,g.co,true,EXACT,true,g.co,true,EXACT
A3clean_H_mask6_packed_b40,A3_PACKED,H,6,40,7,0.585,rotation,ROT_M2,"{""angle_deg"": -2, ""background"": ""white"", ""canvas"": ""expanded""}",true,g.co,true,EXACT,true,g.co,true,EXACT
A3clean_H_mask6_packed_b40,A3_PACKED,H,6,40,7,0.585,rotation,ROT_P2,"{""angle_deg"": 2, ""background"": ""white"", ""canvas"": ""expanded""}",true,g.co,true,EXACT,true,g.co,true,EXACT
A3clean_H_mask6_packed_b40,A3_PACKED,H,6,40,7,0.585,rotation,ROT_P5,"{""angle_deg"": 5, ""background"": ""white"", ""canvas"": ""expanded""}",true,g.co,true,EXACT,true,g.co,true,EXACT
A3clean_H_mask6_packed_b40,A3_PACKED,H,6,40,7,0.585,rotation,ROT_P10,"{""angle_deg"": 10, ""background"": ""white"", ""canvas"": ""expanded""}",true,g.co,true,EXACT,true,g.co,true,EXACT
A3clean_H_mask6_packed_b40,A3_PACKED,H,6,40,7,0.585,perspective,PERSP_02,"{""background"": ""white"", ""magnitude"": 0.02, ""variant"": ""quad""}",true,g.co,true,EXACT,true,g.co,true,EXACT
A3clean_H_mask6_packed_b40,A3_PACKED,H,6,40,7,0.585,perspective,PERSP_05,"{""background"": ""white"", ""magnitude"": 0.05, ""variant"": ""quad""}",false,,false,NO_DETECTION,true,g.co,true,EXACT
A3clean_H_mask6_packed_b40,A3_PACKED,H,6,40,7,0.585,perspective,PERSP_08,"{""background"": ""white"", ""magnitude"": 0.08, ""variant"": ""quad""}",false,,false,NO_DETECTION,true,g.co,true,EXACT
A3clean_H_mask6_packed_b40,A3_PACKED,H,6,40,7,0.585,perspective,PERSP_12,"{""background"": ""white"", ""magnitude"": 0.12, ""variant"": ""quad""}",false,,false,NO_DETECTION,true,g.co,true,EXACT
